QuestionID,RefIndex,Citation,MatchScore
Q2025-001,1,"Stone EG, Morton SC, Hulscher ME, et al. Interventions that increase use of adult immunization and cancer screening services: a meta-analysis. Ann Intern Med. 2002;136(9):641-651.",1.0
Q2025-001,2,"Alam Z, Cairns JM, Scott M, Dean JA, Janda M. Interventions to increase cervical screening uptake among immigrant women: a systematic review and meta-analysis. PLoS One. 2023;18(6):e0281976.",1.0
Q2025-002,1,American Diabetes Association Professional Practice Committee. 3. Prevention or delay of diabetes and associated comorbidities: standards of care in diabetes�2025. Diabetes Care. 2025;48(Supplement_1):S50-S58.,1.0
Q2025-003,1,"Silver S, Williams E, Plunkett ML. Common foot fractures. Am Fam Physician. 2024;109(2):119-129.",0.994
Q2025-004,1,"Evans L, Rhodes A, Alhazzani W, et al. Surviving Sepsis Campaign: international guidelines for management of sepsis and septic shock 2021. Critical Care Medicine. 2021;49(11):e1063-e1143.",1.0
Q2025-005,1,"De Leo S, Lee SY, Braverman LE. Hyperthyroidism. Lancet. 2016;388(10047):906-918.",1.0
Q2025-005,2,"Ross DS, Burch HB, Cooper DS, et al. 2016 American Thyroid Association guidelines for diagnosis and management of hyperthyroidism and other causes of thyrotoxicosis. Thyroid. 2016;26(10):1343-1421.",1.0
Q2025-005,3,"Lee SY, Modzelewski KL, Law AC, Walkey AJ, Pearce EN, Bosch NA. Comparison of propylthiouracil vs methimazole for thyroid storm in critically ill patients. JAMA Netw Open. 2023;6(4):e238655.",1.0
Q2025-006,1,"Karuppiah S, Pomianowski K. Rifaximin (Xifaxan) for irritable bowel syndrome. Am Fam Physician. 2017;95(4):258-259.",0.994
Q2025-006,2,"Chang L, Sultan S, Lembo A, Verne GN, Smalley W, Heidelbaugh JJ. AGA clinical practice guideline on the pharmacologic management of irritable bowel syndrome with constipation. Gastroenterology. 2022;163(1):118-136.",0.994
Q2025-006,3,Arnold MJ. Medications for irritable bowel syndrome: guidelines from the AGA. Am Fam Physician. 2023;108(5):527-529.,0.994
Q2025-006,4,"Lembo A, Sultan S, Chang L, Heidelbaugh JJ, Smalley W, Verne GN. AGA clinical practice guideline on the pharmacological management of irritable bowel syndrome with diarrhea. Gastroenterology. 2022;163(1)137-151.",0.994
Q2025-007,1,"Bragg S, Marrison ST, Haley S. Diabetic peripheral neuropathy: prevention and treatment. Am Fam Physician. 2024;109(3):226-232.",1.0
Q2025-008,1,"Hu JS, Pierre EF. Urinary incontinence in women: evaluation and management. Am Fam Physician. 2019;100(6):339-348.",1.0
Q2025-009,1,"Liu XG, Hou Y, Hou M. How we treat primary immune thrombocytopenia in adults. J Hematol Oncol. 2023;16(4).",1.0
Q2025-009,2,"Gauer RL, Whitaker DJ. Thrombocytopenia: evaluation and management. Am Fam Physician. 2022;106(3):288-298.",1.0
Q2025-010,1,"Lucas GM, Ross MJ, Stock PG, et al. Clinical practice guideline for the management of chronic kidney disease in patients infected with HIV: 2014 update by the HIV Medicine Association of the Infectious Diseases Society of America. Clin Infect Dis. 2014;59(9):e96�e138.",1.0
Q2025-010,2,"Grundy SM, Stone NJ, Bailey AL, et al. 2018 AHA/ACC/AACVPR/AAPA/ABC/ACPM/ADA/AGS/APhA/ASPC/NLA/PCNA guideline on the management of blood cholesterol: a report of the American College of Cardiology/American Heart Association Task Force on Clinical Practice Guidelines. J Am Coll Cardiol. 2019;73(24):e285-e350.",1.0
Q2025-010,3,"Chu C, Pollock LC, Selwyn PA. HIV-associated complications: a systems-based approach. Am Fam Physician. 2017;96(3):161-169.",1.0
Q2025-010,4,"Saag MS. HIV infection � screening, diagnosis, and treatment. N Engl J Med. 2021;384(22):2131-2143.",1.0
Q2025-011,1,"Gulati M, Levy PD, Mukherjee D, et al. 2021 AHA/ACC/ASE/CHEST/SAEM/SCCT/SCMR guideline for the evaluation and diagnosis of chest pain: a report of the American College of Cardiology/American Heart Association Joint Committee on Clinical Practice Guidelines. Circulation. 2021;144(22):e368-e454.",1.0
Q2025-012,1,"Poorman E, McQuade BM, Messmer S. Medications for alcohol use disorder. Am Fam Physician. 2024;109(1):71-78.",1.0
Q2025-013,1,"Lawley LP, Cheeley JT, Swerlick RA. Eczema, psoriasis, cutaneous infections, acne, and other common skin disorders. In: Loscalzo J, Kasper DL, Longo DL, Fauci AS, Hauser SL, Jameson JL, eds. Harrison's Principles of Internal Medicine. Volume I. 21st ed. McGraw Hill; 2022:375-376.",1.0
Q2025-013,2,"Dinulos JGH. Contact dermatitis and patch testing. In: Dinulos JGH, ed. Habif's Clinical Dermatology: A Color Guide to Diagnosis and Therapy. 7th ed. Elsevier; 2021:128-135.",1.0
Q2025-013,3,"Weinberg L, Malani PN. Poison ivy, poison oak, and poison sumac. JAMA. 2024;331(21):1872.",1.0
Q2025-014,1,"Mazzone PJ, Lam L. Evaluating the patient with a pulmonary nodule: a review. JAMA. 2022;327(3):264-273.",1.0
Q2025-014,2,"MacMahon H, Naidich DP, Goo JM, et al. Guidelines for management of incidental pulmonary nodules detected on CT images: from the Fleischner Society 2017. Radiology. 2017;284(1):228-243.",1.0
Q2025-015,1,"Wilkins T, Wheeler B, Carpenter M. Upper gastrointestinal bleeding in adults: evaluation and management. Am Fam Physician. 2020;101(5):294-300.",1.0
Q2025-016,1,"Clark MB, Keels MA, Slayton RL; Section on Oral Health. Fluoride use in caries prevention in the primary care setting. Pediatrics. 2020;146(6):e2020034637.",1.0
Q2025-017,1,"Reich SG, Savitt JM. Parkinson's disease. Med Clin North Am. 2019;103(2):337-350.",1.0
Q2025-017,2,"Halli-Tierney AD, Luker J, Carroll DG. Parkinson disease. Am Fam Physician. 2020;102(11):679-691.",1.0
Q2025-017,3,"Armstrong MJ, Okun MS. Diagnosis and treatment of Parkinson disease: a review. JAMA. 2020;323(6):548-560.",1.0
Q2025-018,1,"Tritos NA, Miller KK. Diagnosis and management of pituitary adenomas: a review. JAMA. 2023;329(16):1386.",1.0
Q2025-019,1,American College of Obstetricians and Gynecologists' Committee on Practice Bulletins� Gynecology. ACOG Practice Bulletin No. 141: management of menopausal symptoms. Obstet Gynecol 2014;123(1):202-216.,1.0
Q2025-019,2,"Pinkerton JV, S�nchez Aguirre F, Blake J, et al; North American Menopause Society 2017 Hormone Therapy Position Statement Advisory Panel. The 2017 hormone therapy position statement of the North American Menopause Society. Menopause. 2017;24(7):728-753.",1.0
Q2025-020,1,"Wiser Z, Gauer R. Approaches to a patient with anemia who is refusing a blood transfusion. Am Fam Physician. 2024;109(1):online.",1.0
Q2025-021,1,Seikaly H. Epistaxis. N Engl J Med. 2021;384(10):944-951.,0.994
Q2025-022,1,"Virani SS, Newby LK, Arnold SV, et al. 2023 AHA/ACC/ACCP/ASPC/NLA/PCNA guideline for the management of patients with chronic coronary disease: a report of the American Heart Association/American College of Cardiology Joint Committee on clinical practice guidelines. J Am Coll Cardiol. 2023;82(9):833-955.",0.994
Q2025-023,1,"Vargas I, Nguyen AM, Muench A, Bastien CH, Ellis JG, Perlis ML. Acute and chronic insomnia: what has time and/or hyperarousal got to do with it? Brain Sci. 2020;10(2):71.",0.994
Q2025-024,1,"Wilson SA, Stem LA, Bruehlman RD. Hypothyroidism: diagnosis and treatment. Am Fam Physician. 2021;103(10):605-613.",0.994
Q2025-025,1,"Wouk N, Helton M. Abnormal uterine bleeding in premenopausal women. Am Fam Physician. 2019;99(7):435-443.",1.0
Q2025-026,1,"Frazier W, Zemtsov RK, Ge Y. Rosacea: common questions and answers. Am Fam Physician. 2024;109(6):533-542.",1.0
Q2025-026,2,"Searle T, Al-Niaimi F, Ali FR. Rosacea. Br J Hosp Med. 2021;82(2):1-8.",1.0
Q2025-027,1,"Final recommendation statement: cervical cancer: screening. US Preventive Services Task Force. Updated August 21, 2018.",1.0
Q2025-028,1,"Norris DR, Clark MS. The suicidal patient: evaluation and management. Am Fam Physician. 2021;103(7):417-421.",1.0
Q2025-028,2,Buelt A. Management of major depression: guidelines from the VA/DoD. Am Fam Physician. 2023;107(3):323-325.,1.0
Q2025-028,3,"Marzani G, Price Neff A. Bipolar disorders: evaluation and treatment. . 2021;103(4);227�239.",1.0
Q2025-028,4,"Gaddey HL, Mason B, Naik A. Depression: managing resistance and partial response to treatment. Am Fam Physician. 2024;109(5):410-416.",1.0
Q2025-029,1,"Sullivan BA, Lieberman DA. Colon polyp surveillance: separating the wheat from the chaff. Gastroenterology. 2024;166(5):743-757.",0.989
Q2025-029,2,"Dornblaser D, Young S, Shaukat A. Colon polyps: updates in classification and management. Curr Opin Gastroenterol. 2024;40(1):14-20.",0.989
Q2025-029,3,"Gupta S, Lieberman D, Anderson JC, et al. Recommendations for follow-up after colonoscopy and polypectomy: a consensus update by the US Multi-Society Task Force on Colorectal Cancer. Gastroenterology. 2020;158(4):1131-1153.e5.",0.989
Q2025-029,4,Ford B. Colonoscopy follow-up: U.S. Multi-Society Task Force on Colorectal Cancer Updates recommendations. Am Fam Physician. 2021;103(5):314-316.,0.989
Q2025-030,1,"Wheeler V, Hoffman A, Bybel M. Cervical ripening and induction of labor. Am Fam Physician. 2022;105(2):177-186.",1.0
Q2025-030,2,"Grobman WA, Rice MM, Reddy UM, et al. Labor induction versus expectant management in low-risk nulliparous women. N Engl J Med. 2018;379(6):513-523.",1.0
Q2025-030,3,"American College of Obstetricians and Gynecologists; Torbenson VE, Caughey AB, Hoang M, Saposnik SR. Management of full-term nulliparous individuals without a medical indication for delivery: ACOG clinical practice update. Obstet Gynecol. 2025;145(1):e45�e50.",1.0
Q2025-031,1,Arnold MJ. Hip osteoarthritis: guidelines from the American Academy of Orthopaedic Surgeons. Am Fam Physician. 2025;111(1):90-91.,1.0
Q2025-031,2,"Nandi S, Hannon CP, Fillingham Y. 2023 American Academy of Orthopaedic Surgeons management of osteoarthritis of the hip evidence-based clinical practice guideline: case studies. J Am Acad Orthop Surg. 2025;33(4):e220-e223.",1.0
Q2025-031,3,"Alkaramany E, Murshid A, Alhaneedi GA. Appropriateness of hip osteoarthritis management in clinical practice compared with the American Academy of Orthopaedic Surgeons (AAOS) criteria. Int Orthop. 2021;45(11):2805-2810.",1.0
Q2025-032,1,"Sealy D, Tiller RJ, Johnson K. Transient global amnesia. Am Fam Physician. 2022;105(1):50�54.",1.0
Q2025-032,2,Ropper AH. Transient global amnesia. N Engl J Med. 2023;388(7):635-640.,1.0
Q2025-033,1,"Pace EJ, O�Reilly M. Tickborne diseases: diagnosis and management. Am Fam Physician. 2020;101(9):530-540.",1.0
Q2025-034,1,"Shingles vaccine recommendations. Centers for Disease Control and Prevention. Updated October 22, 2024.",0.994
Q2025-035,1,"Pflipsen M, Massaquoi M, Wolf S. Evaluation of the painful eye. Am Fam Physician. 2016;93(12):991-998.",1.0
Q2025-035,2,"Pelletier J, Koyfman A, Long B. High risk and low prevalence diseases: orbital cellulitis. Am J Emerg Med. 2023;68:1-9.",1.0
Q2025-036,1,"Stevens SM, Woller SC, Baumann Kreuziger L, et al. Antithrombotic therapy for VTE disease: compendium and review of CHEST guidelines 2012-2021. Chest. 2024;166(2):388-404.",1.0
Q2025-037,1,"Lam JC, Stokes W. Acute and chronic prostatitis. Am Fam Physician. 2024;110(1):45-51.",1.0
Q2025-037,2,Dickson G. Prostatitis--diagnosis and treatment. Aust Fam Physician. 2013;42(4):216-219.,1.0
Q2025-037,3,"Holt JD, Garrett WA, McCurry TK, Teichman JM. Common questions about chronic prostatitis. Am Fam Physician. 2016;93(4):290-296.",1.0
Q2025-038,1,"Kosowsky JM, Harbison Kimberly H. Pleural disease. In: Walls RM, Hockberger RS, Gausche-Hill M, et al, eds. Rosen�s Emergency Medicine: Concepts and Clinical Practice. Vol 1. 9th ed. Elsevier; 2018:881-885.",1.0
Q2025-038,2,"Brown SGA, Ball EL, Perrin K, et al. Conservative versus interventional treatment for spontaneous pneumothorax. N Engl J Med. 2020;382(5):405-415.",1.0
Q2025-039,1,Rice SG; American Academy of Pediatrics Council on Sports Medicine and Fitness. Medical conditions affecting sports participation. Pediatrics. 2008;121(4):841-848.,1.0
Q2025-039,2,"Bernhardt DT, Roberts WO, eds; American Academy of Family Physicians. PPE: Preparticipation Physical Evaluation. 5th ed. American Academy of Pediatrics; 2019.",1.0
Q2025-040,1,"Basura GJ, Adams ME, Monfared A, et al. Clinical practice guideline: Meniere's Disease Executive Summary. Otolaryngol Head Neck Surg. 2020;162(4):415-434.",1.0
Q2025-040,2,"Webster KE, Galbraith K, Harrington-Benton NA, et al. Systemic pharmacological interventions for Meniere's disease. Cochrane Database Syst Rev. 2023;2(2):CD015171.",1.0
Q2025-040,3,"Rogers TS, Noel MA, Garcia B. Dizziness: evaluation and management. Am Fam Physician. 2023;107(5):514-523.",1.0
Q2025-040,4,"Webster KE, George B, Lee A, et al. Lifestyle and dietary interventions for Meniere's disease. Cochrane Database Syst Rev. 2023;(2):CD015244.",1.0
Q2025-042,1,"Kim MJ, Farrell J. Orthostatic hypotension: a practical approach. Am Fam Physician. 2022;105(1):39-49.",1.0
Q2025-042,2,"Palma JA, Kaufmann H. Management of orthostatic hypotension. Continuum. 2020;26(1):154-177.",1.0
Q2025-043,1,"Powers AC, Fowler MJ, Rickels MR. Diabetes mellitus: management and therapies. In: Loscalzo J, Fauci AS, Kasper DL, Hauser SL, Longo DL, Jameson JL. Harrison's Principles of Internal Medicine. 21st ed. Vol 2. McGraw-Hill; 2022:3104-3120.",1.0
Q2025-043,2,"Veauthier B, Levy-Grau B. Diabetic ketoacidosis: evaluation and treatment. Am Fam Physician. 2024;110(5):476-486.",1.0
Q2025-044,1,"Sartor Z, Kelley L, Laschober R. Posttraumatic stress disorder: evaluation and treatment. Am Fam Physician. 2023;107(3):273-281.",0.978
Q2025-045,1,"Smith TJ, Johnson CR, Koshy R, et al. Thiamine deficiency disorders: a clinical perspective. Ann N Y Acad Sci. 2021;1498(1):9-28.",0.989
Q2025-045,2,"Wilson RB. Pathophysiology, prevention, and treatment of beriberi after gastric surgery. Nutr Rev. 2020;78(12):1015-1029.",0.989
Q2025-045,3,"Williams AL, Bevan J, Arnold MJ. Lyme disease: updated recommendations from the IDSA, AAN, and ACR. Am Fam Physician. 2021;104(6):652-654.",0.989
Q2025-045,4,"Latimer KM, Gunther A, Kopec M. Fatigue in adults: evaluation and management. Am Fam Physician. 2023;108(1):58-69.",0.989
Q2025-045,5,"Ricco J, Westby A. Syphilis: far from ancient history. Am Fam Physician. 2020;102(2):91-98.",0.989
Q2025-046,1,"Taljanovic MS, Chang EY, Ha AS, et al. ACR appropriateness criteria acute trauma to the knee. Journal of the American College of Radiology. 2020;17(5):S12-S25.",0.994
Q2025-046,2,"Sims JI, Chau MT, Davies JR. Diagnostic accuracy of the Ottawa Knee Rule in adult acute knee injuries: a systematic review and meta-analysis. Eur Radiol. 2020;30(8):4438-4446.",0.994
Q2025-047,1,"Clinical care of Rocky Mountain spotted fever. Centers for Disease Control and Prevention. Reviewed March 6, 2025.",1.0
Q2025-048,1,"Lindor KD, Bowlus CL, Boyer J, Levy C, Mayo M. Primary biliary cholangitis: 2021 practice guidance update from the American Association for the Study of Liver Diseases. Hepatology. 2022;75(4):1012-1013.",1.0
Q2025-048,2,"Bowlus CL, Arriv� L, Bergquist A, et al. AASLD practice guidance on primary sclerosing cholangitis and cholangiocarcinoma. Hepatology. 2023;77(2):659-702.",1.0
Q2025-049,1,"Marzani G, Price Neff A. Bipolar disorders: evaluation and treatment. Am Fam Physician. 2021;103(4):227-239.",1.0
Q2025-050,1,"Henderson JT, Vesco KK, Senger CA, Thomas RG, Redmond N. Aspirin Use to Prevent Preeclampsia and Related Morbidity and Mortality. Agency for Healthcare Research and Quality (US); 2021.",1.0
Q2025-050,2,American College of Obstetricians and Gynecologists' Committee on Obstetric Practice; Society for Maternal-Fetal Medicine. ACOG Committee Opinion No. 743: low-dose aspirin use during pregnancy. Obstet Gynecol. 2018;132(1):254-256.,1.0
Q2025-051,1,"Werring DJ, Dehbi HM, Ahmed N, et al. Optimal timing of anticoagulation after acute ischaemic stroke with atrial fibrillation (OPTIMAS): a multicentre, blinded-endpoint, phase 4, randomised controlled trial. Lancet. 2024:S0140-6736(24)02197-4.",1.0
Q2025-051,2,"Kleindorfer DO, Towfighi A, Chaturvedi S, et al. 2021 guideline for the prevention of stroke in patients with stroke and transient ischemic attack: a guideline from the American Heart Association/American Stroke Association. Stroke. 2021;52(7):e364-e467.",1.0
Q2025-052,1,"Damluji AA, van Diepen S, Katz JN, et al; American Heart Association Council on Clinical Cardiology; Council on Arteriosclerosis, Thrombosis and Vascular Biology; Council on Cardiovascular Surgery and Anesthesia; Council on Cardiovascular and Stroke Nursing. Mechanical complications of acute myocardial infarction: a scientific statement from the American Heart Association. Circulation. 2021;144(2):e16-e35.",1.0
Q2025-052,2,"Frampton J, Ortengren AR, Zeitler EP. Arrhythmias after acute myocardial infarction. Yale J Biol Med. 2023;96(1):83-94.",1.0
Q2025-053,1,Global Initiative for Asthma. Global Strategy for Asthma Management and Prevention (2024 Update). Updated May 2024.,0.994
Q2025-054,1,"Rathjen NA, Shahbodaghi SD. The ill returning traveler. Am Fam Physician. 2023;108(4):396-403.",1.0
Q2025-055,1,"Perkins A, Trimmier M. Recreational waterborne illnesses: recognition, treatment, and prevention. Am Fam Physician. 2017;95(9):554-560.",1.0
Q2025-056,1,"Alexander V, Benjamin SJ, Subramani K, Sathyendra S, Goel A. Acute liver failure in pregnancy. Indian J Gastroenterol. 2024;43(2):325-337.",1.0
Q2025-056,2,"Terrault NA, Williamson C. Pregnancy-associated liver diseases. Gastroenterology. 2022;163(1):97-117.e1.",1.0
Q2025-057,1,"Levey AS, Eckardt KU, Dorman NM, et al. Nomenclature for kidney function and disease: report of a Kidney Disease: Improving Global Outcomes (KDIGO) Consensus Conference. Kidney Int. 2020;97(6):1117-1129.",1.0
Q2025-057,2,"Goodbred AJ, Langan RC. Chronic kidney disease: prevention, diagnosis, and treatment. Am Fam Physician. 2023;108(6):554-561.",1.0
Q2025-058,1,"Darby JB, Jackson JM. Kawasaki disease and multisystem inflammatory syndrome in children: an overview and comparison. Am Fam Physician. 2021;104(3):244-252.",1.0
Q2025-059,1,"Final recommendation statement: BRCA-related cancer: risk assessment, genetic counseling, and genetic testing. US Preventive Services Task Force. Updated August 20, 2019.",1.0
Q2025-060,1,American College of Obstetricians and Gynecologists' Committee on Practice Bulletins-Obstetrics. ACOG Practice Bulletin No. 187: neural tube defects. Obstet Gynecol. 2017;130(6):e279-e290.,0.994
Q2025-060,2,"Folic acid: facts for clinicians. Centers for Disease Control and Prevention. Reviewed May 20, 2025.",0.994
Q2025-060,3,"Final recommendation statement: folic acid supplementation to prevent neural tube defects: preventive medication. US Preventive Services Task Force. Updated August 1, 2023.",0.994
Q2025-061,1,"FitzGerald JD, Dalbeth N, Mikuls T, et al. 2020 American College of Rheumatology guideline for the management of gout. Arthritis Care Res. 2020;72(6):744-760.",1.0
Q2025-062,1,"Carabello BA, Kodali S. Valvular heart disease. In: Goldman L, Cooney KA, eds. Goldman-Cecil Medicine. 27th ed. Vol. 1. Elsevier; 2024:400-406.",1.0
Q2025-062,2,"Grimard BH, Safford RE, Burns EL. Aortic stenosis: diagnosis and treatment. Am Fam Physician. 2016;93(5):371-378.",1.0
Q2025-063,1,"Weaver-Agostoni J, Kosak Z, Bartlett S. Allergic rhinitis: rapid evidence review. Am Fam Physician. 2023;107(5):466-473.",1.0
Q2025-064,1,"Williams T, Moore JB, Regehr J. Polycystic ovary syndrome: common questions and answers. Am Fam Physician. 2023;107(3):264-272.",1.0
Q2025-064,2,"Nelson M, LaRouche V. Polycystic ovary syndrome: assessment and management guidelines. Am Fam Physician. 2024;110(5):547-548.",1.0
Q2025-065,1,"Muncie HL, Sirmans SM, James E. Dizziness: approach to evaluation and management. Am Fam Physician. 2017;95(3):154-162.",1.0
Q2025-065,2,"Rogers TS, Noel MA, Garcia B. Dizziness: evaluation and management. Am Fam Physician. 2023;107(5):514-523.",1.0
Q2025-066,1,"Erlandson M, Wertz MC, Rosenfeld E. Common skin conditions during pregnancy. Am Fam Physician. 2023;107(2):152-158.",1.0
Q2025-067,1,"Halken S, Muraro A, de Silva D, et al; European Academy of Allergy and Clinical Immunology Food Allergy and Anaphylaxis Guidelines Group. EAACI guideline: preventing the development of food allergy in infants and young children (2020 update). Pediatr Allergy Immunol. 2021;32(5):843-858.",0.994
Q2025-067,2,"Bright DM, Stegall HL, Slawson DC. Food allergies: diagnosis, treatment, and prevention. Am Fam Physician. 2023;108(2):159-165.",0.994
Q2025-068,1,"Farahi N, McEachern M. Sexual assault of women. Am Fam Physician. 2021;103(3):168�176.",1.0
Q2025-069,1,"Hofmeister S, Bodden S. Premenstrual syndrome and premenstrual dysphoric disorder. Am Fam Physician. 2016;94(3):236-240.",0.994
Q2025-069,2,"Cary E, Simpson P. Premenstrual disorders and PMDD -a review. Best Pract Res Clin Endocrinol Metab. 2024;38(1):101858.",0.994
Q2025-070,1,"Harris K, Zagar CA, Lawrence KV. Osteoporosis: common questions and answers. Am Fam Physician. 2023;107(3):238-246.",0.983
Q2025-071,1,Hasbun R. Progress and challenges in bacterial meningitis: a review. JAMA. 2022;328(21):2147-2154.,1.0
Q2025-071,2,"Mount HR, Boyle SD. Aseptic and bacterial meningitis: evaluation, treatment, and prevention. Am Fam Physician. 2017;96(5):314-322.",1.0
Q2025-071,3,"Ajdukiewicz KM, Cartwright KE, Scarborough M, et al. Glycerol adjuvant therapy in adults with bacterial meningitis in a high HIV seroprevalence setting in Malawi: a double-blind, randomised controlled trial. Lancet Infect Dis. 2011;11(4):293-300.",1.0
Q2025-071,4,"Brouwer MC, McIntyre P, Prasad K, van de Beek D. Corticosteroids for acute bacterial meningitis. Cochrane Database Syst Rev. 2015;2015(9):CD004405.",1.0
Q2025-072,1,"Kroch DA, Madanick RD. Medical treatment of gastroesophageal reflux disease. World J Surg. 2017;41(7):1678-1684.",1.0
Q2025-072,2,"Clayton S, Emerson JF. Eosinophilic esophagitis: a mimic of gastroesophageal reflux disease. Am Fam Physician. 2018;97(10):628-629.",1.0
Q2025-072,3,"Mohamed AA, Lu XL, Mounmin FA. Diagnosis and treatment of esophageal candidiasis: current updates. Can J Gastroenterol Hepatol. 2019;2019:3585136.",1.0
Q2025-072,4,"Gmez-Aldana A, Jaramillo-Santos M, Delgado A, Jaramillo C, Luez-Mindiola A. Eosinophilic esophagitis: current concepts in diagnosis and treatment. World J Gastroenterol. 2019;25(32):4598-4613.",1.0
Q2025-072,5,Arnold MJ. Eosinophilic esophagitis: management guidelines from the AGA and JTF. Am Fam Physician. 2021;103(9):573-574.,1.0
Q2025-073,1,"Farraye FA, Melmed GY, Lichtenstein GR, Kane SV. ACG clinical guideline: preventive care in inflammatory bowel disease. Am J Gastroenterol. 2017;112(2):241-258.",1.0
Q2025-073,2,"Kobayashi M, Pilishvili T, Farrar JL, et al. Pneumococcal vaccine for adults aged =19 years: recommendations of the Advisory Committee on Immunization Practices, United States, 2023. MMWR Recomm Rep. 2023;72(3):1-39.v",1.0
Q2025-074,1,"Michels A, Michels N. Addison disease: early detection and treatment principles. Am Fam Physician. 2014;89(7):563-568.",1.0
Q2025-074,2,"Bornstein SR, Allolio B, Arlt W, et al. Diagnosis and treatment of primary adrenal insufficiency: an Endocrine Society clinical practice guideline. J Clin Endocrinol Metab. 2016;101(2):364-389.",1.0
Q2025-075,1,"Runser LA, Gauer RL, Houser A. Syncope: evaluation and differential diagnosis. Am Fam Physician. 2017;95(5):303-312B.",1.0
Q2025-076,1,"Sandhu JS, Bixler BR, Dahm P, et al. Management of lower urinary tract symptoms attributed to benign prostatic hyperplasia (BPH): AUA guideline amendment 2023. J Urol. 2024;211(1):11-19.",1.0
Q2025-076,2,"Lerner LB, McVary KT, Barry MJ, et al. Management of lower urinary tract symptoms attributed to benign prostatic hyperplasia: AUA guideline part I-initial work-up and medical management. J Urol. 2021;206(4):806-817.",1.0
Q2025-077,1,"Westerfield KL, Koenig K, Oh R. Breastfeeding: common questions and answers. Am Fam Physician. 2018;98(6):368-373.",1.0
Q2025-078,1,"Gaitonde DY, Moore FC, Morgan MK. Influenza: diagnosis and treatment. Am Fam Physician. 2019;100(12):751-758.",0.983
Q2025-079,1,"Semenya AM, Bhatnagar P. Diagnosis and management of obsessive-compulsive disorder in the primary care setting. Am Fam Physician. 2024;110(4):385-392.",1.0
Q2025-080,1,"Final recommendation statement: falls prevention in community-dwelling older adults: interventions. US Preventive Services Task Force. Updated June 4, 2024.",0.994
Q2025-080,2,"Herness J, Sanders J, James J. Environmental interventions for preventing falls in older people living in the community. Am Fam Physician. 2023;108(5):450-451.",0.994
Q2025-080,3,"Older adult falls data. Centers for Disease Control and Prevention. Reviewed September 6, 2023.",0.994
Q2025-081,1,"Malfertheiner P, Megraud F, Rokkas T, et al. Management of Helicobacter pylori infection: the Maastricht VI/Florence consensus report. Gut. Published online August 8, 2022.",1.0
Q2025-081,2,"Chey WD, Howden CW, Moss SF, et al. ACG clinical guideline: treatment of Helicobacter pylori infection. Am J Gastroenterol. 2024;119(9):1730-1753.",1.0
Q2025-082,1,"Lanham JS, Nelson NK, Hendren B, Jordan TS. Outpatient burn care: prevention and treatment. Am Fam Physician. 2020;101(8):463-470.",1.0
Q2025-083,1,"Stevens SM, Woller SC, Kreuziger LB, et al. Antithrombotic therapy for VTE disease: compendium and review of CHEST guidelines 2012-2021. Chest. 2024;166(2):388-404.",1.0
Q2025-084,1,"Khan M, Chollet A. Breast cancer screening: common questions and answers. Am Fam Physician. 2021;103(1):33-41.",1.0
Q2025-085,1,"Lekoubou A, Nguyen C, Kwon M, Nyalundja AD, Agrawal A. Post-stroke everything. Curr Neurol Neurosci Rep. 2023;23(11):785-800.",0.994
Q2025-085,2,"Frank D, Gruenbaum BF, Zlotnik A, Semyonov M, Frenkel A, Boyko M. Pathophysiology and current drug treatments for post-stroke depression: a review. Int J Mol Sci. 2022;23(23):15114.",0.994
Q2025-085,3,"Masuccio FG, Grange E, Di Giovanni R, Rolla M, Solaro CM. Post-stroke depression in older adults: an overview. Drugs Aging. 2024;41(4):303-318.",0.994
Q2025-086,1,"Dowell D, Ragan KR, Jones CM, Baldwin GT, Chou R. CDC clinical practice guideline for prescribing opioids for pain�United States, 2022. MMWR Recomm Rep. 2022;71(3):1-95.",1.0
Q2025-087,1,"Vavricka SR, Greuter T. Gastroparesis and dumping syndrome: current concepts and management. J Clin Med. 2019;8(8):1127.",1.0
Q2025-087,2,"Banerjee ES, Schroeder R, Harrison TD. Metabolic surgery for adult obesity: common questions and answers. Am Fam Physician. 2022;105(6):593-601.",1.0
Q2025-087,3,"Lawler HM. Idiopathic postprandial syndrome. In: McDermott MT, ed. Management of Patients with Pseudo-Endocrine Disorders. Springer; 2019:91-97.",1.0
Q2025-088,1,"Paul CR, Frohna JG. Acute otitis media. Pediatrics in Review. 2025;46(3):139-147.",0.994
Q2025-089,1,Shaughnessy AF. Imaging guidelines for children with mild traumatic brain injury. Am Fam Physician. 2024;110(2):202-203.,1.0
Q2025-089,2,"Lumba-Brown A, Yeates KO, Sarmiento K, et al. Centers for Disease Control and Prevention guideline on the diagnosis and management of mild traumatic brain injury among children. JAMA Pediatr. 2018;172(11):e182853.",1.0
Q2025-090,1,"Rigotti NA, Kruse GR, Livingstone-Banks J. Treatment of tobacco smoking: a review. JAMA. 2022;327(6):566-577.",1.0
Q2025-090,2,"Final recommendation statement: tobacco smoking cessation in adults, including pregnant persons: interventions. US Preventive Services Task Force. Updated January 19, 2021.",1.0
Q2025-090,3,"Levett JY, Filion KB, Reynier P, Prell C, Eisenberg MJ. Efficacy and safety of e-cigarette use for smoking cessation: a systematic review and meta-analysis of randomized controlled trials. AmJ Med. 2023;136(8):804-813.e4.",1.0
Q2025-091,1,"Cagle SD Jr, Landrum LS, Kennedy AM. Chronic obstructive pulmonary disease: diagnosis and management. Am Fam Physician. 2023;107(6):604-612.",0.994
Q2025-092,1,"Umpierrez GE, Davis GM, ElSayed NA, et al. Hyperglycemic crises in adults with diabetes: a consensus report. Diabetes Care. 2024;47(8):1257-1275.",1.0
Q2025-092,2,Stoner GD. Hyperosmolar hyperglycemic state. Am Fam Physician. 2017;96(11):729-736.,1.0
Q2025-093,1,"Shchendrygina A, Rakisheva A, Giverts I, Rustamova Y, Soloveva A. Effects of glucagon-like peptide-1 receptor agonists on cardiac function, exercise capacity and quality of life. Card Fail Rev. 2024;10:e10.",1.0
Q2025-093,2,"Halabi A, Sen J, Huynh Q, Marwick TH. Metformin treatment in heart failure with preserved ejection fraction: a systematic review and meta-regression analysis. Cardiovasc Diabetol. 2020;19(1):124.",1.0
Q2025-093,3,"Heidenreich PA, Bozkurt B, Aguilar D, et al. 2022 AHA/ACC/HFSA guideline for the management of heart failure: a report of the American College of Cardiology/American Heart Association Joint Committee on Clinical Practice Guidelines. 2022;145(18):e895�e1032.",1.0
Q2025-094,1,"Final recommendation statement: prediabetes and type 2 diabetes: screening. US Preventive Services Task Force. August 24, 2021.",0.994
Q2025-094,2,"Final recommendation statement: gestational diabetes: screening. US Preventive Services Task Force. August 10, 2021.",0.994
Q2025-094,3,American Diabetes Association Professional Practice Committee. 2. Diagnosis and classification of diabetes: standards of care in diabetes�2025. Diabetes Care. 2025;48(suppl 1):S27-S49.,0.994
Q2025-095,1,"Harden RN, McCabe CS, Goebel A, et al. Complex regional pain syndrome: practical diagnostic and treatment guidelines, 5th edition. Pain Med. 2022;23(suppl 1):S1-S53.",1.0
Q2025-095,2,"Lloyd ECO, Dempsey B, Romero L. Complex regional pain syndrome. Am Fam Physician. 2021;104(1):49-55.",1.0
Q2025-096,1,"Sexually transmitted infections treatment guidelines, 2021: pelvic inflammatory disease (PID). Centers for Disease Control and Prevention. Reviewed September 21, 2022.",1.0
Q2025-096,2,"Curry A, Williams T, Penny ML. Pelvic inflammatory disease: diagnosis, management, and prevention. Am Fam Physician. 2019;100(6):357-364.",1.0
Q2025-097,1,"Mendelson SJ, Prabhakaran S. Diagnosis and management of transient ischemic attack and acute ischemic stroke: a review. JAMA. 2021;325(11):1088-1098.",0.994
Q2025-098,1,"Smith A, Baumgartner K, Bositis C. Cirrhosis: diagnosis and management. Am Fam Physician. 2019;100(12):759-770.",0.994
Q2025-098,2,"Differentiated and simplified pre-exposure prophylaxis for HIV prevention: update to WHO implementation guidance. World Health Organization; July 27, 2022.",0.994
Q2025-098,3,"Biggins SW, Angeli P, Garcia-Tsao G, et al. Diagnosis, evaluation, and management of ascites, spontaneous bacterial peritonitis and hepatorenal syndrome: 2021 practice guidance by the American Association for the Study of Liver Diseases. Hepatology. 2021;74(2):1014-1048.",0.994
Q2025-099,1,"Iglesia CB, Smithling KR. Pelvic organ prolapse. Am Fam Physician. 2017;96(3):179-185.",1.0
Q2025-099,2,"Taithongchai A, Johnson EE, Ismail SI, Barron-Millar E, Kernohan A, Thakar R. Oestrogen therapy for treating pelvic organ prolapse in postmenopausal women. Cochrane Database Syst Rev. 2023;7(7):CD014592.",1.0
Q2025-099,3,"Qiu J, Jiang D. Pessaries for managing pelvic organ prolapse in women. Am Fam Physician. 2021;103(11):660-661.",1.0
Q2025-100,1,"Rosenberg H, Rosenberg E, Kubelik D. Acute limb ischemia. CMAJ. 2023;195(40):E1383.",1.0
Q2025-100,2,"Olinic DM, Stanek A, Tataru DA, Homorodean C, Olinic M. Acute limb ischemia: an update on diagnosis and management. J Clin Med. 2019;8(8):1215.",1.0
Q2025-100,3,"Firnhaber JM, Powell CS. Lower extremity peripheral artery disease: diagnosis and treatment. Am Fam Physician. 2019;99(6):362-369.",1.0
Q2025-101,1,"Schroeder JD, Trigg SD, Capo Dosal GE. Bone stress injuries: diagnosis and management. Am Fam Physician. 2024;110(6):592-600.",1.0
Q2025-102,1,Schaefer P. Acute and chronic urticaria: evaluation and treatment. Am Fam Physician. 2017;95(11):717-724.,0.978
Q2025-102,2,"Zuberbier T, Aberer W, Asero R, et al. The EAACI/GA�LEN/EDF/WAO guideline for the definition, classification, diagnosis and management of urticaria. Allergy. 2018;73(7):1393�1414.",0.978
Q2025-103,1,"Chow AW, Benninger MS, Brook I, et al. IDSA clinical practice guideline for acute bacterial rhinosinusitis in children and adults. Clin Infect Dis. 2012;54(8):e72-e112.",1.0
Q2025-104,1,"Final recommendation statement: lung cancer: screening. US Preventive Services Task Force. Updated March 9, 2021.",1.0
Q2025-105,1,"Sell J, Nasir M, Courchesne C. Urethritis: rapid evidence review. Am Fam Physician. 2021;103(9):553-558.",1.0
Q2025-105,2,"Diseases characterized by urethritis and cervicitis. Sexually Transmitted Infections Treatment Guidelines, 2021. Centers for Disease Control and Prevention. Reviewed September 21, 2022.",1.0
Q2025-105,3,"Mycoplasma genitalium. Sexually Transmitted Infections Treatment Guidelines, 2021. Centers for Disease Control and Prevention. Reviewed July 22, 2021.",1.0
Q2025-106,1,Edlow J. Diagnosing subarachnoid hemorrhage. J Emerg Med. 2021;61(5):623-624.,1.0
Q2025-106,2,"Claassen J, Park S. Spontaneous subarachnoid haemorrhage. Lancet. 2022;400(10355):846-862.",1.0
Q2025-106,3,Arnold MJ. Management of patients with aneurysmal subarachnoid hemorrhage: guidelines from the AHA and ASA. Am Fam Physician. 2024;110(2):204-206.,1.0
Q2025-106,4,"Hoh BL, Ko NU, Amin-Hanjani S, et al. 2023 guideline for the management of patients with aneurysmal subarachnoid hemorrhage: a guideline from the American Heart Association/American Stroke Association. Stroke. 2023;54(7):e314-e370.",1.0
Q2025-107,1,"Rubio-Tapia A, McCallum R, Camilleri M. AGA clinical practice update on diagnosis and management of cannabinoid hyperemesis syndrome: commentary. Gastroenterology. 2024;166(5):930-934.e1.",1.0
Q2025-107,2,"Perisetti A, Gajendran M, Dasari CS, et al. Cannabis hyperemesis syndrome: an update on the pathophysiology and management. Ann Gastroenterol. 2020;33(6):571-578.",1.0
Q2025-107,3,"Rubio-Tapia A, McCallum R, Camilleri M. AGA clinical practice update on diagnosis and management of cannabinoid hyperemesis syndrome: commentary. Gastroenterology. 2024;166(5):930-934.e1.",1.0
Q2025-108,1,"Winslow BT, Vandal C, Dang L. Fibromyalgia: diagnosis and management. Am Fam Physician. 2023;107(2):137-144.",1.0
Q2025-109,1,"Lauters RA, Garcia KW, Arnold JJ. Enuresis in children: common questions and answers. Am Fam Physician. 2022;106(5):549-556.",1.0
Q2025-110,1,"Olagunju AE, Ghoddusi F. Attention-deficit/hyperactivity disorder in adults. Am Fam Physician. 2024;110(2):157-166.",1.0
Q2025-111,1,"Simon LM, Nguyen V, Ezinwa NM. Acute shoulder injuries in adults. Am Fam Physician. 2023;107(5):503-512.",1.0
Q2025-112,1,"Mitchell KB, Johnson HM, Rodr�guez JM, et al. Academy of Breastfeeding Medicine Clinical Protocol #36: the mastitis spectrum, revised 2022.Breastfeed Med. 2022;17(5):360-376.",1.0
Q2025-112,2,Lawrence KV. Supporting the paradigm shift: watchful waiting for lactational mastitis. Am Fam Physician. 2024;110(2):118-119.,1.0
Q2025-112,3,"Morcomb EF, Dargel CM, Anderson SA. Mastitis: rapid evidence review. Am Fam Physician. 2024;110(2):174-182.",1.0
Q2025-113,1,"Dictionary of genetics terms: autosomal recessive inheritance. National Cancer Institute at the National Institutes of Health. Accessed February 16, 2025.",1.0
Q2025-113,2,"Collins MS, Mansilla-Rivera K. Diagnostic and therapeutic advances in cystic fibrosis: how family physicians can partner in care. Am Fam Physician. 2024;109(5):388-390.",1.0
Q2025-113,3,"Cystic fibrosis: causes. National Heart, Lung, and Blood Institute. Updated November 15, 2024.",1.0
Q2025-114,1,"Latimer KM, Gunther A, Kopec M. Fatigue in adults: evaluation and management. Am Fam Physician. 2023;108(1):58-69.",1.0
Q2025-115,1,"Heidenreich PA, Bozkurt B, Aguilar D, et al. 2022 AHA/ACC/HFSA guideline for the management of heart failure: a report of the American College of Cardiology/American Heart Association Joint Committee on Clinical Practice Guidelines. Circulation. 2022;145(18):e895-e1032.",1.0
Q2025-115,2,"Murphy SP, Ibrahim NE, Januzzi JL. Heart failure with reduced ejection fraction: a review. JAMA. 2020;324(5):488�504.",1.0
Q2025-116,1,"Final recommendation statement: autism spectrum disorder in young children: screening. US Preventive Services Task Force. Updated February 16, 2016.",0.994
Q2025-116,2,"Hyman SL, Levy SE, Myers SM, et al; Council on Children with Disabilities, Section on Developmental and Behavioral Pediatrics. Identification, evaluation, and management of children with autism spectrum disorder. Pediatrics. 2020;145(1):e20193447.",0.994
Q2025-116,3,"Baker RD, Greer FR; Committee on Nutrition. Diagnosis and prevention of iron deficiency and iron-deficiency anemia in infants and young children (0�3 years of age). Pediatrics. 2010;126(5):1040-1050.",0.994
Q2025-116,4,"Final recommendation statement: iron deficiency anemia in young children: screening. US Preventive Services Task Force. Updated September 7, 2015.",0.994
Q2025-116,5,"Final recommendation statement: vision in children ages 6 months to 5 years: screening. US Preventive Services Task Force. Updated September 5, 2017.",0.994
Q2025-117,1,"Vaughan H, Rugo HS, Haemel A. Risk-based screening for cancer in patients with dermatomyositis: toward a more individualized approach. JAMA Dermatol. 2022;158(3):244-247.",1.0
Q2025-117,2,"Oldroyd AGS, Callen JP, Chinoy H, et al; International Myositis Assessment and Clinical Studies Group Cancer Screening Expert Group. International guideline for idiopathic inflammatory myopathy-associated cancer screening: an International Myositis Assessment and Clinical Studies Group (IMACS) initiative. Nat Rev Rheumatol. 2023;19(12):805-817.",1.0
Q2025-118,1,"Doherty TS, Carroll AE. Believing in overcoming cognitive biases. AMA J Ethics. 2020;22(9):E773-E778.",1.0
Q2025-118,2,Sabin JA. Tackling implicit bias in health care. N Engl J Med. 2022;387(2):105-107.,1.0
Q2025-118,3,"Catalogue of Bias Collaboration; Banerjee A, Nunan D. Availability bias. Catalogue of Bias. 2019.",1.0
Q2025-119,1,"Oleka C, Dietrich JE. HMB in the adolescent: a review of the modern approach to diagnosis and management. Clin Obstet Gynecol. 2020;63(3):553-560.",0.994
Q2025-120,1,"McConaghy JR, Decker A, Nair S. Peptic ulcer disease and H. pylori infection: common questions and answers. Am Fam Physician. 2023;107(2):165-172.",1.0
Q2025-120,2,"Moayyedi PM, Lacy BE, Andrews CN, Enns RA, Howden CW, Vakil N. Corrigendum: ACG and CAG clinical guideline: management of dyspepsia. Am J Gastroenterol. 2017;112(9):1484. doi:10.1038/ajg.2017.238",1.0
Q2025-120,3,"Du LJ, Chen BR, Kim JJ, Kim S, Shen JH, Dai N. Helicobacter pylori eradication therapy for functional dyspepsia: systematic review and meta-analysis. World J Gastroenterol. 2016;22(12):3486-3495.",1.0
Q2025-120,4,"Mounsey A, Barzin A, Rietz A. Functional dyspepsia: evaluation and management. Am Fam Physician. 2020;101(2):84-88.",1.0
Q2025-121,1,"Sell J, Ramirez S, Partin M. Parathyroid disorders. Am Fam Physician. 2022;105(3):289-298.",1.0
Q2025-122,1,"Dalrymple SN, Row JH, Gazewood J. Bell palsy: rapid evidence review. Am Fam Physician. 2023;107(4):415-420.",1.0
Q2025-123,1,"Gardner RC, Dams-O'Connor K, Morrissey MR, Manley GT. Geriatric traumatic brain injury: epidemiology, outcomes, knowledge gaps, and future directions. J Neurotrauma. 2018;35(7):889-906.",1.0
Q2025-123,2,"Pahor M. Falls in older adults: prevention, mortality, and costs. JAMA. 2019;321(21):2080�2081.",1.0
Q2025-123,3,"Mori K, Abe T, Matsumoto J, Takahashi K, Takeuchi I. Indications for computed tomography in older adult patients with minor head injury in the emergency department. Acad Emerg Med. 2021;28(4):435-443.",1.0
Q2025-124,1,"Steiner MJ, DeWalt DA, Byerley JS. Is this child dehydrated?. JAMA. 2004;291(22):2746�2754. Two SSRIs, fluoxetine and escitalopram, have been approved by the FDA for the treatment of depression in adolescents. Other SSRIs such as sertraline, NDRIs such as bupropion, and SNRIs such as venlafaxine are often used off-label for this purpose but have not been approved by the FDA for use in adolescents. Esketamine is a ketamine nasal spray used in conjunction with an oral antidepressant for treatment-resistant depression in adults.",1.0
Q2025-124,2,"References FDA approves new nasal spray medication for treatment-resistant depression; available only at a certified doctor's office or clinic. PR Newswire, 2019.",1.0
Q2025-124,3,"Miller L, Campo JV. Depression in adolescents. N Engl J Med. 2021;385(5):445-449.",1.0
Q2025-126,1,"Smith SM, Fahey T, Smucny J, Becker LA. Antibiotics for acute bronchitis. Cochrane Database Syst Rev. 2017;6(6):CD000245.",1.0
Q2025-126,2,"Kinkade S, Long NA. Acute bronchitis. Am Fam Physician. 2016;94(7):560-565.",1.0
Q2025-126,3,"Killeen BM, Wolfson AB. Antibiotics for acute bronchitis. Am Fam Physician. 2020;102(9):online.",1.0
Q2025-127,1,"Silver S, Williams E, Plunkett ML. Common foot fractures. Am Fam Physician. 2024;109(2):119-129.",1.0
Q2025-128,1,"Mulhem E, Khondoker F, Kandiah S. Constipation in children and adolescents: evaluation and treatment. Am Fam Physician. 2022;105(5):469-478.",0.994
Q2025-129,1,"Grundy SM, Stone NJ, Bailey AL, et al. 2018 AHA/ACC/AACVPR/AAPA/ABC/ACPM/ADA/AGS/APhA/ASPC/NLA/PCNA guideline on the management of blood cholesterol: a report of the American College of Cardiology/American Heart Association Task Force on Clinical Practice Guidelines. Circulation. 2019;139(25):e1082-e1143.",0.989
Q2025-130,1,"Lin CY, Lin CC, Chou YC, Chen PY, Wang CL. Heel pad stiffness in plantar heel pain by shear wave elastography. Ultrasound Med Biol. 2015;41(11):2890-2898.",1.0
Q2025-130,2,Tu P. Heel pain: diagnosis and management. Am Fam Physician. 2018;97(2):86-93.,1.0
Q2025-130,3,"Rodriguez-Merchan EC, Moracia-Ochagavia I. Tarsal tunnel syndrome: current rationale, indications and results. EFORT Open Rev. 2021;6(12):1140-1147.",1.0
Q2025-130,4,Nelson SC. Tarsal tunnel syndrome. Clin Podiatr Med Surg. 2021;38(2):131-141.,1.0
Q2025-131,1,"Carter PM, Cunningham RM. Clinical approaches to the prevention of firearm-related injury. N Eng J Med. 2024;391(10):926-940.",1.0
Q2025-131,2,"Meinke DK, Finan DS, Flamme GA, et al. Prevention of noise-induced hearing loss from recreational firearms. Semin Hear. 2017;38(4):267-281.",1.0
Q2025-131,3,"Olson DE, Weber J, Allen BF. Eye injuries. In: Madden CC, Putukian M, McCarty EC, et al, eds. Netter�s Sports Medicine. 3rd ed. Elsevier; 2023:371-378.",1.0
Q2025-132,1,"McConaghy JR, Sharma M, Patel H. Acute chest pain in adults: outpatient evaluation. Am Fam Physician. 2020;102(12):721-727.",0.994
Q2025-133,1,Evidence-Based Clinical Guidelines for Multidisciplinary Spine Care: Diagnosis and Treatment of Degenerative Lumbar Spondylolisthesis. 2nd ed. North American Spine Society; 2014.,1.0
Q2025-133,2,"Walker MD, Shane E. Postmenopausal osteoporosis. N Engl J Med. 2023;389(21):1979�1991.",1.0
Q2025-134,1,American College of Obstetricians and Gynecologists� Committee on Practice Bulletins� Obstetrics. ACOG Practice Bulletin No. 181: prevention of Rh D alloimmunization. Obstet Gynecol. 2017;130(2):e57-e70.,1.0
Q2025-135,1,"Schillie S, Vellozzi C, Reingold A, et al. Prevention of hepatitis B virus infection in the United States: recommendations of the Advisory Committee on Immunization Practices. MMWR Recomm Rep. 2018;67(1):1-31.",1.0
Q2025-136,1,"Final recommendation statement: human immunodeficiency virus (HIV) infection: screening. US Preventive Services Task Force. Updated June 11, 2019.",1.0
Q2025-136,2,"Final recommendation statement: cervical cancer: screening. US Preventive Services Task Force. August 21, 2018.",1.0
Q2025-136,3,"Final recommendation statement: chlamydia and gonorrhea: screening. US Preventive Services Task Force. September 14, 2021.",1.0
Q2025-136,4,"Final recommendation statement: prediabetes and type 2 diabetes: screening. US Preventive Services Task Force. August 24, 2021.",1.0
Q2025-136,5,"Final recommendation statement: skin cancer: screening. US Preventive Services Task Force. April 18, 2023.",1.0
Q2025-137,1,"Gelston CD, Deitz GA. Eye emergencies. Am Fam Physician. 2020;102(9):539-545.",1.0
Q2025-137,2,"Raharja A, Whitefield L. Clinical approach to vision loss: a review for general physicians. Clin Med (Lond). 2022;22(2):95-99.",1.0
Q2025-137,3,"Bagheri N, Mehta S. Acute vision loss. Prim Care. 2015;42(3):347-361.",1.0
Q2025-138,1,"The Diagnosis and Treatment of Low Back Pain Work Group; Office of Quality and Patient Safety, Veterans Health Administration; Clinical Quality Improvement Program, Defense Health Agency. VA/DoD Clinical Practice Guideline for the Diagnosis and Treatment of Low Back Pain. Version 3.0. US Government Printing Office; 2022.",1.0
Q2025-138,2,"Buelt A, McCall S, Coster J. Management of low back pain: guidelines from the VA/DoD. Am Fam Physician. 2023;107(4):435-437.",1.0
Q2025-139,1,"Ortega R, Nozari A, Baker W, Surani S, Edwards M. Intranasal naloxone administration. N Engl J Med. 2021;384(12):e44.",0.994
Q2025-140,1,"Fitzgibbons RJ Jr, Forse RA. Groin hernias in adults. N Engl J Med. 2015;372(8):756-763.",1.0
Q2025-140,2,"Fitzgibbons RJ Jr, Giobbie-Hurder A, Gibbs JO, et al. Watchful waiting vs repair of inguinal hernia in minimally symptomatic men: a randomized clinical trial. JAMA. 2006;295(3):285�292.",1.0
Q2025-140,3,"Shakil A, Aparicio K, Barta E, Munez K. Inguinal hernias: diagnosis and management. Am Fam Physician. 2020;102(8):487-492.",1.0
Q2025-140,4,"Liu N, Prout TM, Xu Y, et al. Unnecessary use of radiology studies in the diagnosis of inguinal hernias: a retrospective cohort study. Surg Endosc. 2021;35(8):4444-4451.",1.0
Q2025-141,1,"Falk N, Cole A, Meredith TJ. Evaluation of suspected dementia. Am Fam Physician. 2018;97(6):398-405.",1.0
Q2025-142,1,"Nielsen M, Qaseem A; High Value Care Task Force of the American College of Physicians. Hematuria as a marker of occult urinary tract cancer: advice for high-value care from the American College of Physicians. Ann Intern Med. 2016;164(7):488-497.",1.0
Q2025-142,2,"Wolfman DJ, Marko J, Nikolaidis P, et al; Expert Panel on Urological Imaging. ACR Appropriateness Criteria hematuria. J Am Coll Radiol. 2020;17(suppl 5):S138-S147.",1.0
Q2025-142,3,"Devlies W, de Jong JJ, Hofmann F, et al. The diagnostic accuracy of cystoscopy for detecting bladder cancer in adults presenting with haematuria: a systematic review from the European Association of Urology Guidelines Office. Eur Urol Focus. 2024;10(1):115�122.",1.0
Q2025-143,1,"Schwenker R, Dietrich CE, Hirpa S, et al. Motivational interviewing for substance use reduction. Cochrane Database Syst Rev. 2023;12(12):CD008063.",1.0
Q2025-143,2,"Stewart EE, Fox CH. Encouraging patients to change unhealthy behaviors with motivational interviewing. Fam Pract Manag. 2011;18(3):21-25.",1.0
Q2025-143,3,Searight HR. Counseling patients in primary care: evidence-based strategies. Am Fam Physician. 2018;98(12):719-728.,1.0
Q2025-144,1,"Powers AC, Stafford JM, Rickels MR. Diabetes mellitus: complications. In: Loscalzo J, Fauci AS, Kasper DL, Hauser SL, Longo DL, Jameson JL, eds. Harrison's Principles of Internal Medicine. Vol 2. 21st ed. McGraw Hill; 2022:3128.",1.0
Q2025-145,1,"Nabrdalik K, Hendel M, Irlik K, et al. Gastrointestinal adverse events of metformin treatment in patients with type 2 diabetes mellitus: a systematic review and meta-analysis with meta-regression of observational studies. BMC Endocr Disord. 2024;24(206).",0.983
Q2025-146,1,"Smith DK, Kuckel DP, Recidoro AM. Community-acquired pneumonia in children: rapid evidence review. Am Fam Physician. 2021;104(6):618-625.",1.0
Q2025-147,1,"Leggit JC, Meko CJ. Acute finger injuries: part II. Fractures, dislocations, and thumb injuries. Am Fam Physician. 2006;73(5):827-834.",1.0
Q2025-147,2,"Childress MA, Olivas J, Crutchfield A. Common finger fractures and dislocations. Am Fam Physician. 2022;105(6):631-639.",1.0
Q2025-148,1,"Pyzocha N, Cuda Am. Common intestinal parasites. Am Fam Physician. 2023;108(5):487�493. Antidepressants including bupropion, trazodone, and tricyclic antidepressants are associated with an increased risk of seizure and should be avoided in patients with epilepsy. In general, SSRIs or SNRIs are safer choices. Mirtazapine and vortioxetine would also be preferred choices.",1.0
Q2025-148,2,"References Maguire MJ, Marson AG, Nevitt SJ. Antidepressants for people with epilepsy and depression. Cochrane Database Syst Rev. 2021;(4):CD010682.",1.0
Q2025-150,1,"Final recommendation statement: cervical cancer: screening. US Preventive Services Task Force. August 21, 2018.",0.994
Q2025-150,2,"Final recommendation statement: skin cancer: screening. US Preventive Services Task Force. Updated April 18, 2023.",0.994
Q2025-150,3,"Final recommendation statement: hepatitis C virus infection in adolescents and adults: screening. US Preventive Services Task Force. March 2, 2020.",0.994
Q2025-150,4,"Final recommendation statement: lipid disorders in children and adolescents: screening. US Preventive Services Task Force. Updated July 18, 2023.",0.994
Q2025-151,1,"Balahura AM, Moroi .I, Scafa-Udriste A, et al. The management of hypertensive emergencies�is there a ""magical"" prescription for all? J Clin Med. 2022;11(11):3138.",0.994
Q2025-151,2,Peixoto AJ. Acute severe hypertension. N Engl J Med. 2019;381(19):1843-1852.,0.994
Q2025-152,1,"Semelka M, Wilson J, Floyd R. Diagnosis and treatment of obstructive sleep apnea in adults. Am Fam Physician. 2016;94(5):355-360.",1.0
Q2025-152,2,"Latimer KM, Gunther A, Kopec M. Fatigue in adults: evaluation and management. Am Fam Physician. 2023;108(1):58-69.",1.0
Q2025-153,1,"Final recommendation statement: anxiety in children and adolescents: screening. US Preventive Services Task Force. Updated October 11, 2022.",0.994
Q2025-153,2,"Final recommendation statement: chlamydia and gonorrhea: screening. US Preventive Services Task Force. Updated September 14, 2021.",0.994
Q2025-153,3,"Final recommendation statement: adolescent idiopathic scoliosis: screening. US Preventive Services Task Force. Updated January 9, 2018.",0.994
Q2025-153,4,"Final recommendation statement: eating disorders in adolescents and adults: screening. US Preventive Services Task Force. Updated March 15, 2022.",0.994
Q2025-153,5,"Final recommendation statement: high blood pressure in children and adolescents: screening. US Preventive Services Task Force. Updated November 10, 2020.",0.994
Q2025-154,1,Ramirez J. Adhesive capsulitis: diagnosis and management. Am Fam Physician. 2019;99(5):297-300.,1.0
Q2025-154,2,"Leafblad N, Mizels J, Tashjian R, Chalmers P. Adhesive capsulitis. Phys Med Rehabil Clin N Am. 2023;34(2):453-468.",1.0
Q2025-155,1,"Matheson EM, Bragg SW, Blackwelder RS. Diabetes-related foot infections: diagnosis and treatment. Am Fam Physician. 2021;104(4):386-394.",1.0
Q2025-155,2,"Lipsky BA, Senneville �, Abbas ZG, et al. Guidelines on the diagnosis and treatment of foot infection in persons with diabetes (IWGDF 2019 update). Diabetes Metab Res Rev. 2020;36(suppl 1):e3280.",1.0
Q2025-156,1,"Bates SM, Jaeschke R, Stevens SM, et al. Diagnosis of DVT: antithrombotic therapy and prevention of thrombosis, 9th ed: American College of Chest Physicians evidence-based clinical practice guidelines. Chest. 2012;141(2 suppl):e351S-e418S.",1.0
Q2025-156,2,"Patel H, Skok CJ, DeMarco A. Peripheral edema: evaluation and management in primary care. Am Fam Physician. 2022;106(5):557-564.",1.0
Q2025-157,1,"Sexually transmitted infections treatment guidelines, 2021: syphilis during pregnancy. Centers for Disease Control and Prevention. Reviewed July 22, 2021.",1.0
Q2025-158,1,"Hampl SE, Hassink SG, Skinner AC, et al. Clinical practice guideline for the evaluation and treatment of children and adolescents with obesity. Pediatrics. 2023;151(2):e2022060640.",1.0
Q2025-158,2,"Lobelo F, Muth ND, Hanson S, Nemeth BA; Council on Sports Medicine and Fitness; Section on Obesity. Physical activity assessment and counseling in pediatric clinical settings. Pediatrics. 2020;145(3):e20193992.",1.0
Q2025-159,1,"Castelli G, Desai KM, Cantone RE. Peripheral neuropathy: evaluation and differential diagnosis. Am Fam Physician. 2020;102(12):732-739.",1.0
Q2025-160,1,"Masiello F, Pati I, Veropalumbo E, Pupella S, Cruciani M, De Angelis V. Ultrasound-guided injection of platelet-rich plasma for tendinopathies: a systematic review and meta-analysis. Blood Transfus. 2023;21(2):119-136.",1.0
Q2025-160,2,"Arnold MJ, Moody AL. Common running injuries: evaluation and management. Am Fam Physician. 2018;97(8):510-516.",1.0
Q2025-160,3,"Silbernagel KG, Hanlon S, Sprague A. Current clinical concepts: conservative management of Achilles tendinopathy. J Athl Train. 2020;55(5):438-447.",1.0
Q2025-161,1,"Miller WR, Rollnick S. Motivational Interviewing: Helping People Change and Grow. 4th ed. Guildford Press; 2023.",1.0
Q2025-162,1,"Pimentel M, Saad RJ, Long MD, Rao SSC. ACG clinical guideline: small intestinal bacterial overgrowth. Am J Gastroenterol. 2020;115(2):165-178.",1.0
Q2025-162,2,"Burgers K, Lindberg B, Bevis ZJ. Chronic diarrhea in adults: evaluation and differential diagnosis. Am Fam Physician. 2020;101(8):472-480.",1.0
Q2025-162,3,"Williams PM, Harris LM DO, Odom MR. Celiac disease: common questions and answers. Am Fam Physician. 2022;106(1):36-43.",1.0
Q2025-163,1,"Bhasin S, Brito JP, Cunningham GR, et al. Testosterone therapy in men with hypogonadism: an Endocrine Society clinical practice guideline. J Clin Endocrinol Metab. 2018;103(5):1715-1744.",1.0
Q2025-163,2,"Heidelbaugh JJ, Belakovskiy A. Testosterone replacement therapy for male hypogonadism. Am Fam Physician. 2024;109(6):543-549. A venous hum is an innocent heart murmur that is caused by vein vibration. It is commonly heard in children and may appear between 3 and 6 years of age. It is typically audible only when the child is upright, and changes with head movement. In a child with a venous hum, reassurance of the parents is appropriate, and no follow-up is necessary.",1.0
Q2025-163,3,"References Ford B, Lara S, Park J. Heart murmurs in children: evaluation and management. Am Fam Physician. 2022;105(3):250-261.",1.0
Q2025-165,1,"Pflipsen MC, Vega Colon KM. Anaphylaxis: recognition and management. Am Fam Physician. 2020;102(6):355-362.",1.0
Q2025-165,2,"Long B, Gottlieb M. Emergency medicine updates: anaphylaxis. Am J Emerg Med. 2021;49:35-39.",1.0
Q2025-166,1,Dean CL. An overview of heparin monitoring with the anti-Xa assay. Methods Mol Biol. 2023;2663:343-353.,1.0
Q2025-166,2,"Douketis JD, Spyropoulos AC, Murad MH, et al. Perioperative management of antithrombotic therapy: an American College of Chest Physicians clinical practice guideline. Chest. 2022;162(5):e207-e243.",1.0
Q2025-167,1,"Patel DS, Statuta SM, Ahmed N. Common fractures of the radius and ulna. Am Fam Physician. 2021;103(6):345-354.",1.0
Q2025-168,1,"Final recommendation statement: unhealthy drug use: screening. US Preventive Services Task Force. Updated June 9, 2020.",0.994
Q2025-168,2,"Final recommendation statement: skin cancer: screening. US Preventive Services Task Force. Updated April 18, 2023.",0.994
Q2025-168,3,"Final recommendation statement: oral health in adults: screening and preventive interventions. US Preventive Services Task Force. November 7, 2023.",0.994
Q2025-168,4,"US Preventive Services Task Force. Depression and suicide risk in adults: screening. June 20, 2023.",0.994
Q2025-169,1,"Shane AL, Mody RK, Crump JA, et al. 2017 Infectious Diseases Society of America clinical practice guidelines for the diagnosis and management of infectious diarrhea. Clin Infect Dis. 2017;65(12):1963-1973.",1.0
Q2025-170,1,"Tsou AY, Bulova P, Capone G, et al. Medical care of adults with down syndrome: a clinical guideline. JAMA. 2020;324(15):1543-1556.",1.0
Q2025-171,1,"Luks AM, Auerbach PS, Freer L, et al. Wilderness Medical Society clinical practice guidelines for the prevention and treatment of acute altitude illness: 2019 update. Wilderness Environ Med. 2019;30(4S):S3-S18.",1.0
Q2025-171,2,Armstrong C. Acute altitude illness: updated prevention and treatment guidelines from the Wilderness Medical Society. Am Fam Physician. 2020;101(8):505-507.,1.0
Q2025-172,1,"Lee EY, Knox C, Phillips EJ. Worldwide prevalence of antibiotic-associated Stevens-Johnson syndrome and toxic epidermal necrolysis: a systematic review and meta-analysis. JAMA Dermatol. 2023;159(4):384-392.",1.0
Q2025-173,1,American College of Obstetricians and Gynecologists� Committee on Gynecologic Practice. ACOG Committee Opinion No. 734: the role of transvaginal ultrasonography in evaluating the endometrium of women with postmenopausal bleeding. Obstet Gynecol. 2018;131(5):e124-e129.,0.994
Q2025-174,1,"Burbank KM, Stevenson JH, Czarnecki GR, Dorfman J. Chronic shoulder pain: part I. Evaluation and diagnosis. Am Fam Physician. 2008;77(4):453-460.",1.0
Q2025-174,2,"Michener LA, Doukas WC, Murphy KP, Walsworth MK. Diagnostic accuracy of history and physical examination of superior labrum anterior-posterior lesions. J Athl Train. 2011;46(4):343-348.",1.0
Q2025-174,3,"Walsworth MK, Doukas WC, Murphy KP, Mielcarek BJ, Michener LA. Reliability and diagnostic accuracy of history and physical examination for diagnosing glenoid labral tears. Am J Sports Med. 2008;36(1):162-168.",1.0
Q2025-175,1,"Perry C, Liberto J, Milliken C, et al. The management of substance use disorders: synopsis of the 2021 U.S. Department of Veterans Affairs and U.S. Department of Defense Clinical Practice guideline. Ann Intern Med. 2022;175(5):720-731.",1.0
Q2025-175,2,"Ford B, Smith E, Richards A. Management of substance use disorders: guidelines from the VA/DoD. Am Fam Physician. 2022;106(4):466-469.",1.0
Q2025-175,3,"Final recommendation statement: unhealthy alcohol use in adolescents and adults: screening and behavioral counseling interventions. US Preventive Services Task Force. Updated November 13, 2018.",1.0
Q2025-175,4,"O'Connor EA, Perdue LA, Senger CA, et al. Screening and behavioral counseling interventions to reduce unhealthy alcohol use in adolescents and adults: updated evidence report and systematic review for the US Preventive Services Task Force. JAMA. 2018;320(18):1910-1928.",1.0
Q2025-176,1,"Madoff RD, Melton GB. Diseases of the anus and rectum. In: Goldman L, Cooney KA, eds. Goldman-Cecil Medicine. 27th ed. Elsevier; 2024:980.",0.994
Q2025-177,1,"Bailey J, Dattani S, Jennings A. Diverticular disease: rapid evidence review. Am Fam Physician. 2022;106(2):150-156.",1.0
Q2025-178,1,"Douglas VC, Hauser SL. Trigeminal neuralgia, Bell�s palsy, and other cranial nerve disorders. In: Loscalzo J, Fauci AS, Kasper DL, Hauser SL, Longo DL, Jameson JL, eds. Harrison's Principles of Internal Medicine. 21st ed. Vol. 2. McGraw-Hill; 2022:3436-3445.",1.0
Q2025-178,2,"Zakrzewska JM, Linskey ME. Trigeminal neuralgia. Am Fam Physician. 2016;94(2):133-135.",1.0
Q2025-179,1,"Majoka MA, Schimming C. Effect of social determinants of health on cognition and risk of Alzheimer disease and related dementias. Clin Ther. 2021;43(6):922-929.",1.0
Q2025-180,1,"Raleigh MF, Stoddard J, Darrow HJ. Polymyalgia rheumatica and giant cell arteritis: rapid evidence review. Am Fam Physician. 2022;106(4):420-426.",0.994
Q2025-181,1,"Final recommendation statement: genital herpes infection: serologic screening. US Preventive Services Task Force. Updated February 14, 2023.",1.0
Q2025-182,1,"Buel KL, Wilcox J, Mingo PT. Acute abdominal pain in children: evaluation and management. Am Fam Physician. 2024;110(6):621-631.",1.0
Q2025-182,2,"Kelley-Quon LI, Arthur LG, Williams RF, et al. Management of intussusception in children: a systematic review. J Pediatr Surg. 2021;56(3):587-596.",1.0
Q2025-183,1,"Shang X, Guo K, E F, et al. Pharmacological interventions on smoking cessation: a systematic review and network meta-analysis. Front Pharmacol. 2022;13:1012433.",1.0
Q2025-183,2,"Gaddey HL, Dakkak M, Jackson NM. Smoking cessation interventions. Am Fam Physician. 2022;106(5):513-522.",1.0
Q2025-184,1,"Fontenelle LF, Sarti TD. Kidney stones: treatment and prevention. Am Fam Physician. 2019;99(8):490-496.",0.989
Q2025-185,1,"Miller NE, Rushlow D, Stacey SK. Diagnosis and management of sodium disorders: hyponatremia and hypernatremia. Am Fam Physician. 2023;108(5):476-486.",1.0
Q2025-185,2,"Seay NW, Lehrich RW, Greenberg A. Diagnosis and management of disorders of body tonicity�hyponatremia and hypernatremia: core curriculum 2020. Am J Kidney Dis. 2020;75(2):272-286.",1.0
Q2025-186,1,"Dvorin EL, Ebell MH. Short-term systemic corticosteroids: appropriate use in primary care. Am Fam Physician. 2020;101(2):89-94.",1.0
Q2025-186,2,"El Melhat AM, Youssef ASA, Zebdawi MR, Hafez MA, Khalil LH, Harrison DE. Non-surgical approaches to the management of lumbar disc herniation associated with radiculopathy: a narrative review. J Clin Med. 2024;13(4):974.",1.0
Q2025-186,3,"Thoomes E, Falla D, Cleland JA, Fern�ndez-de-Las-Pes C, Gallina A, de Graaf M. Conservative management for lumbar radiculopathy based on the stage of the disorder: a Delphi study. Disabil Rehabil. 2023;45(21):3539-3548.",1.0
Q2025-187,1,"Holt HK, Gildengorin G, Karliner L, Fontil V, Pramanik R, Potter MB. Differences in hypertension medication prescribing for Black Americans and their association with hypertension outcomes. J Am Board Fam Med. 2022;35(1):26-34.",1.0
Q2025-187,2,"Egan BM, Yang J, Rakotz MK, et al. Self-reported antihypertensive medication class and temporal relationship to treatment guidelines. Hypertension. 2022;79(2):338-348.",1.0
Q2025-187,3,"Flack JM, Buhnerkempe MG. Race and antihypertensive drug therapy: edging closer to a new paradigm. Hypertension. 2022;79(2):349-351.",1.0
Q2025-187,4,Clarke SL. Hypertension in adults: initial evaluation and management. Am Fam Physician. 2023;108(4):352-359.,1.0
Q2025-187,5,"Smith DK, Lennon RP, Carlsgaard PB. Managing hypertension using combination therapy. Am Fam Physician. 2020;101(6):341-349.",1.0
Q2025-188,1,"Klein DA, Sylvester JE, Schvey NA. Eating disorders in primary care: diagnosis and management. Am Fam Physician. 2021;103(1):22-32.",1.0
Q2025-189,1,"Wilkins T, McMechan D, Talukder A, Herline A. Colorectal cancer screening and surveillance in individuals at increased risk. Am Fam Physician. 2018;97(2):111-116.",1.0
Q2025-189,2,"Final recommendation statement: colorectal cancer: screening. US Preventive Services Task Force. May 18, 2021.",1.0
Q2025-190,1,"Meng WB, Li X, Li YM, Zhou WC, Zhu XL. Three initial diets for management of mild acute pancreatitis: a meta-analysis. World J Gastroenterol. 2011;17(37):4235-4241.",1.0
Q2025-190,2,"Vivian E, Cler L, Conwell D, et al. Acute Pancreatitis Task Force on Quality: development of quality indicators for acute pancreatitis management. Am J Gastroenterol. 2019;114(8):1322-1342.",1.0
Q2025-190,3,"Qi D, Yu B, Huang J, Peng M. Meta-analysis of early enteral nutrition provided within 24 hours of admission on clinical outcomes in acute pancreatitis. J Parenter Enteral Nutr. 2018;42(7):1139-1147.",1.0
Q2025-190,4,"Mederos MA, Reber HA, Girgis MD. Acute pancreatitis: a review. JAMA. 2021;325(4):382�390.",1.0
Q2025-190,5,"Al-Omran M, AlBalawi ZH, Tashkandi MF, Al-Ansary LA. Enteral versus parenteral nutrition for acute pancreatitis. Cochrane Database Syst Rev. 2010;(1):CD002837.",1.0
Q2025-191,1,"Final recommendation statement: osteoporosis to prevent fractures: screening. US Preventive Services Task Force. January 14, 2025.",0.994
Q2025-192,1,"Kim MJ, Valerio C, Knobloch GK. Potassium disorders: hypokalemia and hyperkalemia. Am Fam Physician. 2023;107(1):59-70.",1.0
Q2025-192,2,"Durfey N, Lehnhof B, Bergeson A, et al. Severe hyperkalemia: can the electrocardiogram risk stratify for short-term adverse events? West J Emerg Med. 2017;18(5):963-971.",1.0
Q2025-193,1,"Quinn B, Halepas S. Fractured and avulsed teeth. In: Niekrash CE, Ferneini EM, Goupil MT, eds. Dental Science for the Medical Professional: An Evidence-Based Approach. Springer, 2023:329-335.",1.0
Q2025-193,2,"Stephens MB, Wiedemer JP, Kushner GM. Dental problems in primary care. Am Fam Physician. 2018;98(11):654-660.",1.0
Q2025-194,1,"Ross DS, Burch HB, Cooper DS, et al. 2016 American Thyroid Association guidelines for diagnosis and management of hyperthyroidism and other causes of thyrotoxicosis. Thyroid. 2016;26(10):1343-1421.",1.0
Q2025-194,2,Kravets I. Hyperthyroidism: diagnosis and treatment. Am Fam Physician. 2016;93(5):363�370.,1.0
Q2025-195,1,"Jaqua EE, Nguyen VTN, Chin E. Delirium in older persons: prevention, evaluation, and management. Am Fam Physician. 2023;108(3):278-287.",1.0
Q2025-195,2,"Jones HT, Davis DH. What you need to know about: delirium in older adults in hospital. Br J Hosp Med (Lond). 2021;82(12):1-10.",1.0
Q2025-195,3,"American Psychiatric Association, ed. Diagnostic and Statistical Manual of Mental Disorders: DSM-5-TR. 5th edition, text revision. American Psychiatric Association Publishing; 2022.",1.0
Q2025-196,1,"Barstow C, Shahan B, Roberts M. Evaluating medical decision-making capacity in practice. Am Fam Physician. 2018;98(1):40-46.",1.0
Q2025-197,1,Pyzocha N. Accidental hypothermia: guidelines from the Wilderness Medical Society. Am Fam Physician. 2020;102(9):571-572.,1.0
Q2025-197,2,"Dow J, Giesbrecht GG, Danzl DF, et al. Wilderness Medical Society clinical practice guidelines for the out-of-hospital evaluation and treatment of accidental hypothermia: 2019 update. Wilderness Environ Med. 2019;30(4_suppl):S47-S69.",1.0
Q2025-198,1,"Stevermer JJ, Fink KS. Counseling patients about prostate cancer screening. Am Fam Physician. 2018;98(8):478-483.",1.0
Q2025-198,2,"Prostate-specific antigen (PSA) test. National Cancer Institute. Updated January 31, 2025.",1.0
Q2025-198,3,"Wei JT, Barocas D, Carlsson S, et al. Early detection of prostate cancer: AUA/SUO guideline part I: prostate cancer screening. J Urol. 2023;210(1):46-53.",1.0
Q2025-198,4,"Wei JT, Barocas D, Carlsson S, et al. Early detection of prostate cancer: AUA/SUO guideline part II: considerations for a prostate biopsy. J Urol. 2023;210(1):54-63.",1.0
Q2025-199,1,"Meisenheimer ES, Epstein C, Thiel D. Acute diarrhea in adults. Am Fam Physician. 2022;106(1):72-80.",1.0
Q2025-200,1,"Ellis R, Ellis C. Dog and cat bites. Am Fam Physician. 2014;90(4):239-243.",1.0
Q2025-200,2,"Ortiz DD, Lezcano FO. Dog and cat bites: rapid evidence review. Am Fam Physician. 2023;108(5):501-505.",1.0
