QuestionID,ExamYear,BodySystem,BodySystem_Source,BodySystem_Confidence
Q2020-001,2020,Cardiovascular,Predicted,1.128
Q2020-002,2020,Respiratory,Predicted,1.084
Q2020-003,2020,Gastrointestinal,Predicted,1.075
Q2020-004,2020,Endocrine,Predicted,1.072
Q2020-005,2020,Gastrointestinal,Predicted,1.06
Q2020-006,2020,Gastrointestinal,Predicted,1.021
Q2020-007,2020,Nonspecific,Predicted,1.153
Q2020-008,2020,Psychogenic,Predicted,1.075
Q2020-009,2020,Cardiovascular,Predicted,1.034
Q2020-010,2020,Respiratory,Predicted,1.047
Q2020-011,2020,Integumentary,Predicted,1.067
Q2020-012,2020,Reproductive: Female,Predicted,1.125
Q2020-013,2020,Cardiovascular,Predicted,1.097
Q2020-014,2020,Population-Based Care,Predicted,1.197
Q2020-015,2020,Respiratory,Predicted,1.108
Q2020-016,2020,Cardiovascular,Predicted,1.097
Q2020-017,2020,Musculoskeletal,Predicted,1.107
Q2020-018,2020,Integumentary,Predicted,1.063
Q2020-019,2020,Nonspecific,Predicted,1.061
Q2020-020,2020,Respiratory,Predicted,1.131
Q2020-021,2020,Gastrointestinal,Predicted,1.144
Q2020-022,2020,Nonspecific,Predicted,1.105
Q2020-023,2020,Endocrine,Predicted,1.018
Q2020-024,2020,Patient-Based Systems,Predicted,1.033
Q2020-025,2020,Endocrine,Predicted,1.046
Q2020-026,2020,Respiratory,Predicted,1.098
Q2020-027,2020,Musculoskeletal,Predicted,1.098
Q2020-028,2020,Special Sensory,Predicted,1.07
Q2020-029,2020,Integumentary,Predicted,1.097
Q2020-030,2020,Nephrologic,Predicted,1.06
Q2020-031,2020,Population-Based Care,Predicted,1.097
Q2020-032,2020,Respiratory,Predicted,1.02
Q2020-033,2020,Integumentary,Predicted,1.092
Q2020-034,2020,Cardiovascular,Predicted,1.154
Q2020-035,2020,Endocrine,Predicted,1.049
Q2020-036,2020,Respiratory,Predicted,1.083
Q2020-037,2020,Gastrointestinal,Predicted,1.039
Q2020-038,2020,Population-Based Care,Predicted,1.112
Q2020-039,2020,Gastrointestinal,Predicted,1.123
Q2020-040,2020,Cardiovascular,Predicted,1.122
Q2020-041,2020,Patient-Based Systems,Predicted,1.107
Q2020-042,2020,Cardiovascular,Predicted,1.116
Q2020-043,2020,Musculoskeletal,Predicted,1.073
Q2020-044,2020,Respiratory,Predicted,1.144
Q2020-045,2020,Patient-Based Systems,Predicted,1.033
Q2020-046,2020,Cardiovascular,Predicted,1.139
Q2020-047,2020,Patient-Based Systems,Predicted,1.063
Q2020-048,2020,Nonspecific,Predicted,1.002
Q2020-049,2020,Musculoskeletal,Predicted,1.102
Q2020-050,2020,Cardiovascular,Predicted,1.197
Q2020-051,2020,Endocrine,Predicted,1.141
Q2020-052,2020,Cardiovascular,Predicted,1.09
Q2020-053,2020,Respiratory,Predicted,1.116
Q2020-054,2020,Respiratory,Predicted,1.08
Q2020-055,2020,Nephrologic,Predicted,1.124
Q2020-056,2020,Patient-Based Systems,Predicted,1.07
Q2020-057,2020,Patient-Based Systems,Predicted,1.043
Q2020-058,2020,Musculoskeletal,Predicted,1.07
Q2020-059,2020,Cardiovascular,Predicted,1.142
Q2020-060,2020,Respiratory,Predicted,1.245
Q2020-061,2020,Psychogenic,Predicted,1.2
Q2020-062,2020,Nonspecific,Predicted,1.069
Q2020-063,2020,Gastrointestinal,Predicted,1.047
Q2020-064,2020,Endocrine,Predicted,1.135
Q2020-065,2020,Gastrointestinal,Predicted,1.046
Q2020-066,2020,Cardiovascular,Predicted,1.122
Q2020-067,2020,Respiratory,Predicted,1.107
Q2020-068,2020,Musculoskeletal,Predicted,1.14
Q2020-069,2020,Reproductive: Female,Predicted,1.071
Q2020-070,2020,Nephrologic,Predicted,1.079
Q2020-071,2020,Cardiovascular,Predicted,1.095
Q2020-072,2020,Respiratory,Predicted,1.165
Q2020-073,2020,Nonspecific,Predicted,1.05
Q2020-074,2020,Endocrine,Predicted,1.137
Q2020-075,2020,Cardiovascular,Predicted,1.083
Q2020-076,2020,Endocrine,Predicted,1.166
Q2020-077,2020,Musculoskeletal,Predicted,1.079
Q2020-078,2020,Nonspecific,Predicted,1.018
Q2020-079,2020,Respiratory,Predicted,1.12
Q2020-080,2020,Gastrointestinal,Predicted,1.134
Q2020-081,2020,Cardiovascular,Predicted,1.139
Q2020-082,2020,Cardiovascular,Predicted,1.155
Q2020-083,2020,Musculoskeletal,Predicted,1.125
Q2020-084,2020,Patient-Based Systems,Predicted,1.085
Q2020-085,2020,Population-Based Care,Predicted,1.149
Q2020-086,2020,Respiratory,Predicted,1.088
Q2020-087,2020,Endocrine,Predicted,1.077
Q2020-088,2020,Population-Based Care,Predicted,1.05
Q2020-089,2020,Cardiovascular,Predicted,1.096
Q2020-090,2020,Nephrologic,Predicted,1.065
Q2020-091,2020,Respiratory,Predicted,1.165
Q2020-092,2020,Cardiovascular,Predicted,1.077
Q2020-093,2020,Psychogenic,Predicted,1.056
Q2020-094,2020,Gastrointestinal,Predicted,0.996
Q2020-095,2020,Musculoskeletal,Predicted,1.194
Q2020-096,2020,Cardiovascular,Predicted,1.157
Q2020-097,2020,Nonspecific,Predicted,1.053
Q2020-098,2020,Population-Based Care,Predicted,1.052
Q2020-099,2020,Endocrine,Predicted,1.074
Q2020-100,2020,Patient-Based Systems,Predicted,1.031
Q2020-101,2020,Cardiovascular,Predicted,1.166
Q2020-102,2020,Endocrine,Predicted,1.061
Q2020-103,2020,Respiratory,Predicted,1.099
Q2020-104,2020,Nonspecific,Predicted,1.11
Q2020-105,2020,Musculoskeletal,Predicted,1.103
Q2020-106,2020,Musculoskeletal,Predicted,1.105
Q2020-107,2020,Cardiovascular,Predicted,1.074
Q2020-108,2020,Integumentary,Predicted,1.118
Q2020-109,2020,Population-Based Care,Predicted,1.076
Q2020-110,2020,Psychogenic,Predicted,1.082
Q2020-111,2020,Endocrine,Predicted,1.095
Q2020-112,2020,Musculoskeletal,Predicted,1.122
Q2020-113,2020,Cardiovascular,Predicted,1.1
Q2020-114,2020,Gastrointestinal,Predicted,1.09
Q2020-115,2020,Psychogenic,Predicted,1.029
Q2020-116,2020,Respiratory,Predicted,1.061
Q2020-117,2020,Respiratory,Predicted,1.135
Q2020-118,2020,Endocrine,Predicted,1.151
Q2020-119,2020,Psychogenic,Predicted,1.075
Q2020-120,2020,Musculoskeletal,Predicted,1.081
Q2020-121,2020,Endocrine,Predicted,1.156
Q2020-122,2020,Integumentary,Predicted,1.035
Q2020-123,2020,Cardiovascular,Predicted,1.072
Q2020-124,2020,Population-Based Care,Predicted,1.098
Q2020-125,2020,Nephrologic,Predicted,1.097
Q2020-126,2020,Neurologic,Predicted,1.115
Q2020-127,2020,Respiratory,Predicted,1.145
Q2020-128,2020,Cardiovascular,Predicted,1.151
Q2020-129,2020,Reproductive: Female,Predicted,1.092
Q2020-130,2020,Gastrointestinal,Predicted,1.038
Q2020-131,2020,Nonspecific,Predicted,1.124
Q2020-132,2020,Neurologic,Predicted,1.072
Q2020-133,2020,Psychogenic,Predicted,1.04
Q2020-134,2020,Nonspecific,Predicted,1.052
Q2020-135,2020,Cardiovascular,Predicted,1.047
Q2020-136,2020,Musculoskeletal,Predicted,1.104
Q2020-137,2020,Respiratory,Predicted,1.101
Q2020-138,2020,Endocrine,Predicted,1.124
Q2020-139,2020,Integumentary,Predicted,1.07
Q2020-140,2020,Gastrointestinal,Predicted,1.142
Q2020-141,2020,Patient-Based Systems,Predicted,1.079
Q2020-142,2020,Nonspecific,Predicted,1.109
Q2020-143,2020,Musculoskeletal,Predicted,1.087
Q2020-144,2020,Respiratory,Predicted,1.086
Q2020-145,2020,Psychogenic,Predicted,1.166
Q2020-146,2020,Hematologic/ Immune,Predicted,1.109
Q2020-147,2020,Cardiovascular,Predicted,1.04
Q2020-148,2020,Special Sensory,Predicted,1.138
Q2020-149,2020,Integumentary,Predicted,1.099
Q2020-150,2020,Nonspecific,Predicted,1.005
Q2020-151,2020,Musculoskeletal,Predicted,1.055
Q2020-152,2020,Psychogenic,Predicted,1.135
Q2020-153,2020,Population-Based Care,Predicted,1.086
Q2020-154,2020,Cardiovascular,Predicted,1.112
Q2020-155,2020,Cardiovascular,Predicted,1.152
Q2020-156,2020,Respiratory,Predicted,1.093
Q2020-157,2020,Endocrine,Predicted,1.097
Q2020-158,2020,Musculoskeletal,Predicted,1.06
Q2020-159,2020,Respiratory,Predicted,1.114
Q2020-160,2020,Psychogenic,Predicted,1.075
Q2020-161,2020,Musculoskeletal,Predicted,1.111
Q2020-162,2020,Patient-Based Systems,Predicted,1.032
Q2020-163,2020,Nonspecific,Predicted,1.066
Q2020-164,2020,Cardiovascular,Predicted,1.09
Q2020-165,2020,Integumentary,Predicted,1.092
Q2020-166,2020,Respiratory,Predicted,1.209
Q2020-167,2020,Musculoskeletal,Predicted,1.143
Q2020-168,2020,Cardiovascular,Predicted,1.078
Q2020-169,2020,Endocrine,Predicted,1.064
Q2020-170,2020,Nonspecific,Predicted,0.996
Q2020-171,2020,Cardiovascular,Predicted,1.159
Q2020-172,2020,Integumentary,Predicted,1.182
Q2020-173,2020,Gastrointestinal,Predicted,1.073
Q2020-174,2020,Respiratory,Predicted,1.083
Q2020-175,2020,Integumentary,Predicted,1.075
Q2020-176,2020,Patient-Based Systems,Predicted,1.113
Q2020-177,2020,Hematologic/ Immune,Predicted,1.134
Q2020-178,2020,Musculoskeletal,Predicted,1.098
Q2020-179,2020,Respiratory,Predicted,1.109
Q2020-180,2020,Population-Based Care,Predicted,1.074
Q2020-181,2020,Cardiovascular,Predicted,1.092
Q2020-182,2020,Gastrointestinal,Predicted,1.035
Q2020-183,2020,Cardiovascular,Predicted,1.121
Q2020-184,2020,Musculoskeletal,Predicted,1.088
Q2020-185,2020,Musculoskeletal,Predicted,1.137
Q2020-186,2020,Musculoskeletal,Predicted,1.102
Q2020-187,2020,Respiratory,Predicted,1.046
Q2020-188,2020,Psychogenic,Predicted,1.158
Q2020-189,2020,Special Sensory,Predicted,1.079
Q2020-190,2020,Respiratory,Predicted,1.193
Q2020-191,2020,Psychogenic,Predicted,1.08
Q2020-192,2020,Integumentary,Predicted,1.108
Q2020-193,2020,Musculoskeletal,Predicted,1.153
Q2020-194,2020,Respiratory,Predicted,1.141
Q2020-195,2020,Cardiovascular,Predicted,1.048
Q2020-196,2020,Hematologic/ Immune,Predicted,1.152
Q2020-197,2020,Reproductive: Male,Predicted,1.092
Q2020-198,2020,Integumentary,Predicted,1.042
Q2020-199,2020,Musculoskeletal,Predicted,1.076
Q2020-200,2020,Respiratory,Predicted,1.107
Q2021-201,2021,Cardiovascular,Predicted,1.178
Q2021-202,2021,Respiratory,Predicted,1.1
Q2021-203,2021,Gastrointestinal,Predicted,1.133
Q2021-204,2021,Psychogenic,Predicted,1.044
Q2021-205,2021,Musculoskeletal,Predicted,1.1
Q2021-206,2021,Endocrine,Predicted,1.107
Q2021-207,2021,Respiratory,Predicted,1.114
Q2021-208,2021,Cardiovascular,Predicted,1.066
Q2021-209,2021,Patient-Based Systems,Predicted,1.064
Q2021-210,2021,Integumentary,Predicted,1.12
Q2021-211,2021,Nephrologic,Predicted,1.074
Q2021-212,2021,Nonspecific,Predicted,1.053
Q2021-213,2021,Gastrointestinal,Predicted,1.058
Q2021-214,2021,Respiratory,Predicted,1.154
Q2021-215,2021,Musculoskeletal,Predicted,1.061
Q2021-216,2021,Gastrointestinal,Predicted,1.173
Q2021-217,2021,Endocrine,Predicted,0.997
Q2021-218,2021,Nonspecific,Predicted,1.095
Q2021-219,2021,Population-Based Care,Predicted,1.067
Q2021-220,2021,Neurologic,Predicted,1.067
Q2021-221,2021,Hematologic/ Immune,Predicted,1.102
Q2021-222,2021,Psychogenic,Predicted,1.124
Q2021-223,2021,Cardiovascular,Predicted,1.143
Q2021-224,2021,Integumentary,Predicted,1.132
Q2021-225,2021,Respiratory,Predicted,1.07
Q2021-226,2021,Hematologic/ Immune,Predicted,1.144
Q2021-227,2021,Musculoskeletal,Predicted,1.095
Q2021-228,2021,Endocrine,Predicted,1.147
Q2021-229,2021,Respiratory,Predicted,1.185
Q2021-230,2021,Cardiovascular,Predicted,1.052
Q2021-231,2021,Gastrointestinal,Predicted,1.13
Q2021-232,2021,Respiratory,Predicted,1.099
Q2021-233,2021,Musculoskeletal,Predicted,1.196
Q2021-234,2021,Nonspecific,Predicted,1.081
Q2021-235,2021,Respiratory,Predicted,1.109
Q2021-236,2021,Integumentary,Predicted,1.062
Q2021-237,2021,Nephrologic,Predicted,1.094
Q2021-238,2021,Endocrine,Predicted,1.075
Q2021-239,2021,Cardiovascular,Predicted,1.219
Q2021-240,2021,Psychogenic,Predicted,1.136
Q2021-241,2021,Respiratory,Predicted,1.177
Q2021-242,2021,Musculoskeletal,Predicted,1.08
Q2021-243,2021,Endocrine,Predicted,1.092
Q2021-244,2021,Patient-Based Systems,Predicted,1.11
Q2021-245,2021,Psychogenic,Predicted,1.106
Q2021-246,2021,Gastrointestinal,Predicted,1.16
Q2021-247,2021,Cardiovascular,Predicted,1.084
Q2021-248,2021,Cardiovascular,Predicted,1.189
Q2021-249,2021,Respiratory,Predicted,1.129
Q2021-250,2021,Integumentary,Predicted,1.111
Q2021-251,2021,Musculoskeletal,Predicted,1.025
Q2021-252,2021,Psychogenic,Predicted,1.077
Q2021-253,2021,Respiratory,Predicted,1.151
Q2021-254,2021,Nonspecific,Predicted,1.06
Q2021-255,2021,Psychogenic,Predicted,1.105
Q2021-256,2021,Endocrine,Predicted,1.099
Q2021-257,2021,Psychogenic,Predicted,1.123
Q2021-258,2021,Musculoskeletal,Predicted,1.078
Q2021-259,2021,Patient-Based Systems,Predicted,1.036
Q2021-260,2021,Cardiovascular,Predicted,1.045
Q2021-261,2021,Cardiovascular,Predicted,1.065
Q2021-262,2021,Nephrologic,Predicted,1.04
Q2021-263,2021,Gastrointestinal,Predicted,1.071
Q2021-264,2021,Population-Based Care,Predicted,1.116
Q2021-265,2021,Endocrine,Predicted,1.137
Q2021-266,2021,Respiratory,Predicted,1.126
Q2021-267,2021,Musculoskeletal,Predicted,1.069
Q2021-268,2021,Musculoskeletal,Predicted,1.16
Q2021-269,2021,Cardiovascular,Predicted,1.08
Q2021-270,2021,Respiratory,Predicted,1.116
Q2021-271,2021,Respiratory,Predicted,1.018
Q2021-272,2021,Psychogenic,Predicted,1.039
Q2021-273,2021,Endocrine,Predicted,1.067
Q2021-274,2021,Nonspecific,Predicted,1.014
Q2021-275,2021,Musculoskeletal,Predicted,1.064
Q2021-276,2021,Population-Based Care,Predicted,1.061
Q2021-277,2021,Cardiovascular,Predicted,1.117
Q2021-278,2021,Psychogenic,Predicted,1.074
Q2021-279,2021,Integumentary,Predicted,1.123
Q2021-280,2021,Cardiovascular,Predicted,1.141
Q2021-281,2021,Endocrine,Predicted,1.103
Q2021-282,2021,Musculoskeletal,Predicted,1.116
Q2021-283,2021,Respiratory,Predicted,1.112
Q2021-284,2021,Respiratory,Predicted,1.041
Q2021-285,2021,Cardiovascular,Predicted,1.164
Q2021-286,2021,Gastrointestinal,Predicted,1.132
Q2021-287,2021,Population-Based Care,Predicted,1.066
Q2021-288,2021,Reproductive: Female,Predicted,1.059
Q2021-289,2021,Nonspecific,Predicted,1.088
Q2021-290,2021,Musculoskeletal,Predicted,1.084
Q2021-291,2021,Cardiovascular,Predicted,1.099
Q2021-292,2021,Integumentary,Predicted,1.127
Q2021-293,2021,Respiratory,Predicted,1.084
Q2021-294,2021,Neurologic,Predicted,1.085
Q2021-295,2021,Nonspecific,Predicted,1.008
Q2021-296,2021,Integumentary,Predicted,1.095
Q2021-297,2021,Integumentary,Predicted,1.051
Q2021-298,2021,Endocrine,Predicted,1.125
Q2021-299,2021,Cardiovascular,Predicted,1.151
Q2021-300,2021,Population-Based Care,Predicted,1.11
Q2021-301,2021,Respiratory,Predicted,1.09
Q2021-302,2021,Musculoskeletal,Predicted,1.145
Q2021-303,2021,Gastrointestinal,Predicted,1.06
Q2021-304,2021,Cardiovascular,Predicted,1.249
Q2021-305,2021,Population-Based Care,Predicted,1.103
Q2021-306,2021,Hematologic/ Immune,Predicted,1.095
Q2021-307,2021,Endocrine,Predicted,1.082
Q2021-308,2021,Respiratory,Predicted,1.075
Q2021-309,2021,Musculoskeletal,Predicted,1.126
Q2021-310,2021,Respiratory,Predicted,1.126
Q2021-311,2021,Integumentary,Predicted,1.079
Q2021-312,2021,Psychogenic,Predicted,1.104
Q2021-313,2021,Musculoskeletal,Predicted,1.144
Q2021-314,2021,Endocrine,Predicted,1.113
Q2021-315,2021,Gastrointestinal,Predicted,1.08
Q2021-316,2021,Musculoskeletal,Predicted,1.054
Q2021-317,2021,Respiratory,Predicted,1.121
Q2021-318,2021,Psychogenic,Predicted,1.149
Q2021-319,2021,Cardiovascular,Predicted,1.099
Q2021-320,2021,Gastrointestinal,Predicted,1.075
Q2021-321,2021,Integumentary,Predicted,1.144
Q2021-322,2021,Musculoskeletal,Predicted,1.128
Q2021-323,2021,Respiratory,Predicted,1.02
Q2021-324,2021,Cardiovascular,Predicted,1.155
Q2021-325,2021,Patient-Based Systems,Predicted,1.063
Q2021-326,2021,Nephrologic,Predicted,1.033
Q2021-327,2021,Patient-Based Systems,Predicted,1.076
Q2021-328,2021,Patient-Based Systems,Predicted,1.156
Q2021-329,2021,Psychogenic,Predicted,1.192
Q2021-330,2021,Endocrine,Predicted,1.044
Q2021-331,2021,Musculoskeletal,Predicted,1.063
Q2021-332,2021,Cardiovascular,Predicted,1.159
Q2021-333,2021,Population-Based Care,Predicted,1.084
Q2021-334,2021,Respiratory,Predicted,1.136
Q2021-335,2021,Gastrointestinal,Predicted,1.176
Q2021-336,2021,Special Sensory,Predicted,1.155
Q2021-337,2021,Musculoskeletal,Predicted,1.045
Q2021-338,2021,Nonspecific,Predicted,1.068
Q2021-339,2021,Endocrine,Predicted,1.072
Q2021-340,2021,Musculoskeletal,Predicted,1.134
Q2021-341,2021,Respiratory,Predicted,1.044
Q2021-342,2021,Musculoskeletal,Predicted,1.018
Q2021-343,2021,Cardiovascular,Predicted,1.082
Q2021-344,2021,Patient-Based Systems,Predicted,1.068
Q2021-345,2021,Endocrine,Predicted,1.118
Q2021-346,2021,Psychogenic,Predicted,1.163
Q2021-347,2021,Musculoskeletal,Predicted,1.056
Q2021-348,2021,Respiratory,Predicted,1.071
Q2021-349,2021,Gastrointestinal,Predicted,1.09
Q2021-350,2021,Respiratory,Predicted,1.212
Q2021-351,2021,Nonspecific,Predicted,1.132
Q2021-352,2021,Reproductive: Female,Predicted,1.021
Q2021-353,2021,Respiratory,Predicted,1.108
Q2021-354,2021,Musculoskeletal,Predicted,1.147
Q2021-355,2021,Respiratory,Predicted,1.203
Q2021-356,2021,Cardiovascular,Predicted,1.109
Q2021-357,2021,Hematologic/ Immune,Predicted,1.096
Q2021-358,2021,Reproductive: Female,Predicted,1.06
Q2021-359,2021,Psychogenic,Predicted,1.06
Q2021-360,2021,Respiratory,Predicted,1.187
Q2021-361,2021,Musculoskeletal,Predicted,1.064
Q2021-362,2021,Integumentary,Predicted,1.131
Q2021-363,2021,Cardiovascular,Predicted,1.123
Q2021-364,2021,Musculoskeletal,Predicted,1.091
Q2021-365,2021,Gastrointestinal,Predicted,1.097
Q2021-366,2021,Cardiovascular,Predicted,1.092
Q2021-367,2021,Population-Based Care,Predicted,1.13
Q2021-368,2021,Respiratory,Predicted,1.109
Q2021-369,2021,Hematologic/ Immune,Predicted,1.102
Q2021-370,2021,Endocrine,Predicted,1.075
Q2021-371,2021,Musculoskeletal,Predicted,1.127
Q2021-372,2021,Cardiovascular,Predicted,1.162
Q2021-373,2021,Respiratory,Predicted,1.108
Q2021-374,2021,Psychogenic,Predicted,1.036
Q2021-375,2021,Reproductive: Female,Predicted,1.022
Q2021-376,2021,Nonspecific,Predicted,1.058
Q2021-377,2021,Musculoskeletal,Predicted,1.069
Q2021-378,2021,Patient-Based Systems,Predicted,1.064
Q2021-379,2021,Gastrointestinal,Predicted,1.239
Q2021-380,2021,Respiratory,Predicted,1.141
Q2021-381,2021,Cardiovascular,Predicted,1.105
Q2021-382,2021,Nephrologic,Predicted,1.14
Q2021-383,2021,Respiratory,Predicted,1.12
Q2021-384,2021,Neurologic,Predicted,1.121
Q2021-385,2021,Cardiovascular,Predicted,1.164
Q2021-386,2021,Integumentary,Predicted,1.121
Q2021-387,2021,Musculoskeletal,Predicted,1.142
Q2021-388,2021,Respiratory,Predicted,1.11
Q2021-389,2021,Cardiovascular,Predicted,1.114
Q2021-390,2021,Endocrine,Predicted,1.061
Q2021-391,2021,Musculoskeletal,Predicted,1.074
Q2021-392,2021,Endocrine,Predicted,1.168
Q2021-393,2021,Gastrointestinal,Predicted,1.081
Q2021-394,2021,Endocrine,Predicted,1.065
Q2021-395,2021,Respiratory,Predicted,1.079
Q2021-396,2021,Nonspecific,Predicted,1.034
Q2021-397,2021,Musculoskeletal,Predicted,1.109
Q2021-398,2021,Population-Based Care,Predicted,1.141
Q2021-399,2021,Cardiovascular,Predicted,1.15
Q2021-400,2021,Endocrine,Predicted,1.142
Q2022-401,2022,Cardiovascular,Extracted,1.0
Q2022-402,2022,Respiratory,Extracted,1.0
Q2022-403,2022,Gastrointestinal,Extracted,1.0
Q2022-404,2022,Psychogenic,Extracted,1.0
Q2022-405,2022,Musculoskeletal,Extracted,1.0
Q2022-406,2022,Endocrine,Extracted,1.0
Q2022-407,2022,Nonspecific,Extracted,1.0
Q2022-408,2022,Reproductive: Male,Extracted,1.0
Q2022-409,2022,Patient-Based Systems,Extracted,1.0
Q2022-410,2022,Integumentary,Extracted,1.0
Q2022-411,2022,Nephrologic,Extracted,1.0
Q2022-412,2022,Reproductive: Female,Extracted,1.0
Q2022-413,2022,Cardiovascular,Extracted,1.0
Q2022-414,2022,Respiratory,Extracted,1.0
Q2022-415,2022,Musculoskeletal,Extracted,1.0
Q2022-416,2022,Gastrointestinal,Extracted,1.0
Q2022-417,2022,Endocrine,Extracted,1.0
Q2022-418,2022,Nonspecific,Extracted,1.0
Q2022-419,2022,Population-Based Care,Extracted,1.0
Q2022-420,2022,Neurologic,Extracted,1.0
Q2022-421,2022,Hematologic/ Immune,Extracted,1.0
Q2022-422,2022,Psychogenic,Extracted,1.0
Q2022-423,2022,Cardiovascular,Extracted,1.0
Q2022-424,2022,Integumentary,Extracted,1.0
Q2022-425,2022,Respiratory,Extracted,1.0
Q2022-426,2022,Gastrointestinal,Extracted,1.0
Q2022-427,2022,Musculoskeletal,Extracted,1.0
Q2022-428,2022,Endocrine,Extracted,1.0
Q2022-429,2022,Nonspecific,Extracted,1.0
Q2022-430,2022,Cardiovascular,Extracted,1.0
Q2022-431,2022,Gastrointestinal,Extracted,1.0
Q2022-432,2022,Respiratory,Extracted,1.0
Q2022-433,2022,Musculoskeletal,Extracted,1.0
Q2022-434,2022,Nonspecific,Extracted,1.0
Q2022-435,2022,Population-Based Care,Extracted,1.0
Q2022-436,2022,Integumentary,Extracted,1.0
Q2022-437,2022,Nephrologic,Extracted,1.0
Q2022-438,2022,Special Sensory,Extracted,1.0
Q2022-439,2022,Cardiovascular,Extracted,1.0
Q2022-440,2022,Psychogenic,Extracted,1.0
Q2022-441,2022,Respiratory,Extracted,1.0
Q2022-442,2022,Musculoskeletal,Extracted,1.0
Q2022-443,2022,Endocrine,Extracted,1.0
Q2022-444,2022,Patient-Based Systems,Extracted,1.0
Q2022-445,2022,Neurologic,Extracted,1.0
Q2022-446,2022,Gastrointestinal,Extracted,1.0
Q2022-447,2022,Nonspecific,Extracted,1.0
Q2022-448,2022,Cardiovascular,Extracted,1.0
Q2022-449,2022,Respiratory,Extracted,1.0
Q2022-450,2022,Integumentary,Extracted,1.0
Q2022-451,2022,Musculoskeletal,Extracted,1.0
Q2022-452,2022,Population-Based Care,Extracted,1.0
Q2022-453,2022,Hematologic/ Immune,Extracted,1.0
Q2022-454,2022,Reproductive: Female,Extracted,1.0
Q2022-455,2022,Nonspecific,Extracted,1.0
Q2022-456,2022,Endocrine,Extracted,1.0
Q2022-457,2022,Psychogenic,Extracted,1.0
Q2022-458,2022,Musculoskeletal,Extracted,1.0
Q2022-459,2022,Patient-Based Systems,Extracted,1.0
Q2022-460,2022,Respiratory,Extracted,1.0
Q2022-461,2022,Cardiovascular,Extracted,1.0
Q2022-462,2022,Nephrologic,Extracted,1.0
Q2022-463,2022,Gastrointestinal,Predicted,1.086
Q2022-464,2022,Population-Based Care,Extracted,1.0
Q2022-465,2022,Endocrine,Extracted,1.0
Q2022-466,2022,Respiratory,Extracted,1.0
Q2022-467,2022,Musculoskeletal,Extracted,1.0
Q2022-468,2022,Integumentary,Extracted,1.0
Q2022-469,2022,Cardiovascular,Extracted,1.0
Q2022-470,2022,Respiratory,Extracted,1.0
Q2022-471,2022,Hematologic/ Immune,Extracted,1.0
Q2022-472,2022,Psychogenic,Extracted,1.0
Q2022-473,2022,Population-Based Care,Extracted,1.0
Q2022-474,2022,Nonspecific,Extracted,1.0
Q2022-475,2022,Musculoskeletal,Extracted,1.0
Q2022-476,2022,Respiratory,Extracted,1.0
Q2022-477,2022,Cardiovascular,Extracted,1.0
Q2022-478,2022,Neurologic,Extracted,1.0
Q2022-479,2022,Integumentary,Extracted,1.0
Q2022-480,2022,Nonspecific,Extracted,1.0
Q2022-481,2022,Endocrine,Extracted,1.0
Q2022-482,2022,Musculoskeletal,Extracted,1.0
Q2022-483,2022,Patient-Based Systems,Extracted,1.0
Q2022-484,2022,Respiratory,Extracted,1.0
Q2022-485,2022,Cardiovascular,Extracted,1.0
Q2022-486,2022,Gastrointestinal,Extracted,1.0
Q2022-487,2022,Population-Based Care,Extracted,1.0
Q2022-488,2022,Reproductive: Female,Extracted,1.0
Q2022-489,2022,Nonspecific,Extracted,1.0
Q2022-490,2022,Musculoskeletal,Extracted,1.0
Q2022-491,2022,Cardiovascular,Extracted,1.0
Q2022-492,2022,Psychogenic,Extracted,1.0
Q2022-493,2022,Respiratory,Extracted,1.0
Q2022-494,2022,Population-Based Care,Extracted,1.0
Q2022-495,2022,Special Sensory,Extracted,1.0
Q2022-496,2022,Nephrologic,Extracted,1.0
Q2022-497,2022,Respiratory,Predicted,1.101
Q2022-498,2022,Endocrine,Extracted,1.0
Q2022-499,2022,Cardiovascular,Extracted,1.0
Q2022-500,2022,Patient-Based Systems,Extracted,1.0
Q2022-501,2022,Respiratory,Extracted,1.0
Q2022-502,2022,Musculoskeletal,Extracted,1.0
Q2022-503,2022,Nonspecific,Extracted,1.0
Q2022-504,2022,Gastrointestinal,Extracted,1.0
Q2022-505,2022,Psychogenic,Extracted,1.0
Q2022-506,2022,Hematologic/ Immune,Extracted,1.0
Q2022-507,2022,Cardiovascular,Extracted,1.0
Q2022-508,2022,Respiratory,Extracted,1.0
Q2022-509,2022,Musculoskeletal,Extracted,1.0
Q2022-510,2022,Nonspecific,Extracted,1.0
Q2022-511,2022,Integumentary,Extracted,1.0
Q2022-512,2022,Reproductive: Female,Extracted,1.0
Q2022-513,2022,Neurologic,Extracted,1.0
Q2022-514,2022,Endocrine,Extracted,1.0
Q2022-515,2022,Patient-Based Systems,Extracted,1.0
Q2022-516,2022,Musculoskeletal,Extracted,1.0
Q2022-517,2022,Respiratory,Extracted,1.0
Q2022-518,2022,Psychogenic,Extracted,1.0
Q2022-519,2022,Cardiovascular,Extracted,1.0
Q2022-520,2022,Gastrointestinal,Extracted,1.0
Q2022-521,2022,Nonspecific,Extracted,1.0
Q2022-522,2022,Musculoskeletal,Extracted,1.0
Q2022-523,2022,Cardiovascular,Extracted,1.0
Q2022-524,2022,Respiratory,Extracted,1.0
Q2022-525,2022,Patient-Based Systems,Extracted,1.0
Q2022-526,2022,Nephrologic,Extracted,1.0
Q2022-527,2022,Reproductive: Female,Extracted,1.0
Q2022-528,2022,Nonspecific,Extracted,1.0
Q2022-529,2022,Psychogenic,Extracted,1.0
Q2022-530,2022,Endocrine,Extracted,1.0
Q2022-531,2022,Musculoskeletal,Extracted,1.0
Q2022-532,2022,Cardiovascular,Extracted,1.0
Q2022-533,2022,Population-Based Care,Extracted,1.0
Q2022-534,2022,Respiratory,Extracted,1.0
Q2022-535,2022,Gastrointestinal,Extracted,1.0
Q2022-536,2022,Special Sensory,Extracted,1.0
Q2022-537,2022,Integumentary,Extracted,1.0
Q2022-538,2022,Respiratory,Predicted,1.05
Q2022-539,2022,Endocrine,Extracted,1.0
Q2022-540,2022,Cardiovascular,Extracted,1.0
Q2022-541,2022,Respiratory,Extracted,1.0
Q2022-542,2022,Musculoskeletal,Extracted,1.0
Q2022-543,2022,Neurologic,Extracted,1.0
Q2022-544,2022,Patient-Based Systems,Extracted,1.0
Q2022-545,2022,Endocrine,Extracted,1.0
Q2022-546,2022,Psychogenic,Extracted,1.0
Q2022-547,2022,Musculoskeletal,Extracted,1.0
Q2022-548,2022,Respiratory,Extracted,1.0
Q2022-549,2022,Gastrointestinal,Extracted,1.0
Q2022-550,2022,Cardiovascular,Extracted,1.0
Q2022-551,2022,Nonspecific,Extracted,1.0
Q2022-552,2022,Reproductive: Female,Extracted,1.0
Q2022-553,2022,Population-Based Care,Extracted,1.0
Q2022-554,2022,Musculoskeletal,Extracted,1.0
Q2022-555,2022,Respiratory,Extracted,1.0
Q2022-556,2022,Cardiovascular,Extracted,1.0
Q2022-557,2022,Endocrine,Predicted,1.057
Q2022-558,2022,Reproductive: Male,Extracted,1.0
Q2022-559,2022,Psychogenic,Extracted,1.0
Q2022-560,2022,Respiratory,Extracted,1.0
Q2022-561,2022,Nonspecific,Extracted,1.0
Q2022-562,2022,Integumentary,Extracted,1.0
Q2022-563,2022,Endocrine,Extracted,1.0
Q2022-564,2022,Musculoskeletal,Extracted,1.0
Q2022-565,2022,Gastrointestinal,Extracted,1.0
Q2022-566,2022,Cardiovascular,Predicted,1.189
Q2022-567,2022,Population-Based Care,Extracted,1.0
Q2022-568,2022,Respiratory,Extracted,1.0
Q2022-569,2022,Integumentary,Extracted,1.0
Q2022-570,2022,Endocrine,Extracted,1.0
Q2022-571,2022,Musculoskeletal,Extracted,1.0
Q2022-572,2022,Cardiovascular,Extracted,1.0
Q2022-573,2022,Respiratory,Extracted,1.0
Q2022-574,2022,Psychogenic,Extracted,1.0
Q2022-575,2022,Reproductive: Female,Extracted,1.0
Q2022-576,2022,Nonspecific,Extracted,1.0
Q2022-577,2022,Musculoskeletal,Extracted,1.0
Q2022-578,2022,Patient-Based Systems,Extracted,1.0
Q2022-579,2022,Gastrointestinal,Extracted,1.0
Q2022-580,2022,Respiratory,Extracted,1.0
Q2022-581,2022,Cardiovascular,Extracted,1.0
Q2022-582,2022,Endocrine,Extracted,1.0
Q2022-583,2022,Psychogenic,Extracted,1.0
Q2022-584,2022,Neurologic,Extracted,1.0
Q2022-585,2022,Nephrologic,Extracted,1.0
Q2022-586,2022,Integumentary,Extracted,1.0
Q2022-587,2022,Musculoskeletal,Extracted,1.0
Q2022-588,2022,Respiratory,Extracted,1.0
Q2022-589,2022,Cardiovascular,Extracted,1.0
Q2022-590,2022,Special Sensory,Extracted,1.0
Q2022-591,2022,Hematologic/ Immune,Extracted,1.0
Q2022-592,2022,Reproductive: Female,Extracted,1.0
Q2022-593,2022,Gastrointestinal,Extracted,1.0
Q2022-594,2022,Nonspecific,Extracted,1.0
Q2022-595,2022,Endocrine,Extracted,1.0
Q2022-596,2022,Psychogenic,Extracted,1.0
Q2022-597,2022,Musculoskeletal,Extracted,1.0
Q2022-598,2022,Patient-Based Systems,Extracted,1.0
Q2022-599,2022,Cardiovascular,Extracted,1.0
Q2022-600,2022,Respiratory,Extracted,1.0
Q2023-601,2023,Cardiovascular,Extracted,1.0
Q2023-602,2023,Respiratory,Extracted,1.0
Q2023-603,2023,Gastrointestinal,Extracted,1.0
Q2023-604,2023,Psychogenic,Extracted,1.0
Q2023-605,2023,Musculoskeletal,Extracted,1.0
Q2023-606,2023,Endocrine,Extracted,1.0
Q2023-607,2023,Nonspecific,Extracted,1.0
Q2023-608,2023,Reproductive: Male,Extracted,1.0
Q2023-609,2023,Patient-Based Systems,Extracted,1.0
Q2023-610,2023,Integumentary,Extracted,1.0
Q2023-611,2023,Nephrologic,Extracted,1.0
Q2023-612,2023,Reproductive: Female,Extracted,1.0
Q2023-613,2023,Cardiovascular,Extracted,1.0
Q2023-614,2023,Respiratory,Extracted,1.0
Q2023-615,2023,Musculoskeletal,Extracted,1.0
Q2023-616,2023,Gastrointestinal,Extracted,1.0
Q2023-617,2023,Endocrine,Extracted,1.0
Q2023-618,2023,Nonspecific,Extracted,1.0
Q2023-619,2023,Population-Based Care,Extracted,1.0
Q2023-620,2023,Neurologic,Extracted,1.0
Q2023-621,2023,Hematologic/ Immune,Extracted,1.0
Q2023-622,2023,Psychogenic,Extracted,1.0
Q2023-623,2023,Cardiovascular,Extracted,1.0
Q2023-624,2023,Integumentary,Extracted,1.0
Q2023-625,2023,Respiratory,Extracted,1.0
Q2023-626,2023,Gastrointestinal,Extracted,1.0
Q2023-627,2023,Musculoskeletal,Extracted,1.0
Q2023-628,2023,Endocrine,Extracted,1.0
Q2023-629,2023,Nonspecific,Extracted,1.0
Q2023-630,2023,Cardiovascular,Extracted,1.0
Q2023-631,2023,Gastrointestinal,Extracted,1.0
Q2023-632,2023,Respiratory,Extracted,1.0
Q2023-633,2023,Musculoskeletal,Extracted,1.0
Q2023-634,2023,Nonspecific,Extracted,1.0
Q2023-635,2023,Patient-Based Systems,Extracted,1.0
Q2023-636,2023,Integumentary,Extracted,1.0
Q2023-637,2023,Nephrologic,Extracted,1.0
Q2023-638,2023,Special Sensory,Extracted,1.0
Q2023-639,2023,Cardiovascular,Extracted,1.0
Q2023-640,2023,Psychogenic,Extracted,1.0
Q2023-641,2023,Respiratory,Extracted,1.0
Q2023-642,2023,Musculoskeletal,Extracted,1.0
Q2023-643,2023,Endocrine,Extracted,1.0
Q2023-644,2023,Population-Based Care,Extracted,1.0
Q2023-645,2023,Neurologic,Extracted,1.0
Q2023-646,2023,Gastrointestinal,Extracted,1.0
Q2023-647,2023,Nonspecific,Extracted,1.0
Q2023-648,2023,Cardiovascular,Extracted,1.0
Q2023-649,2023,Respiratory,Extracted,1.0
Q2023-650,2023,Integumentary,Extracted,1.0
Q2023-651,2023,Musculoskeletal,Extracted,1.0
Q2023-652,2023,Population-Based Care,Extracted,1.0
Q2023-653,2023,Hematologic/ Immune,Extracted,1.0
Q2023-654,2023,Reproductive: Female,Extracted,1.0
Q2023-655,2023,Nonspecific,Extracted,1.0
Q2023-656,2023,Endocrine,Extracted,1.0
Q2023-657,2023,Psychogenic,Extracted,1.0
Q2023-658,2023,Musculoskeletal,Extracted,1.0
Q2023-659,2023,Patient-Based Systems,Extracted,1.0
Q2023-660,2023,Respiratory,Extracted,1.0
Q2023-661,2023,Cardiovascular,Extracted,1.0
Q2023-662,2023,Nephrologic,Extracted,1.0
Q2023-663,2023,Gastrointestinal,Extracted,1.0
Q2023-664,2023,Population-Based Care,Extracted,1.0
Q2023-665,2023,Endocrine,Extracted,1.0
Q2023-666,2023,Respiratory,Extracted,1.0
Q2023-667,2023,Musculoskeletal,Predicted,1.063
Q2023-668,2023,Integumentary,Extracted,1.0
Q2023-669,2023,Cardiovascular,Extracted,1.0
Q2023-670,2023,Respiratory,Extracted,1.0
Q2023-671,2023,Hematologic/ Immune,Extracted,1.0
Q2023-672,2023,Psychogenic,Extracted,1.0
Q2023-673,2023,Population-Based Care,Extracted,1.0
Q2023-674,2023,Nonspecific,Extracted,1.0
Q2023-675,2023,Musculoskeletal,Extracted,1.0
Q2023-676,2023,Respiratory,Extracted,1.0
Q2023-677,2023,Cardiovascular,Extracted,1.0
Q2023-678,2023,Neurologic,Extracted,1.0
Q2023-679,2023,Integumentary,Extracted,1.0
Q2023-680,2023,Nonspecific,Extracted,1.0
Q2023-681,2023,Endocrine,Extracted,1.0
Q2023-682,2023,Musculoskeletal,Extracted,1.0
Q2023-683,2023,Patient-Based Systems,Extracted,1.0
Q2023-684,2023,Respiratory,Extracted,1.0
Q2023-685,2023,Cardiovascular,Extracted,1.0
Q2023-686,2023,Gastrointestinal,Extracted,1.0
Q2023-687,2023,Population-Based Care,Extracted,1.0
Q2023-688,2023,Reproductive: Female,Extracted,1.0
Q2023-689,2023,Nonspecific,Extracted,1.0
Q2023-690,2023,Musculoskeletal,Extracted,1.0
Q2023-691,2023,Cardiovascular,Extracted,1.0
Q2023-692,2023,Psychogenic,Extracted,1.0
Q2023-693,2023,Respiratory,Extracted,1.0
Q2023-694,2023,Patient-Based Systems,Extracted,1.0
Q2023-695,2023,Special Sensory,Extracted,1.0
Q2023-696,2023,Nephrologic,Extracted,1.0
Q2023-697,2023,Integumentary,Extracted,1.0
Q2023-698,2023,Endocrine,Extracted,1.0
Q2023-699,2023,Cardiovascular,Extracted,1.0
Q2023-700,2023,Patient-Based Systems,Extracted,1.0
Q2023-701,2023,Respiratory,Extracted,1.0
Q2023-702,2023,Musculoskeletal,Extracted,1.0
Q2023-703,2023,Nonspecific,Extracted,1.0
Q2023-704,2023,Gastrointestinal,Extracted,1.0
Q2023-705,2023,Psychogenic,Extracted,1.0
Q2023-706,2023,Hematologic/ Immune,Extracted,1.0
Q2023-707,2023,Cardiovascular,Extracted,1.0
Q2023-708,2023,Respiratory,Extracted,1.0
Q2023-709,2023,Musculoskeletal,Extracted,1.0
Q2023-710,2023,Nonspecific,Extracted,1.0
Q2023-711,2023,Integumentary,Extracted,1.0
Q2023-712,2023,Reproductive: Female,Extracted,1.0
Q2023-713,2023,Neurologic,Extracted,1.0
Q2023-714,2023,Endocrine,Extracted,1.0
Q2023-715,2023,Population-Based Care,Extracted,1.0
Q2023-716,2023,Musculoskeletal,Extracted,1.0
Q2023-717,2023,Respiratory,Extracted,1.0
Q2023-718,2023,Psychogenic,Extracted,1.0
Q2023-719,2023,Cardiovascular,Extracted,1.0
Q2023-720,2023,Gastrointestinal,Extracted,1.0
Q2023-721,2023,Nonspecific,Extracted,1.0
Q2023-722,2023,Musculoskeletal,Extracted,1.0
Q2023-723,2023,Cardiovascular,Extracted,1.0
Q2023-724,2023,Respiratory,Extracted,1.0
Q2023-725,2023,Patient-Based Systems,Extracted,1.0
Q2023-726,2023,Nephrologic,Extracted,1.0
Q2023-727,2023,Reproductive: Female,Extracted,1.0
Q2023-728,2023,Nonspecific,Extracted,1.0
Q2023-729,2023,Psychogenic,Predicted,1.063
Q2023-730,2023,Endocrine,Extracted,1.0
Q2023-731,2023,Musculoskeletal,Extracted,1.0
Q2023-732,2023,Cardiovascular,Extracted,1.0
Q2023-733,2023,Population-Based Care,Extracted,1.0
Q2023-734,2023,Respiratory,Extracted,1.0
Q2023-735,2023,Gastrointestinal,Extracted,1.0
Q2023-736,2023,Special Sensory,Extracted,1.0
Q2023-737,2023,Integumentary,Extracted,1.0
Q2023-738,2023,Nonspecific,Extracted,1.0
Q2023-739,2023,Endocrine,Extracted,1.0
Q2023-740,2023,Cardiovascular,Extracted,1.0
Q2023-741,2023,Respiratory,Extracted,1.0
Q2023-742,2023,Musculoskeletal,Extracted,1.0
Q2023-743,2023,Neurologic,Extracted,1.0
Q2023-744,2023,Patient-Based Systems,Extracted,1.0
Q2023-745,2023,Endocrine,Extracted,1.0
Q2023-746,2023,Psychogenic,Extracted,1.0
Q2023-747,2023,Musculoskeletal,Extracted,1.0
Q2023-748,2023,Respiratory,Extracted,1.0
Q2023-749,2023,Gastrointestinal,Extracted,1.0
Q2023-750,2023,Cardiovascular,Extracted,1.0
Q2023-751,2023,Nonspecific,Extracted,1.0
Q2023-752,2023,Reproductive: Female,Extracted,1.0
Q2023-753,2023,Population-Based Care,Extracted,1.0
Q2023-754,2023,Musculoskeletal,Extracted,1.0
Q2023-755,2023,Respiratory,Extracted,1.0
Q2023-756,2023,Cardiovascular,Extracted,1.0
Q2023-757,2023,Hematologic/ Immune,Extracted,1.0
Q2023-758,2023,Reproductive: Male,Extracted,1.0
Q2023-759,2023,Psychogenic,Extracted,1.0
Q2023-760,2023,Respiratory,Extracted,1.0
Q2023-761,2023,Nonspecific,Extracted,1.0
Q2023-762,2023,Integumentary,Extracted,1.0
Q2023-763,2023,Endocrine,Extracted,1.0
Q2023-764,2023,Musculoskeletal,Extracted,1.0
Q2023-765,2023,Gastrointestinal,Extracted,1.0
Q2023-766,2023,Cardiovascular,Extracted,1.0
Q2023-767,2023,Population-Based Care,Extracted,1.0
Q2023-768,2023,Respiratory,Extracted,1.0
Q2023-769,2023,Integumentary,Extracted,1.0
Q2023-770,2023,Endocrine,Extracted,1.0
Q2023-771,2023,Musculoskeletal,Extracted,1.0
Q2023-772,2023,Cardiovascular,Extracted,1.0
Q2023-773,2023,Respiratory,Extracted,1.0
Q2023-774,2023,Psychogenic,Extracted,1.0
Q2023-775,2023,Reproductive: Female,Extracted,1.0
Q2023-776,2023,Nonspecific,Extracted,1.0
Q2023-777,2023,Musculoskeletal,Extracted,1.0
Q2023-778,2023,Patient-Based Systems,Extracted,1.0
Q2023-779,2023,Gastrointestinal,Extracted,1.0
Q2023-780,2023,Respiratory,Extracted,1.0
Q2023-781,2023,Cardiovascular,Extracted,1.0
Q2023-782,2023,Endocrine,Extracted,1.0
Q2023-783,2023,Psychogenic,Extracted,1.0
Q2023-784,2023,Neurologic,Extracted,1.0
Q2023-785,2023,Nephrologic,Extracted,1.0
Q2023-786,2023,Integumentary,Extracted,1.0
Q2023-787,2023,Musculoskeletal,Extracted,1.0
Q2023-788,2023,Respiratory,Extracted,1.0
Q2023-789,2023,Cardiovascular,Extracted,1.0
Q2023-790,2023,Special Sensory,Extracted,1.0
Q2023-791,2023,Hematologic/ Immune,Extracted,1.0
Q2023-792,2023,Reproductive: Female,Extracted,1.0
Q2023-793,2023,Gastrointestinal,Extracted,1.0
Q2023-794,2023,Nonspecific,Extracted,1.0
Q2023-795,2023,Endocrine,Extracted,1.0
Q2023-796,2023,Psychogenic,Extracted,1.0
Q2023-797,2023,Musculoskeletal,Extracted,1.0
Q2023-798,2023,Patient-Based Systems,Extracted,1.0
Q2023-799,2023,Cardiovascular,Extracted,1.0
Q2023-800,2023,Respiratory,Extracted,1.0
Q2024-1000,2024,Special Sensory,Predicted,1.096
Q2024-801,2024,Endocrine,Predicted,1.089
Q2024-802,2024,Cardiovascular,Predicted,1.136
Q2024-803,2024,Integumentary,Predicted,1.142
Q2024-804,2024,Reproductive: Female,Predicted,1.135
Q2024-805,2024,Cardiovascular,Extracted,1.0
Q2024-806,2024,Gastrointestinal,Predicted,1.04
Q2024-807,2024,Population-Based Care,Predicted,1.161
Q2024-808,2024,Special Sensory,Predicted,1.108
Q2024-809,2024,Injuries/Musculoskeletal,Extracted,1.0
Q2024-810,2024,Integumentary,Predicted,1.084
Q2024-811,2024,Cardiovascular,Extracted,1.0
Q2024-812,2024,Psychogenic,Predicted,1.013
Q2024-813,2024,Respiratory,Extracted,1.0
Q2024-814,2024,Psychiatric/Behavioral,Extracted,1.0
Q2024-815,2024,Sexual and Reproductive,Extracted,1.0
Q2024-816,2024,Neurologic,Predicted,1.032
Q2024-817,2024,Injuries/Musculoskeletal,Extracted,1.0
Q2024-818,2024,Respiratory,Extracted,1.0
Q2024-819,2024,Cardiovascular,Extracted,1.0
Q2024-820,2024,Integumentary,Predicted,1.116
Q2024-821,2024,Reproductive: Female,Predicted,1.104
Q2024-822,2024,Sexual and Reproductive,Extracted,1.0
Q2024-823,2024,Cardiovascular,Extracted,1.0
Q2024-824,2024,Cardiovascular,Extracted,1.0
Q2024-825,2024,Cardiovascular,Predicted,1.134
Q2024-826,2024,Endocrine,Predicted,1.112
Q2024-827,2024,Injuries/Musculoskeletal,Extracted,1.0
Q2024-828,2024,Reproductive: Female,Predicted,1.078
Q2024-829,2024,Integumentary,Predicted,1.068
Q2024-830,2024,Gastrointestinal,Predicted,1.094
Q2024-831,2024,Neurologic,Predicted,1.012
Q2024-832,2024,Endocrine,Predicted,1.141
Q2024-833,2024,Patient-Based Systems,Predicted,1.07
Q2024-834,2024,Endocrine,Predicted,1.116
Q2024-835,2024,Nonspecific,Predicted,1.09
Q2024-836,2024,Cardiovascular,Predicted,1.172
Q2024-837,2024,Endocrine,Predicted,1.116
Q2024-838,2024,Special Sensory,Predicted,1.076
Q2024-839,2024,Gastrointestinal,Predicted,1.136
Q2024-840,2024,Neurologic,Predicted,1.07
Q2024-841,2024,Nonspecific,Predicted,1.074
Q2024-842,2024,Injuries/Musculoskeletal,Extracted,1.0
Q2024-843,2024,Nonspecific,Predicted,1.059
Q2024-844,2024,Endocrine,Predicted,1.151
Q2024-845,2024,Special Sensory,Predicted,1.078
Q2024-846,2024,Sexual and Reproductive,Extracted,1.0
Q2024-847,2024,Cardiovascular,Predicted,1.064
Q2024-848,2024,Neurologic,Predicted,1.02
Q2024-849,2024,Population-Based Care,Predicted,1.09
Q2024-850,2024,Cardiovascular,Extracted,1.0
Q2024-851,2024,Integumentary,Predicted,1.063
Q2024-852,2024,Psychiatric/Behavioral,Extracted,1.0
Q2024-853,2024,Neurologic,Predicted,1.117
Q2024-854,2024,Musculoskeletal,Predicted,1.114
Q2024-855,2024,Reproductive: Male,Predicted,1.085
Q2024-856,2024,Respiratory,Extracted,1.0
Q2024-857,2024,Sexual and Reproductive,Extracted,1.0
Q2024-858,2024,Injuries/Musculoskeletal,Extracted,1.0
Q2024-859,2024,Patient-Based Systems,Predicted,1.09
Q2024-860,2024,Cardiovascular,Predicted,1.059
Q2024-861,2024,Psychiatric/Behavioral,Extracted,1.0
Q2024-862,2024,Nonspecific,Predicted,1.042
Q2024-863,2024,Cardiovascular,Predicted,1.155
Q2024-864,2024,Cardiovascular,Predicted,1.078
Q2024-865,2024,Nonspecific,Predicted,1.004
Q2024-866,2024,Cardiovascular,Extracted,1.0
Q2024-867,2024,Hematologic/ Immune,Predicted,1.157
Q2024-868,2024,Population-Based Care,Predicted,1.219
Q2024-869,2024,Musculoskeletal,Predicted,1.089
Q2024-870,2024,Hematologic/ Immune,Predicted,1.076
Q2024-871,2024,Psychiatric/Behavioral,Extracted,1.0
Q2024-872,2024,Integumentary,Predicted,1.052
Q2024-873,2024,Psychiatric/Behavioral,Extracted,1.0
Q2024-874,2024,Respiratory,Predicted,1.114
Q2024-875,2024,Nephrologic,Predicted,1.084
Q2024-876,2024,Gastrointestinal,Predicted,1.125
Q2024-877,2024,Psychiatric/Behavioral,Extracted,1.0
Q2024-878,2024,Gastrointestinal,Predicted,1.084
Q2024-879,2024,Neurologic,Predicted,1.087
Q2024-880,2024,Nonspecific,Predicted,1.1
Q2024-881,2024,Cardiovascular,Predicted,1.071
Q2024-882,2024,Injuries/Musculoskeletal,Extracted,1.0
Q2024-883,2024,Patient-Based Systems,Predicted,1.11
Q2024-884,2024,Endocrine,Predicted,1.138
Q2024-885,2024,Psychiatric/Behavioral,Extracted,1.0
Q2024-886,2024,Gastrointestinal,Predicted,1.085
Q2024-887,2024,Injuries/Musculoskeletal,Extracted,1.0
Q2024-888,2024,Reproductive: Female,Predicted,1.06
Q2024-889,2024,Injuries/Musculoskeletal,Extracted,1.0
Q2024-890,2024,Cardiovascular,Predicted,1.141
Q2024-891,2024,Hematologic/ Immune,Predicted,1.055
Q2024-892,2024,Cardiovascular,Extracted,1.0
Q2024-893,2024,Nephrologic,Predicted,1.097
Q2024-894,2024,Sexual and Reproductive,Extracted,1.0
Q2024-895,2024,Nonspecific,Predicted,1.059
Q2024-896,2024,Gastrointestinal,Predicted,1.07
Q2024-897,2024,Special Sensory,Predicted,1.087
Q2024-898,2024,Injuries/Musculoskeletal,Extracted,1.0
Q2024-899,2024,Injuries/Musculoskeletal,Extracted,1.0
Q2024-900,2024,Population-Based Care,Predicted,1.145
Q2024-901,2024,Respiratory,Extracted,1.0
Q2024-902,2024,Injuries/Musculoskeletal,Extracted,1.0
Q2024-903,2024,Psychogenic,Predicted,1.12
Q2024-904,2024,Sexual and Reproductive,Extracted,1.0
Q2024-905,2024,Endocrine,Predicted,1.075
Q2024-906,2024,Population-Based Care,Predicted,1.081
Q2024-907,2024,Sexual and Reproductive,Extracted,1.0
Q2024-908,2024,Injuries/Musculoskeletal,Extracted,1.0
Q2024-909,2024,Gastrointestinal,Predicted,1.051
Q2024-910,2024,Cardiovascular,Predicted,1.132
Q2024-911,2024,Respiratory,Extracted,1.0
Q2024-912,2024,Psychiatric/Behavioral,Extracted,1.0
Q2024-913,2024,Population-Based Care,Predicted,1.132
Q2024-914,2024,Endocrine,Predicted,1.122
Q2024-915,2024,Hematologic/ Immune,Predicted,1.109
Q2024-916,2024,Integumentary,Predicted,1.053
Q2024-917,2024,Patient-Based Systems,Predicted,1.166
Q2024-918,2024,Neurologic,Predicted,1.109
Q2024-919,2024,Respiratory,Predicted,1.112
Q2024-920,2024,Neurologic,Predicted,1.121
Q2024-921,2024,Patient-Based Systems,Predicted,1.064
Q2024-922,2024,Respiratory,Extracted,1.0
Q2024-923,2024,Injuries/Musculoskeletal,Extracted,1.0
Q2024-924,2024,Integumentary,Predicted,1.032
Q2024-925,2024,Cardiovascular,Extracted,1.0
Q2024-926,2024,Respiratory,Predicted,1.069
Q2024-927,2024,Psychogenic,Predicted,1.101
Q2024-928,2024,Cardiovascular,Extracted,1.0
Q2024-929,2024,Reproductive: Female,Predicted,1.122
Q2024-930,2024,Injuries/Musculoskeletal,Extracted,1.0
Q2024-931,2024,Sexual and Reproductive,Extracted,1.0
Q2024-932,2024,Respiratory,Extracted,1.0
Q2024-933,2024,Psychiatric/Behavioral,Extracted,1.0
Q2024-934,2024,Cardiovascular,Extracted,1.0
Q2024-935,2024,Nonspecific,Predicted,1.083
Q2024-936,2024,Injuries/Musculoskeletal,Extracted,1.0
Q2024-937,2024,Patient-Based Systems,Predicted,1.06
Q2024-938,2024,Neurologic,Predicted,1.11
Q2024-939,2024,Respiratory,Extracted,1.0
Q2024-940,2024,Gastrointestinal,Predicted,1.13
Q2024-941,2024,Population-Based Care,Predicted,1.124
Q2024-942,2024,Cardiovascular,Extracted,1.0
Q2024-943,2024,Integumentary,Predicted,1.09
Q2024-944,2024,Nephrologic,Predicted,1.088
Q2024-945,2024,Gastrointestinal,Predicted,1.156
Q2024-946,2024,Cardiovascular,Extracted,1.0
Q2024-947,2024,Sexual and Reproductive,Extracted,1.0
Q2024-948,2024,Respiratory,Predicted,1.115
Q2024-949,2024,Gastrointestinal,Predicted,1.064
Q2024-950,2024,Gastrointestinal,Predicted,1.118
Q2024-951,2024,Endocrine,Predicted,1.1
Q2024-952,2024,Reproductive: Female,Predicted,1.092
Q2024-953,2024,Cardiovascular,Predicted,1.097
Q2024-954,2024,Integumentary,Predicted,1.107
Q2024-955,2024,Nephrologic,Predicted,1.114
Q2024-956,2024,Psychiatric/Behavioral,Extracted,1.0
Q2024-957,2024,Nonspecific,Predicted,1.072
Q2024-958,2024,Integumentary,Predicted,1.066
Q2024-959,2024,Cardiovascular,Extracted,1.0
Q2024-960,2024,Injuries/Musculoskeletal,Extracted,1.0
Q2024-961,2024,Nonspecific,Predicted,1.146
Q2024-962,2024,Cardiovascular,Extracted,1.0
Q2024-963,2024,Psychogenic,Predicted,1.041
Q2024-964,2024,Gastrointestinal,Predicted,1.059
Q2024-965,2024,Nonspecific,Predicted,1.071
Q2024-966,2024,Psychiatric/Behavioral,Extracted,1.0
Q2024-967,2024,Musculoskeletal,Predicted,1.17
Q2024-968,2024,Injuries/Musculoskeletal,Extracted,1.0
Q2024-969,2024,Special Sensory,Predicted,1.057
Q2024-970,2024,Gastrointestinal,Predicted,1.143
Q2024-971,2024,Respiratory,Extracted,1.0
Q2024-972,2024,Patient-Based Systems,Predicted,1.083
Q2024-973,2024,Patient-Based Systems,Predicted,1.052
Q2024-974,2024,Sexual and Reproductive,Extracted,1.0
Q2024-975,2024,Psychiatric/Behavioral,Extracted,1.0
Q2024-976,2024,Cardiovascular,Extracted,1.0
Q2024-977,2024,Musculoskeletal,Predicted,1.11
Q2024-978,2024,Injuries/Musculoskeletal,Extracted,1.0
Q2024-979,2024,Sexual and Reproductive,Extracted,1.0
Q2024-980,2024,Hematologic/ Immune,Predicted,1.096
Q2024-981,2024,Psychogenic,Predicted,1.141
Q2024-982,2024,Psychogenic,Predicted,1.12
Q2024-983,2024,Psychiatric/Behavioral,Extracted,1.0
Q2024-984,2024,Injuries/Musculoskeletal,Extracted,1.0
Q2024-985,2024,Respiratory,Extracted,1.0
Q2024-986,2024,Respiratory,Extracted,1.0
Q2024-987,2024,Population-Based Care,Predicted,1.077
Q2024-988,2024,Cardiovascular,Extracted,1.0
Q2024-989,2024,Injuries/Musculoskeletal,Extracted,1.0
Q2024-990,2024,Cardiovascular,Predicted,1.078
Q2024-991,2024,Integumentary,Predicted,1.12
Q2024-992,2024,Cardiovascular,Extracted,1.0
Q2024-993,2024,Injuries/Musculoskeletal,Extracted,1.0
Q2024-994,2024,Population-Based Care,Predicted,1.135
Q2024-995,2024,Gastrointestinal,Predicted,1.193
Q2024-996,2024,Psychiatric/Behavioral,Extracted,1.0
Q2024-997,2024,Respiratory,Predicted,1.164
Q2024-998,2024,Gastrointestinal,Predicted,1.035
Q2024-999,2024,Cardiovascular,Predicted,1.149
Q2025-001,2025,Population-Based Care,Predicted,1.083
Q2025-002,2025,Population-Based Care,Predicted,1.071
Q2025-003,2025,Musculoskeletal,Predicted,1.139
Q2025-004,2025,Nonspecific,Predicted,1.198
Q2025-005,2025,Endocrine,Predicted,1.082
Q2025-006,2025,Gastrointestinal,Predicted,1.055
Q2025-007,2025,Musculoskeletal,Predicted,1.064
Q2025-008,2025,Nephrologic,Predicted,1.186
Q2025-009,2025,Gastrointestinal,Predicted,1.033
Q2025-010,2025,Cardiovascular,Predicted,1.077
Q2025-011,2025,Cardiovascular,Predicted,1.136
Q2025-012,2025,Psychogenic,Predicted,1.086
Q2025-013,2025,Integumentary,Predicted,1.11
Q2025-014,2025,Endocrine,Predicted,1.043
Q2025-015,2025,Cardiovascular,Predicted,1.135
Q2025-016,2025,Special Sensory,Predicted,1.043
Q2025-017,2025,Psychogenic,Predicted,1.126
Q2025-018,2025,Endocrine,Predicted,1.178
Q2025-019,2025,Reproductive: Female,Predicted,1.192
Q2025-020,2025,Patient-Based Systems,Predicted,1.124
Q2025-021,2025,Cardiovascular,Predicted,1.086
Q2025-022,2025,Cardiovascular,Predicted,1.175
Q2025-023,2025,Psychogenic,Predicted,1.117
Q2025-024,2025,Endocrine,Predicted,1.102
Q2025-025,2025,Reproductive: Female,Predicted,1.118
Q2025-026,2025,Integumentary,Predicted,1.086
Q2025-027,2025,Population-Based Care,Predicted,1.035
Q2025-028,2025,Psychogenic,Predicted,1.044
Q2025-029,2025,Gastrointestinal,Predicted,1.111
Q2025-030,2025,Reproductive: Female,Predicted,1.106
Q2025-031,2025,Musculoskeletal,Predicted,1.069
Q2025-032,2025,Neurologic,Predicted,1.094
Q2025-033,2025,Respiratory,Predicted,1.125
Q2025-034,2025,Patient-Based Systems,Predicted,1.104
Q2025-035,2025,Respiratory,Predicted,1.148
Q2025-036,2025,Musculoskeletal,Predicted,1.144
Q2025-037,2025,Reproductive: Male,Predicted,1.196
Q2025-038,2025,Respiratory,Predicted,1.156
Q2025-039,2025,Musculoskeletal,Predicted,1.197
Q2025-040,2025,Special Sensory,Predicted,1.17
Q2025-041,2025,Population-Based Care,Predicted,1.041
Q2025-042,2025,Cardiovascular,Predicted,1.077
Q2025-043,2025,Endocrine,Predicted,1.07
Q2025-044,2025,Psychogenic,Predicted,1.082
Q2025-045,2025,Neurologic,Predicted,1.075
Q2025-046,2025,Musculoskeletal,Predicted,1.096
Q2025-047,2025,Respiratory,Predicted,1.151
Q2025-048,2025,Gastrointestinal,Predicted,1.121
Q2025-049,2025,Psychogenic,Predicted,1.166
Q2025-050,2025,Cardiovascular,Predicted,1.121
Q2025-051,2025,Cardiovascular,Predicted,1.101
Q2025-052,2025,Cardiovascular,Predicted,1.125
Q2025-053,2025,Respiratory,Predicted,1.062
Q2025-054,2025,Integumentary,Predicted,1.083
Q2025-055,2025,Nonspecific,Predicted,1.076
Q2025-056,2025,Nonspecific,Predicted,1.134
Q2025-057,2025,Nephrologic,Predicted,1.096
Q2025-058,2025,Nonspecific,Predicted,1.089
Q2025-059,2025,Gastrointestinal,Predicted,1.136
Q2025-060,2025,Nonspecific,Predicted,1.061
Q2025-061,2025,Musculoskeletal,Predicted,1.039
Q2025-062,2025,Cardiovascular,Predicted,1.049
Q2025-063,2025,Respiratory,Predicted,1.132
Q2025-064,2025,Endocrine,Predicted,1.122
Q2025-065,2025,Neurologic,Predicted,1.142
Q2025-066,2025,Reproductive: Female,Predicted,1.069
Q2025-067,2025,Gastrointestinal,Predicted,1.024
Q2025-068,2025,Reproductive: Female,Predicted,1.058
Q2025-069,2025,Reproductive: Female,Predicted,1.115
Q2025-070,2025,Nonspecific,Predicted,1.016
Q2025-071,2025,Respiratory,Predicted,1.116
Q2025-072,2025,Respiratory,Predicted,1.091
Q2025-073,2025,Respiratory,Predicted,1.132
Q2025-074,2025,Endocrine,Predicted,1.094
Q2025-075,2025,Cardiovascular,Predicted,1.079
Q2025-076,2025,Nephrologic,Predicted,1.144
Q2025-077,2025,Reproductive: Female,Predicted,1.07
Q2025-078,2025,Respiratory,Predicted,1.083
Q2025-079,2025,Psychogenic,Predicted,1.064
Q2025-080,2025,Population-Based Care,Predicted,1.153
Q2025-081,2025,Gastrointestinal,Predicted,1.049
Q2025-082,2025,Musculoskeletal,Predicted,1.107
Q2025-083,2025,Cardiovascular,Predicted,1.123
Q2025-084,2025,Population-Based Care,Predicted,1.091
Q2025-085,2025,Psychogenic,Predicted,1.04
Q2025-086,2025,Psychogenic,Predicted,1.085
Q2025-087,2025,Nonspecific,Predicted,1.158
Q2025-088,2025,Respiratory,Predicted,1.12
Q2025-089,2025,Musculoskeletal,Predicted,1.126
Q2025-090,2025,Respiratory,Predicted,1.096
Q2025-091,2025,Respiratory,Predicted,1.129
Q2025-092,2025,Nonspecific,Predicted,1.089
Q2025-093,2025,Cardiovascular,Predicted,1.135
Q2025-094,2025,Endocrine,Predicted,1.089
Q2025-095,2025,Neurologic,Predicted,1.103
Q2025-096,2025,Reproductive: Female,Predicted,1.126
Q2025-097,2025,Cardiovascular,Predicted,1.157
Q2025-098,2025,Gastrointestinal,Predicted,1.138
Q2025-099,2025,Nephrologic,Predicted,1.061
Q2025-100,2025,Cardiovascular,Predicted,1.193
Q2025-101,2025,Musculoskeletal,Predicted,1.063
Q2025-102,2025,Integumentary,Predicted,1.062
Q2025-103,2025,Respiratory,Predicted,1.048
Q2025-104,2025,Respiratory,Predicted,1.113
Q2025-105,2025,Reproductive: Male,Predicted,1.079
Q2025-106,2025,Musculoskeletal,Predicted,1.193
Q2025-107,2025,Nonspecific,Predicted,1.117
Q2025-108,2025,Musculoskeletal,Predicted,1.116
Q2025-109,2025,Respiratory,Predicted,1.127
Q2025-110,2025,Psychogenic,Predicted,1.08
Q2025-111,2025,Musculoskeletal,Predicted,1.074
Q2025-112,2025,Reproductive: Female,Predicted,1.144
Q2025-113,2025,Nonspecific,Predicted,1.088
Q2025-114,2025,Nonspecific,Predicted,1.075
Q2025-115,2025,Cardiovascular,Predicted,1.256
Q2025-116,2025,Special Sensory,Predicted,1.187
Q2025-117,2025,Nephrologic,Predicted,1.149
Q2025-118,2025,Patient-Based Systems,Predicted,1.006
Q2025-119,2025,Reproductive: Female,Predicted,1.143
Q2025-120,2025,Gastrointestinal,Predicted,1.174
Q2025-121,2025,Endocrine,Predicted,1.09
Q2025-122,2025,Neurologic,Predicted,1.16
Q2025-123,2025,Nonspecific,Predicted,1.069
Q2025-124,2025,Reproductive: Female,Predicted,1.109
Q2025-125,2025,Psychogenic,Predicted,1.163
Q2025-126,2025,Respiratory,Predicted,1.176
Q2025-127,2025,Musculoskeletal,Predicted,1.059
Q2025-128,2025,Gastrointestinal,Predicted,1.121
Q2025-129,2025,Cardiovascular,Predicted,1.15
Q2025-130,2025,Musculoskeletal,Predicted,1.109
Q2025-131,2025,Special Sensory,Predicted,1.067
Q2025-132,2025,Cardiovascular,Predicted,1.053
Q2025-133,2025,Musculoskeletal,Predicted,1.138
Q2025-134,2025,Reproductive: Female,Predicted,1.087
Q2025-135,2025,Gastrointestinal,Predicted,1.057
Q2025-136,2025,Population-Based Care,Predicted,1.078
Q2025-137,2025,Special Sensory,Predicted,1.073
Q2025-138,2025,Musculoskeletal,Predicted,1.052
Q2025-139,2025,Nonspecific,Predicted,1.043
Q2025-140,2025,Musculoskeletal,Predicted,1.098
Q2025-141,2025,Musculoskeletal,Predicted,1.079
Q2025-142,2025,Nephrologic,Predicted,1.05
Q2025-143,2025,Patient-Based Systems,Predicted,1.07
Q2025-144,2025,Integumentary,Predicted,1.099
Q2025-145,2025,Endocrine,Predicted,1.124
Q2025-146,2025,Respiratory,Predicted,1.107
Q2025-147,2025,Musculoskeletal,Predicted,1.068
Q2025-148,2025,Gastrointestinal,Predicted,1.094
Q2025-149,2025,Psychogenic,Predicted,1.078
Q2025-150,2025,Population-Based Care,Predicted,1.11
Q2025-151,2025,Cardiovascular,Predicted,1.076
Q2025-152,2025,Respiratory,Predicted,1.167
Q2025-153,2025,Population-Based Care,Predicted,1.121
Q2025-154,2025,Musculoskeletal,Predicted,1.033
Q2025-155,2025,Musculoskeletal,Predicted,1.111
Q2025-156,2025,Cardiovascular,Predicted,1.176
Q2025-157,2025,Respiratory,Predicted,1.032
Q2025-158,2025,Nonspecific,Predicted,1.113
Q2025-159,2025,Nonspecific,Predicted,1.079
Q2025-160,2025,Musculoskeletal,Predicted,1.102
Q2025-161,2025,Patient-Based Systems,Predicted,1.042
Q2025-162,2025,Gastrointestinal,Predicted,1.109
Q2025-163,2025,Endocrine,Predicted,1.06
Q2025-164,2025,Cardiovascular,Predicted,1.127
Q2025-165,2025,Nonspecific,Predicted,1.124
Q2025-166,2025,Cardiovascular,Predicted,1.068
Q2025-167,2025,Musculoskeletal,Predicted,1.094
Q2025-168,2025,Population-Based Care,Predicted,1.06
Q2025-169,2025,Respiratory,Predicted,1.058
Q2025-170,2025,Endocrine,Predicted,1.112
Q2025-171,2025,Nonspecific,Predicted,1.072
Q2025-172,2025,Reproductive: Female,Predicted,1.049
Q2025-173,2025,Reproductive: Female,Predicted,1.106
Q2025-174,2025,Musculoskeletal,Predicted,1.113
Q2025-175,2025,Psychogenic,Predicted,1.185
Q2025-176,2025,Integumentary,Predicted,1.04
Q2025-177,2025,Gastrointestinal,Predicted,1.077
Q2025-178,2025,Neurologic,Predicted,1.169
Q2025-179,2025,Psychogenic,Predicted,1.037
Q2025-180,2025,Nonspecific,Predicted,1.066
Q2025-181,2025,Population-Based Care,Predicted,1.117
Q2025-182,2025,Gastrointestinal,Predicted,1.064
Q2025-183,2025,Respiratory,Predicted,1.143
Q2025-184,2025,Nephrologic,Predicted,1.125
Q2025-185,2025,Nonspecific,Predicted,1.105
Q2025-186,2025,Musculoskeletal,Predicted,1.119
Q2025-187,2025,Cardiovascular,Predicted,1.109
Q2025-188,2025,Nonspecific,Predicted,1.078
Q2025-189,2025,Gastrointestinal,Predicted,1.081
Q2025-190,2025,Gastrointestinal,Predicted,1.067
Q2025-191,2025,Musculoskeletal,Predicted,1.14
Q2025-192,2025,Cardiovascular,Predicted,1.054
Q2025-193,2025,Musculoskeletal,Predicted,1.071
Q2025-194,2025,Endocrine,Predicted,1.071
Q2025-195,2025,Psychogenic,Predicted,1.138
Q2025-196,2025,Patient-Based Systems,Predicted,1.063
Q2025-197,2025,Nonspecific,Predicted,1.124
Q2025-198,2025,Gastrointestinal,Predicted,1.083
Q2025-199,2025,Gastrointestinal,Predicted,1.1
Q2025-200,2025,Integumentary,Predicted,1.054
