citation,tier,session_ids,session_titles,match_status,match_quality,match_score,matched_json_title,matched_json_file,matched_json_path,matched_label
"Final Recommendation Statement: Abdominal Aortic Aneurysm: Screening. US Preventive Services Task Force, 2019.",Must-Read,02,Peripheral Vascular Disease,NO_MATCH,,0,,,,
"US Preventive Services Task Force. Final recommendation statement: abdominal aortic aneurysm: screening. Updated December 10, 2019.",Core,02|23,Peripheral Vascular Disease|STIs Vaginitis & Vaginosis,NO_MATCH,,0,,,,
"Schanzer A, Oderich GS: Management of abdominal aortic aneurysms. N Engl J Med 2021;385(18):1690-1698.",Core,02,Peripheral Vascular Disease,NO_MATCH,,0,,,,
"US Preventive Services Task Force, Curry SJ, Krist AH, et al: Risk assessment for cardiovascular disease with nontraditional risk factors: US Preventive Services Task Force recommendation statement. JAMA 2018;320(3):272-280.",Core,02,Peripheral Vascular Disease,NO_MATCH,,0,,,,
"Haque K, Bhargava P. Abdominal aortic aneurysm. Am Fam Physician. 2022;106(2):165-172.",Supplementary,02,Peripheral Vascular Disease,NO_MATCH,,0,,,,
Randel A: AHA/ACC/ASH release guideline on the treatment of hypertension and CAD. Am Fam Physician 2015;92(11):1023-1030.,Core,03,Acute Coronary Syndrome & Hyperlipidemia,NO_MATCH,,0,,,,
"Capodanno D, Alfonso F, Levine GN, et al: ACC/AHA versus ESC guidelines on dual antiplatelet therapy: JACC guideline comparison. J Am Coll Cardiol 2018;72(23 Pt A):2915-2931.",Core,03,Acute Coronary Syndrome & Hyperlipidemia,NO_MATCH,,0,,,,
"Grundy SM, Stone NJ, Bailey AL, et al: 2018 AHA/ACC/AACVPR/AAPA/ABC/ACPM/ADA/AGS/APhA/ ASPC/NLA/PCNA guideline on the management of blood cholesterol: A report of the American College of Cardiology/American Heart Association Task Force on Clinical Practice Guidelines. J Am Coll Cardiol 2019;73(24):e285-e350.",Core,03,Acute Coronary Syndrome & Hyperlipidemia,NO_MATCH,,0,,,,
Hoover LE: Cholesterol management: ACC/AHA updates guideline. Am Fam Physician 2019;99(9):589-591.,Core,03,Acute Coronary Syndrome & Hyperlipidemia,NO_MATCH,,0,,,,
"McConaghy JR, Sharma M, Patel H: Acute chest pain in adults: Outpatient evaluation. Am Fam Physician 2020;102(12):721-727.",Supplementary,03,Acute Coronary Syndrome & Hyperlipidemia,NO_MATCH,,0,,,,
"US Preventive Services Task Force. Final recommendation statement: statin use for the primary prevention of cardiovascular disease in adults: preventive medication. August 23, 2022.",Unmatched,03,Acute Coronary Syndrome & Hyperlipidemia,NO_MATCH,,0,,,,
"Smith DK, Lennon RP, Carlsgaard PB: Managing hypertension using combination therapy. Am Fam Physician 2020;101(6):341-349.",Must-Read,04|25,Hypertension|Renal Disease II,NO_MATCH,,0,,,,
"Charles L, Triscott J, Dobbs B. Secondary hypertension: discovering the underlying cause. Am Fam Physician. 2017;96(7):453-461.",Core,04,Hypertension,MATCHED,A_exact,156,Secondary Hypertension: Discovering the Underlying Cause,004_Secondary_Hypertension_Charles_2017_extracted.json,C:\Users\mpsch\Desktop\claude_knowledge\guideline_extractor_v2\outputs\afp_peds_uspstf_batch\004_Secondary_Hypertension_Charles_2017_extracted.json,afp_batch
"Funder JW, Carey RM, Mantero F, et al: The management of primary aldosteronism: Case detection, diagnosis, and treatment: An Endocrine Society clinical practice guideline. J Clin Endocrinol Metab 2016;101(5):1889-1916.",Core,04,Hypertension,NO_MATCH,,0,,,,
"Holt HK, Gildengorin G, Karliner L, Fontil V, Pramanik R, Potter MB. Differences in hypertension medication prescribing for Black Americans and their association with hypertension outcomes. J Am Board Fam Med . 2022;35(1):26-34",Supplementary,04,Hypertension,NO_MATCH,,0,,,,
"Egan BM, Yang J, Rakotz MK, et al. Self-reported antihypertensive medication class and temporal relationship to treatment guidelines. Hypertension . 2022;79(2):338-348",Supplementary,04,Hypertension,NO_MATCH,,0,,,,
"Flack JM, Buhnerkempe MG. Race and antihypertensive drug therapy: edging closer to a new paradigm. Hypertension . 2022;79(2):349-351",Supplementary,04,Hypertension,NO_MATCH,,0,,,,
Clarke SL. Hypertension in adults: initial evaluation and management. Am Fam Physician . 2023;108(4):352-359,Supplementary,04,Hypertension,NO_MATCH,,0,,,,
"Chavey WE, Hogikyan RV, Van Harrison R, Nicklas JM: Heart failure due to reduced ejection fraction: Medical management. Am Fam Physician 2017;95(1):13-20.",Core,05,Heart Failure,MATCHED,A_exact,166,Heart Failure Due to Reduced Ejection Fraction: Medical Management,058_Heart_Failure_Due_to_Reduced_Ejection_Fraction_Medical_Manag_extracted.json,C:\Users\mpsch\Desktop\claude_knowledge\guideline_extractor_v2\outputs\afp_peds_uspstf_batch\058_Heart_Failure_Due_to_Reduced_Ejection_Fraction_Medical_Manag_extracted.json,afp_batch
"Yancy CW, Jessup M, Bozkurt B, et al: 2017 ACC/AHA/HFSA focused update of the 2013 ACCF/AHA guideline for the management of heart failure: A report of the American College of Cardiology/American Heart Association Task Force on Clinical Practice Guidelines and the Heart Failure Society of America. Circulation 2017;136(6):e137-e161.",Core,05,Heart Failure,NO_MATCH,,0,,,,
"McMurray JJV, Solomon SD, Inzucchi SE, et al: Dapagliflozin in patients with heart failure and reduced ejection fraction. N Engl J Med 2019;381:1995-",Core,05,Heart Failure,NO_MATCH,,0,,,,
"Al-Khatib SM, Stevenson WG, Ackerman MJ, et al: 2017 AHA/ACC/HRS guideline for management of patients with ventricular arrhythmias and the prevention of sudden cardiac death. Circulation 2018;138(13):e272-e391.",Core,05,Heart Failure,NO_MATCH,,0,,,,
"Beaser AD, Cifu AS, Nayak HM: Primary prevention of sudden cardiac death. JAMA 2019;322(2):161-162.",Core,05,Heart Failure,NO_MATCH,,0,,,,
"Heidenreich PA, Bozkurt B, Aguilar D, et al. 2022 AHA/ACC/HFSA guideline for the management of heart failure: a report of the American College of Cardiology/American Heart Association joint committee on clinical practice guidelines. Circulation. 2022;145(18):e895-e1032.",Core,05,Heart Failure,MATCHED,A_exact,163,2022 AHA/ACC/HFSA Guideline for the Management of Heart Failure,jacc_heart_failure_extracted.json,C:\Users\mpsch\Desktop\claude_knowledge\guideline_extractor_v2\outputs\jacc_pulm_batch\jacc_heart_failure_extracted.json,jacc_pulm_batch
Brink D: Heart failure treatment: Keeping up with best practices. J Fam Pract 2018;67(1):18-26.,Supplementary,05,Heart Failure,NO_MATCH,,0,,,,
"Halabi A, Sen J, Huynh Q, Marwick TH. Metformin treatment in heart failure with preserved ejection fraction: a systematic review and meta-regression analysis. Cardiovasc Diabetol . 2020;19(1):124",Supplementary,05,Heart Failure,NO_MATCH,,0,,,,
"Shchendrygina A, Rakisheva A, Giverts I, Rustamova Y, Soloveva A. Effects of glucagon-like peptide-1 receptor agonists on cardiac function, exercise capacity and quality of life. Card Fail Rev . 2024; 10:e 10",Supplementary,05,Heart Failure,NO_MATCH,,0,,,,
"Douketis JD, Spyropoulos AC, Murad MH, et al. Perioperative management of antithrombotic therapy: an American College of Chest Physicians clinical practice guideline. Chest. 2022;162(5):e207-e243.",Core,06|21|48,Managing Dysrhythmias|Hematology Issues|Preoperative Examination,MATCHED,A_exact,219,Perioperative Management of Antithrombotic Therapy: An American College of Chest Physicians Clinical Practice Guideline,pulm_perioperative_anticoag-management_extracted.json,C:\Users\mpsch\Desktop\claude_knowledge\guideline_extractor_v2\outputs\jacc_pulm_batch\pulm_perioperative_anticoag-management_extracted.json,jacc_pulm_batch
"Viera AJ, Wouk N: Potassium disorders: Hypokalemia and hyperkalemia. Am Fam Physician 2015;92(6):487-495.",Core,06,Managing Dysrhythmias,NO_MATCH,,0,,,,
"Writing Group Members, January CT, Wann LS, et al: 2019 AHA/ACC/HRS focused update of the 2014 AHA/ACC/HRS guideline for the management of patients with atrial fibrillation: A report of the American College of Cardiology/American Heart Association Task Force on Clinical Practice Guidelines and the Heart Rhythm Society. Heart Rhythm 2019;16(8):e66-e93.",Core,06,Managing Dysrhythmias,NO_MATCH,,0,,,,
"Croke L. Management of atrial fibrillation: updated guidance from the AHA, ACC, and HRS. Am Fam Physician. 2020;101(2):123-124.",Core,06,Managing Dysrhythmias,NO_MATCH,,0,,,,
Hauk L: Newly detected atrial fibrillation: AAFP updates guideline on pharmacologic management. Am Fam Physician 2017;96(5):332-333.,Core,06,Managing Dysrhythmias,NO_MATCH,,0,,,,
"Taylor JL, Samet JH. Opioid use disorder. Ann Intern Med. 2022;175(1):ITC1-ITC16.",Unmatched,06,Managing Dysrhythmias,NO_MATCH,,0,,,,
"Fontenelle LF, Sarti TD. Kidney stones: treatment and prevention. Am Fam Physician. 2019;99(8):490-496.",Core,07|49,Health Promotion & Prevention|Urologic Problems,MATCHED,A_exact,139,Kidney Stones: Treatment and Prevention,005_Kidney_Stones_Fontenelle_2019_extracted.json,C:\Users\mpsch\Desktop\claude_knowledge\guideline_extractor_v2\outputs\afp_peds_uspstf_batch\005_Kidney_Stones_Fontenelle_2019_extracted.json,afp_batch
"Rigotti NA, Kruse GR, Livingstone-Banks J. Treatment of tobacco smoking: a review. JAMA . 2022;327(6):566-577",Core,07,Health Promotion & Prevention,NO_MATCH,,0,,,,
"Barua RS, Rigotti NA, Benowitz NL, et al: 2018 ACC expert consensus decision pathway on tobacco cessation treatment: A report of the American College of Cardiology Task Force on Clinical Expert Consensus Documents. J Am Coll Cardiol 2018;72(25):3332-3365.",Core,07,Health Promotion & Prevention,NO_MATCH,,0,,,,
"Final recommendation statement: tobacco smoking cessation in adults, including pregnant persons: interventions. US Preventive Services Task Force. Updated January 19, 2021. Levett JY, Filion KB, Reynier P, Prell C, Eisenberg MJ",Core,07,Health Promotion & Prevention,NO_MATCH,,0,,,,
"Gaddey HL, Dakkak M, Jackson NM. Smoking cessation interventions. Am Fam Physician. 2022;106(5):513-522.",Supplementary,07,Health Promotion & Prevention,NO_MATCH,,0,,,,
"Braun MM, Barstow CH, Pyzocha NJ. Diagnosis and management of sodium disorders: hyponatremia and hypernatremia. Am Fam Physician. 2015;91(5):299-307.",Supplementary,07,Health Promotion & Prevention,NO_MATCH,,0,,,,
Searight HR: Counseling patients in primary care: Evidence-based strategies. Am Fam Physician 2018;98(12):719-728.,Supplementary,07,Health Promotion & Prevention,NO_MATCH,,0,,,,
Efficacy and safety of e-cigarette use for smoking cessation: a systematic review and meta-analysis of randomized controlled trials. Am J Med . 2023;136(8):804-813.e4,Supplementary,07,Health Promotion & Prevention,NO_MATCH,,0,,,,
"American Family Physician: EBM glossary. American Academy of Family Physicians, 2021.",Core,08,Epidemiology & Medical Literature,NO_MATCH,,0,,,,
"Kim MJ, Farrell J. Orthostatic hypotension: a practical approach. Am Fam Physician. 2022;105(1):39-49.",Core,08,Epidemiology & Medical Literature,MATCHED,A_exact,145,Orthostatic Hypotension: A Practical Approach,017_Orthostatic_Hypotension_Kim_2022_extracted.json,C:\Users\mpsch\Desktop\claude_knowledge\guideline_extractor_v2\outputs\afp_peds_uspstf_batch\017_Orthostatic_Hypotension_Kim_2022_extracted.json,afp_batch
"Goff DC Jr, Lloyd-Jones DM, Bennett G, et al. American College of Cardiology/American Heart Association Task Force on Practice Guidelines: 2013 ACC/AHA guideline on the assessment of cardiovascular risk: a report of the American College of Cardiology/American Heart Association Task Force on Practice Guidelines. Circulation. 2014;129(25 Suppl 2):S49-S73.",Core,08,Epidemiology & Medical Literature,NO_MATCH,,0,,,,
"US Preventive Services Task Force. Final recommendation statement: cardiovascular disease: risk assessment with nontraditional risk factors. Updated July 10, 2018.",Core,08,Epidemiology & Medical Literature,NO_MATCH,,0,,,,
"Loscalzo J, Fauci AS, Kasper DL, et al (eds): Harrison’s Principles of Internal Medicine, ed 21. McGraw Hill, 2022, p 3551.",Core,08,Epidemiology & Medical Literature,NO_MATCH,,0,,,,
"Loscalzo J, Fauci AS, Kasper DL, Hauser SL, Longo DL, Jameson JL, eds. Harrison’s Principles of Internal Medicine. 21st ed. McGraw Hill; 2022:3120-3128.",Supplementary,08|44,Epidemiology & Medical Literature|Pulmonary III - Infections Part 1,NO_MATCH,,0,,,,
"Jefferson T, Rivetti A, Di Pietrantonj C, Demicheli V: Vaccines for preventing influenza in healthy children. Cochrane Database Syst Rev 2018;2(2):CD004879.",Supplementary,08,Epidemiology & Medical Literature,NO_MATCH,,0,,,,
EBM glossary of statistical terms and concepts used in evidence-based medicine. Am Fam Physician 2019;100(7):402.,Supplementary,08,Epidemiology & Medical Literature,NO_MATCH,,0,,,,
Rembold CM: Number needed to screen: Development of a statistic for disease screening. BMJ 1998;317(7154):307-312.,Supplementary,08,Epidemiology & Medical Literature,NO_MATCH,,0,,,,
"Ebell MH, Bentivegna M, Hulme C: Cancer-specific mortality, all-cause mortality, and overdiagnosis in lung cancer screening trials: A meta-analysis. Ann Fam Med 2020;18(6):545-552.",Supplementary,08,Epidemiology & Medical Literature,NO_MATCH,,0,,,,
"Wipperman J, Bragg DA, Litzner B: Hidradenitis suppurativa: Rapid evidence review. Am Fam Physician 2019;100(9):562-569.",Core,09,Managing Common Cutaneous Problems,MATCHED,A_exact,147,Hidradenitis Suppurativa: Rapid Evidence Review,012_Hidradenitis_Suppurativa_Wipperman_2019_extracted.json,C:\Users\mpsch\Desktop\claude_knowledge\guideline_extractor_v2\outputs\afp_peds_uspstf_batch\012_Hidradenitis_Suppurativa_Wipperman_2019_extracted.json,afp_batch
"Hu SW, Bigby M: Pityriasis versicolor: A systematic review of interventions. Arch Dermatol 2010;146(10):1132-1140.",Supplementary,09,Managing Common Cutaneous Problems,NO_MATCH,,0,,,,
"Plensdorf S, Livieratos M, Dada N: Pigmentation disorders: Diagnosis and management. Am Fam Physician 2017;96(12):797-804.",Supplementary,09,Managing Common Cutaneous Problems,NO_MATCH,,0,,,,
"Kalra MG, Higgins KE, Kinney BS: Intertrigo and secondary skin infections. Am Fam Physician 2014;89(7):569-573.",Supplementary,09,Managing Common Cutaneous Problems,NO_MATCH,,0,,,,
"Armstrong AW, Read C. Pathophysiology, clinical presentation, and treatment of psoriasis: a review. JAMA. 2020;323(19):1945-1960.",Unmatched,09,Managing Common Cutaneous Problems,NO_MATCH,,0,,,,
"Chen X, Jiang X, Yang M, et al. Systemic antifungal therapy for tinea capitis in children. Cochrane Database Syst Rev. 2016;2016(5):CD004685.",Unmatched,09,Managing Common Cutaneous Problems,NO_MATCH,,0,,,,
Choosing wisely recommendations: don't treat tinea capitis with topical medications only. American Family Physician. 2021.,Unmatched,09,Managing Common Cutaneous Problems,NO_MATCH,,0,,,,
"Heath CR, Usatine RP. Dx across the skin color spectrum: tinea capitis. J Fam Pract. 2022;71(8):370-371.",Unmatched,09,Managing Common Cutaneous Problems,NO_MATCH,,0,,,,
"Final Recommendation Statement: Screening for Asymptomatic Carotid Artery Stenosis. US Preventive Services Task Force, 2021.",Core,10,Emergency Medicine I,NO_MATCH,,0,,,,
"Mendelson SJ, Prabhakaran S. Diagnosis and management of transient ischemic attack and acute ischemic stroke: a review. JAMA . 2021;325(11):1088-1098.",Core,10,Emergency Medicine I,NO_MATCH,,0,,,,
"Falk N, Cole A, Meredith TJ: Evaluation of suspected dementia. Am Fam Physician 2018;97(6):398-405.",Core,10,Emergency Medicine I,MATCHED,A_exact,132,Evaluation of Suspected Dementia,053_Evaluation_of_Suspected_Dementia_extracted.json,C:\Users\mpsch\Desktop\claude_knowledge\guideline_extractor_v2\outputs\afp_peds_uspstf_batch\053_Evaluation_of_Suspected_Dementia_extracted.json,afp_batch
Powers WJ. Acute ischemic stroke. N Engl J Med. 2020;383(3):252-260.,Core,10,Emergency Medicine I,NO_MATCH,,0,,,,
"Veauthier B, Hornecker JR, Thrasher T: Recent-onset altered mental status: Evaluation and management. Am Fam Physician 2021;104(5):461-470.",Supplementary,10,Emergency Medicine I,NO_MATCH,,0,,,,
"Bhatia K, Jain V, Aggarwal D, et al. Dual antiplatelet therapy versus aspirin in patients with stroke or transient ischemic attack: meta-analysis of randomized controlled trials. Stroke. 2021;52(6):e217-e223.",Supplementary,10,Emergency Medicine I,NO_MATCH,,0,,,,
"Minhas JS, Chithiramohan T, Wang X, et al. Oral antiplatelet therapy for acute ischaemic stroke. Cochrane Database Syst Rev. 2022;1(1):CD000029.",Supplementary,10,Emergency Medicine I,NO_MATCH,,0,,,,
"Brigo F, Lattanzi S. Poststroke seizures as stroke mimics: clinical assessment and management. Epilepsy Behav. 2020;104(Pt B):106297.",Unmatched,10|26,Emergency Medicine I|Common Neurological Disorders,NO_MATCH,,0,,,,
"Xu SY, Li ZX, Wu XW, Li L, Li CX. Frequency and pathophysiology of post-seizure Todd's paralysis. Med Sci Monit. 2020;26:e920751.",Unmatched,10|26,Emergency Medicine I|Common Neurological Disorders,NO_MATCH,,0,,,,
"Kana T, Mehjabeen S, Patel N, Kawamj A, Shamim Z. Sporadic hemiplegic migraine. Cureus. 2023;15(5):e38930.",Unmatched,10|26,Emergency Medicine I|Common Neurological Disorders,NO_MATCH,,0,,,,
"Barstow C, Shahan B, Roberts M: Evaluating medical decision-making capacity in practice. Am Fam Physician 2018;98(1):40-46.",Must-Read,11,Emergency Medicine II,NO_MATCH,,0,,,,
"Crockett SD, Wani S, Gardner TB, Falck-Ytter Y, Barkun AN; American Gastroenterological Association Institute Clinical Guidelines Committee. American Gastroenterological Association Institute guideline on initial management of acute pancreatitis. Gastroenterology. 2018;154(4):1096-1101.",Core,11,Emergency Medicine II,NO_MATCH,,0,,,,
"Abraham S, Rivero HG, Erikh IV, et al: Surgical and nonsurgical management of gallstones. Am Fam Physician 2014;89(10):795-802.",Core,11,Emergency Medicine II,NO_MATCH,,0,,,,
"Townsend CM Jr, Beauchamp RD, Evers BM, Mattox KL: Sabiston Textbook of Surgery: The Biological Basis of Modern Surgical Practice, ed 20. Elsevier, 2017, p 1488.",Core,11,Emergency Medicine II,NO_MATCH,,0,,,,
"Jackson P, Vigiola Cruz M: Intestinal obstruction: Evaluation and management. Am Fam Physician 2018;98(6):362-367.",Supplementary,11,Emergency Medicine II,NO_MATCH,,0,,,,
"Oppenlander KE, Chadwick C, Carman K. Acute pancreatitis: rapid evidence review. Am Fam Physician. 2022;106(1):44-50.",Supplementary,11,Emergency Medicine II,NO_MATCH,,0,,,,
Croteau DI: Functional gallbladder disease: An increasingly common diagnosis. Am Fam Physician 2014;89(10):779-784.,Supplementary,11,Emergency Medicine II,NO_MATCH,,0,,,,
"Wormser GP, Dattwyler RJ, Shapiro ED, et al: The clinical assessment, treatment, and prevention of Lyme disease, human granulocytic anaplasmosis, and babesiosis: Clinical practice guidelines by the Infectious Diseases Society of America. Clin Infect Dis 2006;43(9):1089-1134.",Core,12,Emergency Medicine III,NO_MATCH,,0,,,,
Shapiro ED: Clinical practice. Lyme disease. N Engl J Med 2014;370(18):1724-1731.,Core,12,Emergency Medicine III,NO_MATCH,,0,,,,
"Trayes KP, Savage K, Studdiford JS: Annular lesions: Diagnosis and treatment. Am Fam Physician 2018;98(5):283-291.",Core,12,Emergency Medicine III,MATCHED,A_exact,140,Annular Lesions: Diagnosis and Treatment,020_Annular_Lesions_Trayes_2018_extracted.json,C:\Users\mpsch\Desktop\claude_knowledge\guideline_extractor_v2\outputs\afp_peds_uspstf_batch\020_Annular_Lesions_Trayes_2018_extracted.json,afp_batch
"Walls RM, Hockberger RS, Gausche-Hill M, et al (eds): Rosen’s Emergency Medicine: Concepts and Clinical Practice, ed 9. Elsevier, 2018, pp 724-725, 1445-1447.",Core,12,Emergency Medicine III,NO_MATCH,,0,,,,
Dinulos JGH. Habif’s Clinical Dermatology: A Color Guide to Diagnosis and Therapy. 7th ed. Elsevier; 2021:483-524.e1.,Core,12,Emergency Medicine III,NO_MATCH,,0,,,,
"Pace EJ, O'Reilly M: Tickborne diseases: Diagnosis and management. Am Fam Physician 2020;101(9):530-540.",Supplementary,12|16,Emergency Medicine III|Lower GI Tract Diseases,NO_MATCH,,0,,,,
"Lamoreux MR, Sternbach MR, Hsu WT: Erythema multiforme. Am Fam Physician 2006;74(11):1883-1888.",Supplementary,12,Emergency Medicine III,NO_MATCH,,0,,,,
"Drago F, Broccolo F, Rebora A: Pityriasis rosea: An update with a critical appraisal of its possible herpesviral etiology. J Am Acad Dermatol 2009;61(2):303-318.",Supplementary,12,Emergency Medicine III,NO_MATCH,,0,,,,
"Melmed S, Auchus RJ, Goldfine AB, et al: Williams Textbook of Endocrinology, ed 14. Elsevier, 2020, pp 521-522.",Supplementary,12,Emergency Medicine III,NO_MATCH,,0,,,,
"Maniam G, Light KM, Wilson J: Margarita burn: Recognition and treatment of phytophotodermatitis. J Am Board Fam Med 2021;34(2):398-401.",Supplementary,12,Emergency Medicine III,NO_MATCH,,0,,,,
"Schroeder R, Harrison TD, McGraw SL: Treatment of adult obesity with bariatric surgery. Am Fam Physician 2016;93(1):31-37.",Core,13,Obesity & Metabolic Syndrome,MATCHED,A_exact,149,Treatment of Adult Obesity with Bariatric Surgery,019_Bariatric_Surgery_Schroeder_2016_extracted.json,C:\Users\mpsch\Desktop\claude_knowledge\guideline_extractor_v2\outputs\afp_peds_uspstf_batch\019_Bariatric_Surgery_Schroeder_2016_extracted.json,afp_batch
"Erlandson M, Ivey LC, Seikel K. Update on office-based strategies for the management of obesity. Am Fam Physician. 2016;94(5):361-368.",Core,13,Obesity & Metabolic Syndrome,NO_MATCH,,0,,,,
Public Education Committee. Bariatric surgery procedures. American Society for Metabolic and Bariatric Surgery. Updated May 2021.,Core,13,Obesity & Metabolic Syndrome,NO_MATCH,,0,,,,
"Westfall E, Jeske R, Bader AR. Nonalcoholic fatty liver disease: common questions and answers on diagnosis and management. Am Fam Physician. 2020;102(10):603-612.",Core,13,Obesity & Metabolic Syndrome,MATCHED,A_exact,190,Nonalcoholic Fatty Liver Disease: Common Questions and Answers on Diagnosis and Management,007_NAFLD_Westfall_2020_extracted.json,C:\Users\mpsch\Desktop\claude_knowledge\guideline_extractor_v2\outputs\afp_peds_uspstf_batch\007_NAFLD_Westfall_2020_extracted.json,afp_batch
"Banerjee ES, Schroeder R, Harrison TD. Metabolic surgery for adult obesity: common questions and answers. Am Fam Physician. 2022;105(6):593-601.",Supplementary,13,Obesity & Metabolic Syndrome,NO_MATCH,,0,,,,
"Kim VC, Nepomnayshy D: Obesity: Surgical and device interventions. FP Essent 2020;492:30-36.",Supplementary,13,Obesity & Metabolic Syndrome,NO_MATCH,,0,,,,
"Steinberg J, Carlson L: Type 2 diabetes therapies: A STEPS approach. Am Fam Physician 2019;99(4):237-243.",Core,14,Diabetes Mellitus,MATCHED,A_exact,143,Type 2 Diabetes Therapies: A STEPS Approach,098_Type_2_Diabetes_Therapies_A_STEPS_Approach_extracted.json,C:\Users\mpsch\Desktop\claude_knowledge\guideline_extractor_v2\outputs\afp_peds_uspstf_batch\098_Type_2_Diabetes_Therapies_A_STEPS_Approach_extracted.json,afp_batch
Kalyani RR: Glucose-lowering drugs to reduce cardiovascular risk in type 2 diabetes. N Engl J Med 2021;384(13):1248-1260.,Core,14,Diabetes Mellitus,NO_MATCH,,0,,,,
"Khunti K, de Boer IH, Rossing P: Chronic kidney disease in diabetes: Guidelines from KDIGO. Am Fam Physician 2021;103(11):698-700.",Core,14,Diabetes Mellitus,NO_MATCH,,0,,,,
American Diabetes Association: Standards of Medical Care in Diabetes-2021 Abridged for primary care providers. Clin Diabetes 2021;39(1):14-43.,Core,14,Diabetes Mellitus,NO_MATCH,,0,,,,
"Matheson EM, Bragg SW, Blackwelder RS: Diabetes-related foot infections: Diagnosis and treatment. Am Fam Physician 2021;104(4):386-394.",Supplementary,14,Diabetes Mellitus,MATCHED,B_title_run,82,IWGDF/IDSA Guidelines on the Diagnosis and Treatment of Diabetes-related Foot Infections (IWGDF/IDSA 2023),IDSA_DM2-foot_extracted.json,C:\Users\mpsch\Desktop\claude_knowledge\guideline_extractor_v2\outputs\id_renal_gi_hep_batch\IDSA_DM2-foot_extracted.json,id_renal_gi_hep_batch
Hauk L. Type 2 diabetes mellitus: ACP releases updated recommendations for oral pharmacologic treatment. Am Fam Physician. 2017;96(7):472-473.,Supplementary,14,Diabetes Mellitus,NO_MATCH,,0,,,,
"Lipsky BA, Senneville É, Abbas ZG, et al. Guidelines on the diagnosis and treatment of foot infection in persons with diabetes (IWGDF 2019 update)",Supplementary,14,Diabetes Mellitus,NO_MATCH,,0,,,,
"Powers AC, Niswender KD, Evans-Molina C. Diabetes mellitus: diagnosis, classification, and pathophysiology. In: Loscalzo J, Fauci AS, Kasper DL, Hauser SL, Longo DL, Jameson JL, eds. Harrison's Principles of Internal Medicine. Vol 2. 21st ed. McGraw-Hill; 2022:3094-3103.",Unmatched,14,Diabetes Mellitus,NO_MATCH,,0,,,,
"Dutta S, Kumar T, Singh S, Ambwani S, Charan J, Varthya SB. Euglycemic diabetic ketoacidosis associated with SGLT2 inhibitors: a systematic review and quantitative analysis. J Family Med Prim Care. 2022;11(3):927-940.",Unmatched,14,Diabetes Mellitus,NO_MATCH,,0,,,,
"Donangelo I, Suh SY: Subclinical hyperthyroidism: When to consider treatment. Am Fam Physician 2017;95(11):710-716.",Core,15,Endocrine Diseases,MATCHED,A_exact,155,Subclinical Hyperthyroidism: When to Consider Treatment,093_Subclinical_Hyperthyroidism_When_to_Consider_Treatment_extracted.json,C:\Users\mpsch\Desktop\claude_knowledge\guideline_extractor_v2\outputs\afp_peds_uspstf_batch\093_Subclinical_Hyperthyroidism_When_to_Consider_Treatment_extracted.json,afp_batch
"Martinez Quintero B, Yazbeck C, Sweeney LB. Thyroiditis: evaluation and treatment. Am Fam Physician. 2021;104(6):609-617.",Core,15,Endocrine Diseases,NO_MATCH,,0,,,,
"Biondi B, Cooper DS: Subclinical hyperthyroidism. N Engl J Med 2018;378(25):2411-2419.",Core,15,Endocrine Diseases,NO_MATCH,,0,,,,
"Ross DS, Burch HB, Cooper DS, et al: 2016 American Thyroid Association guidelines for diagnosis and management of hyperthyroidism and other causes of thyrotoxicosis. Thyroid 2016;26(10):1343-1421.",Core,15,Endocrine Diseases,NO_MATCH,,0,,,,
"Sencar ME, Calapkulu M, Sakiz D, et al. An evaluation of the results of the steroid and non-steroidal anti-inflammatory drug treatments in subacute thyroiditis in relation to persistent hypothyroidism and recurrence. Sci Rep. 2019;9(1):16899.",Supplementary,15,Endocrine Diseases,NO_MATCH,,0,,,,
"Vaidya B, Pearce SH: Diagnosis and management of thyrotoxicosis. BMJ 2014;349:g5128.",Supplementary,15,Endocrine Diseases,NO_MATCH,,0,,,,
Kravets I: Hyperthyroidism: Diagnosis and treatment. Am Fam Physician 2016;93(5):363-370.,Supplementary,15,Endocrine Diseases,NO_MATCH,,0,,,,
"Final Recommendation Statement: Lung Cancer: Screening. US Preventive Services Task Force, 2021.",Must-Read,16,Lower GI Tract Diseases,NO_MATCH,,0,,,,
"Jameson JL, Fauci AS, Kasper DL, et al (eds): Harrison’s Principles of Internal Medicine, ed 20. McGraw-Hill, 2018, p 2647.",Core,16,Lower GI Tract Diseases,NO_MATCH,,0,,,,
"Lacy BE, Pimentel M, Brenner DM, et al: ACG clinical guideline: Management of irritable bowel syndrome. Am J Gastroenterol 2021;116(1):17-44.",Core,16,Lower GI Tract Diseases,MATCHED,A_exact,162,ACG Clinical Guideline: Management of Irritable Bowel Syndrome,acg_IBS_extracted.json,C:\Users\mpsch\Desktop\claude_knowledge\guideline_extractor_v2\outputs\id_renal_gi_hep_batch\acg_IBS_extracted.json,id_renal_gi_hep_batch
"HPV (ACIP) vaccine recommendations. Centers for Disease Control and Prevention, reviewed 2016.",Core,16,Lower GI Tract Diseases,NO_MATCH,,0,,,,
"Shaukat A, Kahi CJ, Burke CA, et al: ACG clinical guidelines: Colorectal cancer screening 2021. Am J Gastroenterol 2021;116(3):458-479.",Core,16,Lower GI Tract Diseases,NO_MATCH,,0,,,,
"Veauthier B, Hornecker JR: Crohn’s disease: Diagnosis and management. Am Fam Physician 2018;98(11):661-669.",Supplementary,16,Lower GI Tract Diseases,NO_MATCH,,0,,,,
"Ford AC, Harris LA, Lacy BE, et al: Systematic review with meta-analysis: The efficacy of prebiotics, probiotics, synbiotics and antibiotics in irritable bowel syndrome. Aliment Pharmacol Ther 2018;48(10):1044-1060.",Supplementary,16,Lower GI Tract Diseases,NO_MATCH,,0,,,,
"Chey WD, Leontiadis GI, Howden CW, Moss SF. ACG clinical guideline: treatment of Helicobacter pylori infection. Am J Gastroenterol. 2017;112(2):212-239.",Core,17,Upper GI Tract Diseases,MATCHED,A_exact,166,ACG Clinical Guideline: Treatment of Helicobacter pylori Infection,acg_j-pylori_extracted.json,C:\Users\mpsch\Desktop\claude_knowledge\guideline_extractor_v2\outputs\id_renal_gi_hep_batch\acg_j-pylori_extracted.json,id_renal_gi_hep_batch
"Garcia-Tsao G, Abraldes JG, Berzigotti A, Bosch J: Portal hypertensive bleeding in cirrhosis: Risk stratification, diagnosis, and management: 2016 Practice guidance by the American Association for the study of liver diseases. Hepatology 2017;65(1):310-335.",Core,17,Upper GI Tract Diseases,MATCHED,A_exact,273,"Portal Hypertensive Bleeding in Cirrhosis: Risk Stratification, Diagnosis, and Management: 2016 Practice Guidance by the American Association for the Study of Liver Diseases",hep_portalHTN+bleeding_extracted.json,C:\Users\mpsch\Desktop\claude_knowledge\guideline_extractor_v2\outputs\id_renal_gi_hep_batch\hep_portalHTN+bleeding_extracted.json,id_renal_gi_hep_batch
"Smith A, Baumgartner K, Bositis C. Cirrhosis: diagnosis and management. Am Fam Physician. 2019;100(12):759-770.",Core,17,Upper GI Tract Diseases,NO_MATCH,,0,,,,
"Fashner J, Gitu AC: Diagnosis and treatment of peptic ulcer disease and H. pylori infection. Am Fam Physician 2015;91(4):236-242.",Supplementary,17,Upper GI Tract Diseases,NO_MATCH,,0,,,,
Randel A: H. pylori infection: ACG updates treatment recommendations. Am Fam Physician 2018;97(2):135-137.,Supplementary,17,Upper GI Tract Diseases,NO_MATCH,,0,,,,
"Mounsey A, Barzin A, Rietz A: Functional dyspepsia: Evaluation and management. Am Fam Physician 2020;101(2):84-88.",Supplementary,17,Upper GI Tract Diseases,NO_MATCH,,0,,,,
"Targownik LE, Fisher DA, Saini SD. AGA clinical practice update on de-prescribing of proton pump inhibitors: expert review. Gastroenterology. 2022;162(4):1334-1342.",Supplementary,17,Upper GI Tract Diseases,NO_MATCH,,0,,,,
"McConaghy JR, Decker A, Nair S. Peptic ulcer disease and H. pylori infection: common questions and answers. Am Fam Physician . 2023;107(2):165-172",Supplementary,17,Upper GI Tract Diseases,NO_MATCH,,0,,,,
"Moayyedi PM, Lacy BE, Andrews CN, Enns RA, Howden CW, Vakil N. Corrigendum: ACG and CAG clinical guideline: management of dyspepsia. Am J Gastroenterol . 2017;112(9):1484. doi:10.1038/ajg.2017.238 Du LJ, Chen BR, Kim JJ, Kim S, Shen JH, Dai N",Supplementary,17,Upper GI Tract Diseases,MATCHED,A_exact,155,ACG and CAG Clinical Guideline: Management of Dyspepsia,acg_dyspepsia_extracted.json,C:\Users\mpsch\Desktop\claude_knowledge\guideline_extractor_v2\outputs\id_renal_gi_hep_batch\acg_dyspepsia_extracted.json,id_renal_gi_hep_batch
Helicobacter pylori eradication therapy for functional dyspepsia: systematic review and meta-analysis. World J Gastroenterol . 2016;22(12):3486- 3495,Supplementary,17,Upper GI Tract Diseases,NO_MATCH,,0,,,,
"Talebreza S, Widera E. Advance directives: navigating conflicts between expressed wishes and best interests. Am Fam Physician. 2015;91(7):480-484.",Core,18,Geriatrics I,NO_MATCH,,0,,,,
"Stephens MB, Wiedemer JP, Kushner GM: Dental problems in primary care. Am Fam Physician 2018;98(11):654-660.",Core,18|38,Geriatrics I|Well-Child & Adolescent Issues,MATCHED,A_exact,131,Dental Problems in Primary Care,050_Dental_Problems_in_Primary_Care_extracted.json,C:\Users\mpsch\Desktop\claude_knowledge\guideline_extractor_v2\outputs\afp_peds_uspstf_batch\050_Dental_Problems_in_Primary_Care_extracted.json,afp_batch
"Gray SL, Anderson ML, Dublin S, et al: Cumulative use of strong anticholinergics and incident dementia: A prospective cohort study. JAMA Intern Med 2015;175(3):401-407.",Core,18|20,Geriatrics I|Geriatrics III,NO_MATCH,,0,,,,
"Final Recommendation Statement: Falls Prevention in Community-Dwelling Older Adults: Interventions. US Preventive Services Task Force, 2018.",Core,18,Geriatrics I,NO_MATCH,,0,,,,
"Learn the signs. Act early: milestones. Centers for Disease Control and Prevention. Reviewed June 6, 2023.",Core,18|41,Geriatrics I|Behavioral Medicine III - ADHD Autism OCD,NO_MATCH,,0,,,,
"POLST for Health Care Professionals. National POLST website, 2022.",Supplementary,18,Geriatrics I,NO_MATCH,,0,,,,
"Caylor TL, Perkins A: Recognition and management of polymyalgia rheumatica and giant cell arteritis. Am Fam Physician 2013;88(10):676-684.",Supplementary,18,Geriatrics I,NO_MATCH,,0,,,,
"Rinden T, Miller E, Nasr R: Giant cell arteritis: An updated review of an old disease. Cleve Clin J Med 2019;86(7):465-472.",Supplementary,18,Geriatrics I,NO_MATCH,,0,,,,
"Unwin B, Williams CM, Gilliland W: Polymyalgia rheumatica and giant cell arteritis. Am Fam Physician 2006;74(9):1547-1554.",Supplementary,18,Geriatrics I,NO_MATCH,,0,,,,
"Wilson KF, Meier JD, Ward PD: Salivary gland disorders. Am Fam Physician 2014;89(11):882-888.",Supplementary,18,Geriatrics I,NO_MATCH,,0,,,,
"Gauer RL, Semidey MJ: Diagnosis and treatment of temporomandibular disorders. Am Fam Physician 2015;91(6):378-386.",Supplementary,18,Geriatrics I,NO_MATCH,,0,,,,
"Chatterjee S, Bali V, Carnahan RM, et al: Anticholinergic medication use and risk of dementia among elderly nursing home residents with depression. Am J Geriatr Psychiatry 2016;24(6):485-495.",Supplementary,18|20,Geriatrics I|Geriatrics III,NO_MATCH,,0,,,,
Environmental interventions for preventing falls in older people living in the community. Am Fam Physician . 2023;108(5):450-451,Supplementary,18,Geriatrics I,NO_MATCH,,0,,,,
Hauk L. Treatment of low BMD and osteoporosis to prevent fractures: updated guideline from the ACP. Am Fam Physician. 2018;97(5):352-353.,Core,19,Geriatrics II,NO_MATCH,,0,,,,
"Black DM, Schwartz AV, Ensrud KE, et al: Effects of continuing or stopping alendronate after 5 years of treatment: The Fracture Intervention Trial Long-term Extension (FLEX): A randomized trial. JAMA 2006;296(24):2927-2938.",Core,19,Geriatrics II,NO_MATCH,,0,,,,
"Baird DC, Batten SH, Sparks SK. - and -thalassemia: rapid evidence review. Am Fam Physician. 2022;105(3):272-280.",Core,19,Geriatrics II,NO_MATCH,,0,,,,
"Final Recommendation Statement: Osteoporosis to Prevent Fractures: Screening. US Preventive Services Task Force, 2018.",Core,19,Geriatrics II,NO_MATCH,,0,,,,
"Hartman-Adams H, Gerbo RM, George S. Tuberculosis: common questions and answers. Am Fam Physician. 2022;106(3):308-315.",Supplementary,19,Geriatrics II,NO_MATCH,,0,,,,
"Cosman F, de Beur SJ, LeBoff MS, et al. Clinician’s guide to prevention and treatment of osteoporosis. Osteoporos Int. 2014;25(10):2359–2381.",Supplementary,19,Geriatrics II,NO_MATCH,,0,,,,
"Erviti J, Alonso A, Oliva B, et al: Oral bisphosphonates are associated with increased risk of subtrochanteric and diaphyseal fractures in elderly women: A nested case-control study. BMJ Open 2013;3(1):e002091.",Supplementary,19,Geriatrics II,NO_MATCH,,0,,,,
"Lam HC, Thomas CM, Shaver JM: Duration of bisphosphonate therapy. Am Fam Physician 2018;97(7):online.",Supplementary,19,Geriatrics II,NO_MATCH,,0,,,,
"Mangin D, Lawson J, Cuppage J, et al: Legacy drug-prescribing patterns in primary care. Ann Fam Med 2018;16(6):515-520.",Supplementary,19,Geriatrics II,NO_MATCH,,0,,,,
"Goldman L, Schafer AI (eds): Goldman-Cecil Medicine, ed 26. Elsevier, 2020, p 1840.",Core,20|45,Geriatrics III|Pulmonary IV - Infections Part 2,NO_MATCH,,0,,,,
"Hoover RM, Polson M: Detecting elder abuse and neglect: Assessment and intervention. Am Fam Physician 2014;89(6):453-460.",Supplementary,20,Geriatrics III,NO_MATCH,,0,,,,
Gillon R: Medical ethics: Four principles plus attention to scope. BMJ 1994;309(6948):184-188.,Supplementary,20,Geriatrics III,NO_MATCH,,0,,,,
"Beauchamp T, Childress J: Principles of Biomedical Ethics: Marking its fortieth anniversary. Am J Bioeth 2019;19(11):9-12.",Supplementary,20,Geriatrics III,NO_MATCH,,0,,,,
"Lip GYH, Banerjee A, Boriani G, et al: Antithrombotic therapy for atrial fibrillation: CHEST guideline and expert panel report. Chest 2018;154(5):1121-1201.",Core,21,Hematology Issues,MATCHED,A_exact,146,Antithrombotic Therapy for Atrial Fibrillation,pulm_a-fib_extracted.json,C:\Users\mpsch\Desktop\claude_knowledge\guideline_extractor_v2\outputs\jacc_pulm_batch\pulm_a-fib_extracted.json,jacc_pulm_batch
"Wigle P, Hein B, Bernheisel CR: Anticoagulation: Updated guidelines for outpatient management. Am Fam Physician 2019;100(7):426-434.",Core,21,Hematology Issues,NO_MATCH,,0,,,,
"Larson ST, Ray BE, Wilbur J. Ischemic stroke management: posthospitalization and transition of care. Am Fam Physician. 2023;108(1):70-77.",Core,21,Hematology Issues,NO_MATCH,,0,,,,
"Stevens SM, Woller SC, Kreuziger LB, et al. Antithrombotic therapy for VTE disease: compendium and review of CHEST guidelines 2012-2021. Chest . 2024;166(2):388-404.",Supplementary,21,Hematology Issues,NO_MATCH,,0,,,,
"Stevens SM, Woller SC, Baumann Kreuziger L, et al. Antithrombotic therapy for VTE disease: compendium and review of CHEST guidelines 2012-2021. Chest . 2024;166(2):388- 404",Supplementary,21,Hematology Issues,NO_MATCH,,0,,,,
"Smith DK, McDermott AJ, Sullivan JF: Croup: Diagnosis and management. Am Fam Physician 2018;97(9):575-580.",Must-Read,22,Fever & Infectious Disease in Children,NO_MATCH,,0,,,,
"Smith DK, Seales S, Budzik C: Respiratory syncytial virus bronchiolitis in children. Am Fam Physician 2017;95(2):94-99.",Must-Read,22,Fever & Infectious Disease in Children,NO_MATCH,,0,,,,
"Bradley JS, Byington CL, Shah SS, et al. Executive summary: the management of community acquired pneumonia in infants and children older than 3 months of age: clinical practice guidelines by the Pediatric Infectious Diseases Society and the Infectious Diseases Society of America. Clin Infect Dis. 2011;53(7):617-630.",Core,22|45,Fever & Infectious Disease in Children|Pulmonary IV - Infections Part 2,NO_MATCH,,0,,,,
"Smith DK, Kuckel DP, Recidoro AM. Community-acquired pneumonia in children: rapid evidence review. Am Fam Physician. 2021;104(6):618-625.",Core,22|45,Fever & Infectious Disease in Children|Pulmonary IV - Infections Part 2,NO_MATCH,,0,,,,
Johnson DW: Croup. BMJ Clin Evid 2014;2014:0321.,Supplementary,22,Fever & Infectious Disease in Children,NO_MATCH,,0,,,,
"Oppenlander KE, Chung AA, Clabaugh D. Respiratory syncytial virus bronchiolitis: rapid evidence review. Am Fam Physician. 2023;108(1):52-57.",Supplementary,22,Fever & Infectious Disease in Children,NO_MATCH,,0,,,,
"US Preventive Services Task Force. Final recommendation statement: testicular cancer: screening. Updated April 15, 2011.",Core,23,STIs Vaginitis & Vaginosis,NO_MATCH,,0,,,,
"US Preventive Services Task Force. Final recommendation statement: vitamin D deficiency in adults: screening. Updated April 13, 2021.",Core,23|46,STIs Vaginitis & Vaginosis|Pulmonary V - Lung Cancer OSA,NO_MATCH,,0,,,,
"Screening recommendations and considerations referenced in treatment guidelines and original sources. Centers for Disease Control and Prevention, reviewed 2015.",Core,23,STIs Vaginitis & Vaginosis,NO_MATCH,,0,,,,
"Knight DA, Jarrett D: Preventive health care for women who have sex with women. Am Fam Physician 2017;95(5):314-321.",Core,23,STIs Vaginitis & Vaginosis,NO_MATCH,,0,,,,
US Preventive Services Task Force. Recommendation topics. Updated 2023.,Core,23,STIs Vaginitis & Vaginosis,NO_MATCH,,0,,,,
"Farahi N, McEachern M. Sexual assault of women. Am Fam Physician . 2021;103(3):168- 176.",Supplementary,23,STIs Vaginitis & Vaginosis,NO_MATCH,,0,,,,
"Sell J, Nasir M, Courchesne C: Urethritis: Rapid evidence review. Am Fam Physician 2021;103(9):553-558.",Supplementary,23,STIs Vaginitis & Vaginosis,NO_MATCH,,0,,,,
"Mercado MG, Smith DK, Guard EL. Acute kidney injury: diagnosis and management. Am Fam Physician. 2019;100(11):687-694.",Core,24,Renal Disease I,NO_MATCH,,0,,,,
"Barocas D, Boorjian SA, Alvarez RD, et al: Microhematuria: AUA/SUFU guideline. J Urol 2020;204(4):778-786.",Core,24,Renal Disease I,NO_MATCH,,0,,,,
"Judge C, Cifu AS, Faris S: Management of patients with microhematuria. JAMA 2021;326(6):563-564.",Core,24,Renal Disease I,NO_MATCH,,0,,,,
"McGrath K, Edi R: Diabetic kidney disease: Diagnosis, treatment, and prevention. Am Fam Physician 2019;99(12):751-759.",Core,24,Renal Disease I,NO_MATCH,,0,,,,
"Ohkuma T, Jun M, Rodgers A, et al. Acute increases in serum creatinine after starting angiotensin-converting enzyme inhibitor-based therapy and effects of its continuation on major clinical outcomes in type 2 diabetes mellitus. Hypertension. 2019;73(1):84-91.",Supplementary,24,Renal Disease I,NO_MATCH,,0,,,,
"Sell J, Ramirez S, Partin M. Parathyroid disorders. Am Fam Physician. 2022;105(3):289-298.",Core,25,Renal Disease II,NO_MATCH,,0,,,,
"McMahon EJ, Campbell KL, Bauer JD, Mudge DW: Altered dietary salt intake for people with chronic kidney disease. Cochrane Database Syst Rev 2015;(2):CD010070.",Supplementary,25,Renal Disease II,NO_MATCH,,0,,,,
"Goodbred AJ, Langan RC. Chronic kidney disease: prevention, diagnosis, and treatment. Am Fam Physician . 2023;108(6):554- 561",Supplementary,25,Renal Disease II,MATCHED,A_exact,160,"Chronic Kidney Disease: Prevention, Diagnosis, and Treatment",033_Chronic_Kidney_Disease_Prevention_Diagnosis_and_Treatment_extracted.json,C:\Users\mpsch\Desktop\claude_knowledge\guideline_extractor_v2\outputs\afp_peds_uspstf_batch\033_Chronic_Kidney_Disease_Prevention_Diagnosis_and_Treatment_extracted.json,afp_batch
"Fishbane S, Block GA, Loram L, et al: Effects of ferric citrate in patients with nondialysis-dependent CKD and iron deficiency anemia. J Am Soc Nephrol 2017;28(6):1851-1858.",Supplementary,25,Renal Disease II,NO_MATCH,,0,,,,
"Fishbane S, Spinowitz B: Update on anemia in ESRD and earlier stages of CKD: Core curriculum 2018. Am J Kidney Dis 2018;71(3):423-435.",Supplementary,25,Renal Disease II,NO_MATCH,,0,,,,
"Ketteler M, Block GA, Evenepoel P, et al. Executive summary of the 2017 KDIGO chronic kidney disease-mineral and bone disorder (CKD-MBD) guideline update: what's changed and why it matters. Kidney Int. 2017;92(1):26-36.",Unmatched,25,Renal Disease II,MATCHED,B_title_run,80,"KDOQI US Commentary on the 2017 KDIGO Clinical Practice Guideline Update for the Diagnosis, Evaluation, Prevention, and Treatment of Chronic Kidney Disease–Mineral and Bone Disorder (CKD-MBD)",AJKD_bone_mineral_d_extracted.json,C:\Users\mpsch\Desktop\claude_knowledge\guideline_extractor_v2\outputs\id_renal_gi_hep_batch\AJKD_bone_mineral_d_extracted.json,id_renal_gi_hep_batch
"Whelton PK, Carey RM, Aronow WS, et al. 2017 ACC/AHA/AAPA/ABC/ACPM/AGS/APhA/ASH/ASPC/NMA/PCNA guideline for the prevention, detection, evaluation, and management of high blood pressure in adults: executive summary: a report of the American College of Cardiology/American Heart Association task force on clinical practice guidelines. Circulation. 2018;138(17):e426-e483.",Core,26,Common Neurological Disorders,MATCHED,A_exact,254,"2017 ACC/AHA/AAPA/ABC/ACPM/AGS/APhA/ASH/ASPC/NMA/PCNA Guideline for the Prevention, Detection, Evaluation, and Management of High Blood Pressure in Adults",jacc_HTN_extracted.json,C:\Users\mpsch\Desktop\claude_knowledge\guideline_extractor_v2\outputs\jacc_pulm_batch\jacc_HTN_extracted.json,jacc_pulm_batch
"Ha H, Gonzalez A: Migraine headache prophylaxis. Am Fam Physician 2019;99(1):17-24.",Supplementary,26,Common Neurological Disorders,NO_MATCH,,0,,,,
"Malu OO, Bailey J, Hawks MK. Cluster headache: rapid evidence review. Am Fam Physician. 2022;105(1):24-32.",Supplementary,26,Common Neurological Disorders,NO_MATCH,,0,,,,
"Smith DK, Sadler KP, Benedum M: Febrile seizures: Risks, evaluation, and prognosis. Am Fam Physician 2019;99(7):445-450.",Supplementary,26,Common Neurological Disorders,NO_MATCH,,0,,,,
American College of Obstetricians and Gynecologists’ Committee on Practice Bulletins—Gynecology. ACOG Practice Bulletin No. 194: polycystic ovary syndrome. Obstet Gynecol. 2018;131(6):e157-e171.,Core,27,Maternity Care I,NO_MATCH,,0,,,,
"Pertussis (whooping cough): Clinicians. Centers for Disease Control and Prevention, reviewed 2019.",Core,27,Maternity Care I,NO_MATCH,,0,,,,
"Final Recommendation Statement: Vitamin Supplementation to Prevent Cancer and CVD: Preventive Medication. US Preventive Services Task Force, 2014.",Core,27,Maternity Care I,NO_MATCH,,0,,,,
"FitzGerald JD, Dalbeth N, Mikuls T, et al: 2020 American College of Rheumatology guideline for the management of gout. Arthritis Care Res (Hoboken) 2020;72(6):744-760.",Core,27|47,Maternity Care I|The Major Arthritides,MATCHED,A_exact,174,2020 American College of Rheumatology Guideline for the Management of Gout,rheum_gout-guideline-2020_extracted.json,C:\Users\mpsch\Desktop\claude_knowledge\guideline_extractor_v2\outputs\neuro_tox_rheum_psych_batch\rheum_gout-guideline-2020_extracted.json,neuro_tox_rheum_psych_batch
ACOG Practice Bulletin No. 190: Gestational diabetes mellitus. Obstet Gynecol 2018;131(2):e49-e64.,Core,27,Maternity Care I,NO_MATCH,,0,,,,
"Grobman WA, Rice MM, Reddy UM, et al. Labor induction versus expectant management in low-risk nulliparous women. N Engl J Med . 2018;379(6):513-523",Core,27|28,Maternity Care I|Maternity Care II,NO_MATCH,,0,,,,
"American College of Obstetricians and Gynecologists; Torbenson VE, Caughey AB, Hoang M, Saposnik SR. Management of full-term nulliparous individuals without a medical indication for delivery: ACOG clinical practice update. Obstet Gynecol . 2025;145(1 ):e 45- e50",Core,27|28,Maternity Care I|Maternity Care II,NO_MATCH,,0,,,,
"Zolotor AJ, Carlough MC: Update on prenatal care. Am Fam Physician 2014;89(3):199-208.",Core,27,Maternity Care I,NO_MATCH,,0,,,,
"Final Recommendation Statement: Low-Dose Aspirin Use for the Prevention of Morbidity and Mortality from Preeclampsia: Preventive Medication. US Preventive Services Task Force, 2021.",Core,27,Maternity Care I,NO_MATCH,,0,,,,
"Grimard BH, Safford RE, Burns EL: Aortic stenosis: Diagnosis and treatment. Am Fam Physician 2016;93(5):371-378.",Supplementary,27,Maternity Care I,NO_MATCH,,0,,,,
"Wheeler V, Hoffman A, Bybel M. Cervical ripening and induction of labor. Am Fam Physician . 2022;105(2):177-186",Supplementary,27|28,Maternity Care I|Maternity Care II,NO_MATCH,,0,,,,
"Leeman L, Dresang LT, Fontaine P: Hypertensive disorders of pregnancy. Am Fam Physician 2016;93(2):121-127.",Supplementary,27,Maternity Care I,NO_MATCH,,0,,,,
"Riley L, Wertz M, McDowell I: Obesity in pregnancy: Risks and management. Am Fam Physician 2018;97(9):559-561.",Supplementary,27,Maternity Care I,NO_MATCH,,0,,,,
Ramirez SI. Prenatal care: an evidence-based approach. Am Fam Physician. 2023;108(2):139-150.,Supplementary,27,Maternity Care I,MATCHED,A_exact,141,Prenatal Care: An Evidence-Based Approach,077_Prenatal_Care_An_Evidence-Based_Approach_extracted.json,C:\Users\mpsch\Desktop\claude_knowledge\guideline_extractor_v2\outputs\afp_peds_uspstf_batch\077_Prenatal_Care_An_Evidence-Based_Approach_extracted.json,afp_batch
"Finkelstein JL, Fothergill A, Venkatramanan S, et al. Vitamin B supplementation during 12 pregnancy for maternal and child health outcomes. Cochrane Database of Systematic Reviews. 2024;1:CD013823.",Unmatched,27,Maternity Care I,NO_MATCH,,0,,,,
"Perez-Lopez FR, Pilz S, Chedraui P. Vitamin D supplementation during pregnancy: an overview. Curr Opin Obstet Gynecol. 2020;32(5):316-321.",Unmatched,27,Maternity Care I,NO_MATCH,,0,,,,
"Willemse JPMM, Meertens LJE, Scheepers HCJ, et al. Calcium intake from diet and supplement use during early pregnancy: the Expect study I. Eur J Nutr. 2020;59(1):167-174.",Unmatched,27,Maternity Care I,NO_MATCH,,0,,,,
"Morris JM, Roberts CL, Bowen JR, et al: Immediate delivery compared with expectant management after preterm pre-labour rupture of the membranes close to term (PPROMT trial): A randomised controlled trial. Lancet 2016;387(10017):444-452.",Core,28,Maternity Care II,NO_MATCH,,0,,,,
"Engle WA, Tomashek KM, Wallman C; Committee on Fetus and Newborn, American Academy of Pediatrics: “Late-preterm” infants: A population at risk. Pediatrics 2007;120(6):1390-1401.",Core,28|37,Maternity Care II|Common Newborn Issues,NO_MATCH,,0,,,,
"Baker RD, Greer FR; Committee on Nutrition American Academy of Pediatrics: Diagnosis and prevention of iron deficiency and iron-deficiency anemia in infants and young children (0–3 years of age). Pediatrics 2010;126(5):1040-1050.",Core,28|37,Maternity Care II|Common Newborn Issues,NO_MATCH,,0,,,,
"Reproductive health: Preterm birth. Centers for Disease Control and Prevention, reviewed 2020.",Core,28|37,Maternity Care II|Common Newborn Issues,NO_MATCH,,0,,,,
"Alexopoulos A, Blair R, Peters AL: Management of preexisting diabetes in pregnancy: A review. JAMA 2019;321(18):1811–1819.",Core,28,Maternity Care II,NO_MATCH,,0,,,,
American Diabetes Association: 14. Management of diabetes in pregnancy: Standards of Medical Care in Diabetes–2021 Diabetes Care 2021;44(Suppl 1):S200-S210.,Core,28,Maternity Care II,NO_MATCH,,0,,,,
"Gauer RL, Burket J, Horowitz E: Common questions about outpatient care of premature infants. Am Fam Physician 2014;90(4):244-251.",Supplementary,28|37,Maternity Care II|Common Newborn Issues,NO_MATCH,,0,,,,
Wang M: Iron deficiency and other types of anemia in infants and children. Am Fam Physician 2016;93(4):270-278.,Supplementary,28|37,Maternity Care II|Common Newborn Issues,NO_MATCH,,0,,,,
"Fan T, Blitz J: Behavioral and pharmacotherapy interventions for tobacco smoking cessation in adults, including pregnant women. Am Fam Physician 2016;93(10):861-862.",Supplementary,28,Maternity Care II,NO_MATCH,,0,,,,
"Drugs and Lactation Database (LactMed) Bethesda (MD): Liraglutide. National Library of Medicine (US), updated 2020.",Supplementary,28,Maternity Care II,NO_MATCH,,0,,,,
"Wouk N, Helton M: Abnormal uterine bleeding in premenopausal women. Am Fam Physician 2019;99(7):435-443.",Core,29|30,Women's Health I|Women's Health II,NO_MATCH,,0,,,,
"NICE guideline [NG88]: Heavy menstrual bleeding: Assessment and management. Clinical Guideline (CG44). National Institute for Health and Care Excellence, updated 2020.",Core,29,Women's Health I,NO_MATCH,,0,,,,
American College of Obstetricians and Gynecologists’ Committee on Gynecologic Practice. ACOG Committee Opinion No. 734: the role of transvaginal ultrasonography in evaluating the endometrium of women with postmenopausal bleeding. Obstet Gynecol . 2018;131(5 ):e 124-e129.,Core,29,Women's Health I,NO_MATCH,,0,,,,
Practice Bulletin No. 149: Endometrial cancer. Obstet Gynecol 2015;125(4):1006-1026.,Supplementary,29,Women's Health I,NO_MATCH,,0,,,,
"Oleka C, Dietrich JE. HMB in the adolescent: a review of the modern approach to diagnosis and management. Clin Obstet Gynecol . 2020;63(3):553-560",Supplementary,29,Women's Health I,NO_MATCH,,0,,,,
"Jordahl-Iafrato MA, Reed H, Hadley SK, Kolman KB. A systematic approach to chronic abnormal uterine bleeding. J Fam Pract. 2019;68(2):82-84, 86-92.",Unmatched,29,Women's Health I,NO_MATCH,,0,,,,
"Williams T, Moore JB, Regehr J. Polycystic ovary syndrome: common questions and answers. Am Fam Physician. 2023;107(3):264-272.",Supplementary,30,Women's Health II,NO_MATCH,,0,,,,
"Paradise SL, Landis CA, Klein DA. Evidence-based contraception: common questions and answers. Am Fam Physician. 2022;106(3):251-259.",Supplementary,30,Women's Health II,NO_MATCH,,0,,,,
"Reproductive health: US Medical Eligibility Criteria for contraceptive use, 2016 (US MEC). Centers for Disease Control and Prevention. Last reviewed March 27, 2023.",Unmatched,30,Women's Health II,NO_MATCH,,0,,,,
"Schrager S, Fox K, Lee R. Abnormal uterine bleeding associated with hormonal contraception. Am Fam Physician. 2024;109(2):161-166.",Unmatched,30,Women's Health II,NO_MATCH,,0,,,,
"Amaechi O, Huffman MM, Featherstone K: Pharmacologic therapy for acute pain. Am Fam Physician 2021;104(1):63-72.",Supplementary,31,Musculoskeletal Medicine,NO_MATCH,,0,,,,
"Baillargeon J, Raji MA, Urban RJ, et al: Opioid-induced hypogonadism in the United States. Mayo Clin Proc Innov Qual Outcomes 2019;3(3):276-284.",Supplementary,31,Musculoskeletal Medicine,NO_MATCH,,0,,,,
"The Diagnosis and Treatment of Low Back Pain Work Group; Office of Quality and Patient Safety, Veterans Health Administration; Clinical Quality Improvement Program, Defense Health Agency. VA/DoD Clinical Practice Guideline for the Diagnosis and Treatment of Low Back Pain. Version 3.0. US Government Printing Office; 2022. Buelt A, McCall S, Coster J",Supplementary,31,Musculoskeletal Medicine,NO_MATCH,,0,,,,
"Smith MS, Olivas J, Smith K: Manipulative therapies: What works. Am Fam Physician 2019;99(4):248-252.",Supplementary,31,Musculoskeletal Medicine,NO_MATCH,,0,,,,
"de Vries F, Bruin M, Lobatto DJ, et al. Opioids and their endocrine effects: a systematic review and meta-analysis. J Clin Endocrinol Metab. 2020;105(3):1020-1029.",Supplementary,31|36,Musculoskeletal Medicine|Management of Chronic Pain,NO_MATCH,,0,,,,
Management of low back pain: guidelines from the VA/DoD. Am Fam Physician. 2023;107(4):435- 437.,Supplementary,31,Musculoskeletal Medicine,MATCHED,A_exact,155,Management of Low Back Pain: Guidelines From the VA/DoD,065_Management_of_Low_Back_Pain_Guidelines_From_the_VADoD_extracted.json,C:\Users\mpsch\Desktop\claude_knowledge\guideline_extractor_v2\outputs\afp_peds_uspstf_batch\065_Management_of_Low_Back_Pain_Guidelines_From_the_VADoD_extracted.json,afp_batch
"Patel DS, Statuta SM, Ahmed N: Common fractures of the radius and ulna. Am Fam Physician 2021;103(6):345-354.",Core,32,Fracture Care,MATCHED,A_exact,139,Common Fractures of the Radius and Ulna,018_Radius_Ulna_Fractures_Patel_2021_extracted.json,C:\Users\mpsch\Desktop\claude_knowledge\guideline_extractor_v2\outputs\afp_peds_uspstf_batch\018_Radius_Ulna_Fractures_Patel_2021_extracted.json,afp_batch
"National Clinical Guideline Centre (UK): fractures (non-complex): assessment and management. National Institute for Health and Care Excellence, 2016.",Core,32,Fracture Care,NO_MATCH,,0,,,,
"Leggit JC, Meko CJ. Acute finger injuries: part I. Tendons and ligaments. Am Fam Physician. 2006;73(5):810-816.",Supplementary,32,Fracture Care,NO_MATCH,,0,,,,
"Bachoura A, Ferikes AJ, Lubahn JD. A review of mallet finger and jersey finger injuries in the athlete. Curr Rev Musculoskelet Med. 2017;10(1):1-9.",Supplementary,32,Fracture Care,NO_MATCH,,0,,,,
"Shapiro LM, Kamal RN. Evaluation and treatment of flexor tendon and pulley injuries in athletes. Clin Sports Med. 2020;39(2):279-297.",Supplementary,32,Fracture Care,NO_MATCH,,0,,,,
"Borchers JR, Best TM: Common finger fractures and dislocations. Am Fam Physician 2012;85(8):805-810.",Supplementary,32,Fracture Care,NO_MATCH,,0,,,,
"Paschos NK, Mitsionis GI, Vasiliadis HS, Georgoulis AD: Comparison of early mobilization protocols in radial head fractures. J Orthop Trauma 2013;27(3):134-139.",Supplementary,32,Fracture Care,NO_MATCH,,0,,,,
"Jiang N, Cao ZH, Ma YF, Lin Z, Yu B. Management of pediatric forearm torus fractures: a systematic review and meta-analysis. Pediatr Emerg Care. 2016;32(11):773-778.",Supplementary,32,Fracture Care,NO_MATCH,,0,,,,
"Zwillenberg M, Kwak E. Splint vs. cast for forearm buckle fracture in children. Am Fam Physician. 2022;105(4):Online.",Supplementary,32,Fracture Care,NO_MATCH,,0,,,,
"Authors/Task Force members, Elliott PM, Anastasakis A, et al. 2014 ESC guidelines on diagnosis and management of hypertrophic cardiomyopathy: the task force for the diagnosis and management of hypertrophic cardiomyopathy of the European Society of Cardiology (ESC). Eur Heart J. 2014;35(39):2733-2779.",Core,33,Sports Medicine,NO_MATCH,,0,,,,
"Leggit JC, Whitaker D. Diagnosis and management of hypertrophic cardiomyopathy: updated guidelines from the ACC/AHA. Am Fam Physician. 2022;105(2):207-209.",Core,33,Sports Medicine,NO_MATCH,,0,,,,
Rice SG; American Academy of Pediatrics Council on Sports Medicine and Fitness. Medical conditions affecting sports participation. Pediatrics . 2008;121(4):841- 848,Core,33,Sports Medicine,NO_MATCH,,0,,,,
"Bernhardt DT, Roberts WO, eds; American Academy of Family Physicians. PPE: Preparticipation Physical Evaluation . 5th ed. American Academy of Pediatrics; 2019.",Core,33,Sports Medicine,NO_MATCH,,0,,,,
"Achar S, Yamanaka J: Apophysitis and osteochondrosis: Common causes of pain in growing bones. Am Fam Physician 2019;99(10):610-618.",Core,33,Sports Medicine,MATCHED,A_exact,171,Apophysitis and Osteochondrosis: Common Causes of Pain in Growing Bones,026_Apophysitis_and_Osteochondrosis_Common_Causes_of_Pain_in_Gro_extracted.json,C:\Users\mpsch\Desktop\claude_knowledge\guideline_extractor_v2\outputs\afp_peds_uspstf_batch\026_Apophysitis_and_Osteochondrosis_Common_Causes_of_Pain_in_Gro_extracted.json,afp_batch
"Scorza KA, Cole W: Current concepts in concussion: Initial evaluation and management. Am Fam Physician 2019;99(7):426-434.",Supplementary,33,Sports Medicine,NO_MATCH,,0,,,,
"Ford B, Lara S, Park J. Heart murmurs in children: evaluation and management. Am Fam Physician. 2022;105(3):250-261.",Supplementary,33,Sports Medicine,NO_MATCH,,0,,,,
"Naranje S, Kelly DM, Sawyer JR: A systematic approach to the evaluation of a limping child. Am Fam Physician 2015;92(10):908-916.",Core,34,Pediatric Orthopedics,NO_MATCH,,0,,,,
Chamberlain R: Hip pain in adults: Evaluation and differential diagnosis. Am Fam Physician 2021;103(2):81-89.,Core,34|47,Pediatric Orthopedics|The Major Arthritides,MATCHED,A_exact,157,Hip Pain in Adults: Evaluation and Differential Diagnosis,001_Hip_Pain_Adults_Chamberlain_2021_extracted.json,C:\Users\mpsch\Desktop\claude_knowledge\guideline_extractor_v2\outputs\afp_peds_uspstf_batch\001_Hip_Pain_Adults_Chamberlain_2021_extracted.json,afp_batch
"Rianon NJ, des Bordes JK. Paget disease of bone for primary care. Am Fam Physician. 2020;102(4):224-228.",Core,34,Pediatric Orthopedics,NO_MATCH,,0,,,,
"Viral hepatitis: Q&As for health professionals. Centers for Disease Control and Prevention. Reviewed August 7, 2020.",Core,34,Pediatric Orthopedics,NO_MATCH,,0,,,,
"Wang Y, Doyle M, Smit K, et al: The toddler’s fracture. Pediatr Emerg Care 2022;38(1):36-39.",Supplementary,34,Pediatric Orthopedics,NO_MATCH,,0,,,,
"Schroeder JD, Turner SP, Buck E. Hip fractures: diagnosis and management. Am Fam Physician. 2022;106(6):675-683.",Supplementary,34|48,Pediatric Orthopedics|Preoperative Examination,NO_MATCH,,0,,,,
"Bhattacharyya N, Gubbels SP, Schwartz SR, et al: Clinical practice guideline: Benign paroxysmal positional vertigo (update). Otolaryngol Head Neck Surg 2017;156(3 Suppl):S1-S47.",Core,35,Common ENT Problems,NO_MATCH,,0,,,,
"Webster KE, Galbraith K, Harrington-Benton NA, et al. Systemic pharmacological interventions for Meniere's disease. Cochrane Database Syst Rev . 2023;2(2):CD015171",Core,35,Common ENT Problems,NO_MATCH,,0,,,,
"Webster KE, George B, Lee A, et al. Lifestyle and dietary interventions for Meniere's disease. Cochrane Database Syst Rev . 2023;(2):CD015244.",Core,35,Common ENT Problems,NO_MATCH,,0,,,,
"Paul CR, Frohna JG. Acute otitis media. Pediatrics in Review . 2025;46(3):139- 147",Supplementary,35,Common ENT Problems,NO_MATCH,,0,,,,
Wright T: Menière’s disease. BMJ Clin Evid 2015;2015:0505.,Supplementary,35,Common ENT Problems,NO_MATCH,,0,,,,
"Dieterich M, Obermann M, Celebisoy N: Vestibular migraine: The most frequent entity of episodic vertigo. J Neurol 2016;263(Suppl 1):S82-S89.",Supplementary,35,Common ENT Problems,NO_MATCH,,0,,,,
"Basura GJ, Adams ME, Monfared A, et al. Clinical practice guideline: Meniere's Disease Executive Summary. Otolaryngol Head Neck Surg . 2020;162(4):415-434",Supplementary,35,Common ENT Problems,NO_MATCH,,0,,,,
"Rogers TS, Noel MA, Garcia B. Dizziness: evaluation and management. Am Fam Physician . 2023;107(5):514-523",Supplementary,35,Common ENT Problems,NO_MATCH,,0,,,,
"Muncie HL, Sirmans SM, James E. Dizziness: approach to evaluation and management. Am Fam Physician . 2017;95(3):154-162",Supplementary,35,Common ENT Problems,NO_MATCH,,0,,,,
"Dowell D, Haegerich TM, Chou R: CDC guideline for prescribing opioids for chronic pain—United States, 2016. JAMA 2016;315(15):1624-1645.",Core,36,Management of Chronic Pain,NO_MATCH,,0,,,,
Kale N: Urine drug tests: Ordering and interpreting results. Am Fam Physician 2019;99(1):33-39.,Core,36,Management of Chronic Pain,NO_MATCH,,0,,,,
"Eiff MP, Hatch R: Fracture Management for Primary Care, ed 3 updated. Elsevier Saunders, 2018, pp 201-203.",Core,36,Management of Chronic Pain,NO_MATCH,,0,,,,
"Coffa D, Snyder H: Opioid use disorder: Medical treatment options. Am Fam Physician 2019;100(7):416-425.",Supplementary,36,Management of Chronic Pain,NO_MATCH,,0,,,,
American Academy of Pediatrics Subcommittee on Hyperbilirubinemia: Management of hyperbilirubinemia in the newborn infant 35 or more weeks of gestation. Pediatrics 2004;114(1):297-316.,Core,37,Common Newborn Issues,NO_MATCH,,0,,,,
"Kliegman RM, St Geme JW III, Blum NJ, et al (eds): Nelson Textbook of Pediatrics, ed 21. Elsevier Saunders, 2020, pp 2188-2191.",Core,37,Common Newborn Issues,NO_MATCH,,0,,,,
American Academy of Pediatrics: Breastfeeding and the use of human milk: Section on Breastfeeding. Pediatrics 2012;129(3):e827-e841.,Core,37,Common Newborn Issues,NO_MATCH,,0,,,,
"Lauer BJ, Spector ND: Hyperbilirubinemia in the newborn. Pediatr Rev 2011;32(8):341-349.",Supplementary,37,Common Newborn Issues,NO_MATCH,,0,,,,
Muchowski KE: Evaluation and treatment of neonatal hyperbilirubinemia. Am Fam Physician 2014;89(11):873-878.,Supplementary,37,Common Newborn Issues,NO_MATCH,,0,,,,
"Westerfield KL, Koenig K, Oh R: Breastfeeding: Common questions and answers. Am Fam Physician 2018;98(6):368-373.",Supplementary,37,Common Newborn Issues,NO_MATCH,,0,,,,
"Golden NH, Abrams SA; Committee on Nutrition: Optimizing bone health in children and adolescents. Pediatrics 2014;134(4):e1229-1243.",Supplementary,37,Common Newborn Issues,NO_MATCH,,0,,,,
"Bettcher CM, Rockwell PG, Ravikumar R: Managing food allergy in children: An evidence-based update. J Fam Pract 2020;69(7):336-343.",Supplementary,37,Common Newborn Issues,NO_MATCH,,0,,,,
"Flynn JT, Kaelber DC, Baker-Smith CM, et al: Clinical practice guideline for screening and management of high blood pressure in children and adolescents. Pediatrics 2017;140(3):e20171904.",Core,38,Well-Child & Adolescent Issues,MATCHED,A_exact,207,Clinical Practice Guideline for Screening and Management of High Blood Pressure in Children and Adolescents,035_Clinical_Practice_Guideline_for_Screening_and_Management_of_extracted.json,C:\Users\mpsch\Desktop\claude_knowledge\guideline_extractor_v2\outputs\afp_peds_uspstf_batch\035_Clinical_Practice_Guideline_for_Screening_and_Management_of_extracted.json,afp_batch
"US Preventive Services Task Force. Final recommendation statement: prevention of dental caries in children younger than 5 years: screening and interventions. Updated December 7, 2021.",Core,38|41,Well-Child & Adolescent Issues|Behavioral Medicine III - ADHD Autism OCD,NO_MATCH,,0,,,,
"US Preventive Services Task Force. Final recommendation statement: prediabetes and type 2 diabetes: screening. Updated August 24, 2021.",Core,38,Well-Child & Adolescent Issues,NO_MATCH,,0,,,,
"DeGeorge KC, Neltner CE, Neltner BT: Prevention of unintentional childhood injury. Am Fam Physician 2020;102(7):411-417.",Supplementary,38,Well-Child & Adolescent Issues,NO_MATCH,,0,,,,
"Silk H, McCallum W: Fluoride: The family physician's role. Am Fam Physician 2015;92(3):174-179.",Supplementary,38,Well-Child & Adolescent Issues,NO_MATCH,,0,,,,
"Hampl SE, Hassink SG, Skinner AC, et al. Clinical practice guideline for the evaluation and treatment of children and adolescents with obesity. Pediatrics . 2023;151(2 ):e 2022060640",Supplementary,38,Well-Child & Adolescent Issues,MATCHED,A_exact,201,Clinical Practice Guideline for the Evaluation and Treatment of Children and Adolescents With Obesity,038_Clinical_Practice_Guideline_for_the_Evaluation_and_Treatment_extracted.json,C:\Users\mpsch\Desktop\claude_knowledge\guideline_extractor_v2\outputs\afp_peds_uspstf_batch\038_Clinical_Practice_Guideline_for_the_Evaluation_and_Treatment_extracted.json,afp_batch
"Lobelo F, Muth ND, Hanson S, Nemeth BA; Council on Sports Medicine and Fitness; Section on Obesity. Physical activity assessment and counseling in pediatric clinical settings. Pediatrics . 2020;145(3 ):e 20193992.",Supplementary,38,Well-Child & Adolescent Issues,NO_MATCH,,0,,,,
"Final Recommendation Statement: Perinatal Depression: Preventive Interventions. US Preventive Services Task Force, 2019.",Core,39,Behavioral Medicine I - Depression,NO_MATCH,,0,,,,
US Preventive Services Task Force: Interventions to prevent perinatal depression: US Preventive Services Task Force Recommendation Statement. JAMA 2019;321(6):580-587.,Core,39,Behavioral Medicine I - Depression,NO_MATCH,,0,,,,
"Miller L, Campo JV. Depression in adolescents. N Engl J Med. 2021;385(5):445-449.",Core,39,Behavioral Medicine I - Depression,NO_MATCH,,0,,,,
Salisbury-Afshar E: Adverse events of pharmacologic treatments of major depression in older adults. Am Fam Physician 2020;101(3):179-181.,Core,39,Behavioral Medicine I - Depression,MATCHED,A_exact,178,Adverse Events of Pharmacologic Treatments of Major Depression in Older Adults,023_Adverse_Events_of_Pharmacologic_Treatments_of_Major_Depressi_extracted.json,C:\Users\mpsch\Desktop\claude_knowledge\guideline_extractor_v2\outputs\afp_peds_uspstf_batch\023_Adverse_Events_of_Pharmacologic_Treatments_of_Major_Depressi_extracted.json,afp_batch
"Selph SS, McDonagh MS. Depression in children and adolescents: evaluation and treatment. Am Fam Physician. 2019;100(10):609-617.",Supplementary,39,Behavioral Medicine I - Depression,NO_MATCH,,0,,,,
"Sobieraj DM, Baker WL, Martinez BK, et al: Adverse effects of pharmacologic treatments of major depression in older adults. Agency for Healthcare Research and Quality, 2019.",Supplementary,39,Behavioral Medicine I - Depression,NO_MATCH,,0,,,,
Turner K: Well-child visits for infants and young children. Am Fam Physician 2018;98(6):347-353.,Supplementary,39,Behavioral Medicine I - Depression,NO_MATCH,,0,,,,
"Mendez-Miller M, Naccarato J, Radico JA. Borderline personality disorder. Am Fam Physician. 2022;105(2):156-161.",Core,40,Behavioral Medicine II - Bipolar & Anxiety,NO_MATCH,,0,,,,
American Psychiatric Association. Diagnostic and Statistical Manual of Mental Disorders. 5th ed. American Psychiatric Association; 2013:123–154.,Core,40|41,Behavioral Medicine II - Bipolar & Anxiety|Behavioral Medicine III - ADHD Autism OCD,NO_MATCH,,0,,,,
"Foong AL, Grindrod KA, Patel T, Kellar J. Demystifying serotonin syndrome (or serotonin toxicity). Can Fam Physician. 2018;64(10):720-727.",Core,40,Behavioral Medicine II - Bipolar & Anxiety,NO_MATCH,,0,,,,
"Marzani G, Price Neff A. Bipolar disorders: evaluation and treatment. Am Fam Physician. 2021;103(4):227-239.",Supplementary,40,Behavioral Medicine II - Bipolar & Anxiety,NO_MATCH,,0,,,,
"Hagan JF Jr, Shaw JS, Duncan PM (eds): Bright Futures: Guidelines for Health Supervision of Infants, Children and Adolescents, ed 4. American Academy of Pediatrics, 2017.",Must-Read,41,Behavioral Medicine III - ADHD Autism OCD,MATCHED,manual_pin,99,"Bright Futures: Guidelines for Health Supervision of Infants, Children, and Adolescents [pocket guide]",bfpg-4th-ed-cover-outlined-fonts-indd-1-1-20-17-2-01-pm-cf401fd742.json,C:\Users\mpsch\Desktop\claude_knowledge\guideline_extractor_v2\outputs\pre_calibration_archive\bfpg-4th-ed-cover-outlined-fonts-indd-1-1-20-17-2-01-pm-cf401fd742.json,manual_pin
"Final Recommendation Statement: Depression in Adults: Screening. US Preventive Services Task Force, 2016.",Core,41,Behavioral Medicine III - ADHD Autism OCD,NO_MATCH,,0,,,,
"Final Recommendation Statement: Vitamin D Deficiency: Screening. US Preventive Services Task Force, 2014.",Core,41,Behavioral Medicine III - ADHD Autism OCD,NO_MATCH,,0,,,,
"Autism spectrum disorder (ASD): signs and symptoms. Centers for Disease Control and Prevention. Reviewed March 28, 2022.",Core,41,Behavioral Medicine III - ADHD Autism OCD,NO_MATCH,,0,,,,
McLaughlin MR: Speech and language delay in children. Am Fam Physician 2011;83(10):1183-1188.,Supplementary,41,Behavioral Medicine III - ADHD Autism OCD,NO_MATCH,,0,,,,
"Hyman SL, Levy SE, Myers SM; Council on Children with Disabilities, Section on Developmental and Behavioral Pediatrics. Identification, evaluation, and management of children with autism spectrum disorder. Pediatrics. 2020;145(1):e20193447.",Supplementary,41,Behavioral Medicine III - ADHD Autism OCD,NO_MATCH,,0,,,,
"Chang JG, Cimino FM, Gossa W: ADHD in children: Common questions and answers. Am Fam Physician 2020;102(10):592-602.",Supplementary,41,Behavioral Medicine III - ADHD Autism OCD,NO_MATCH,,0,,,,
"Castells X, Blanco-Silvente L, Cunill R: Amphetamines for attention deficit hyperactivity disorder (ADHD) in adults. Cochrane Database Syst Rev 2018;(8):CD007813.",Supplementary,41,Behavioral Medicine III - ADHD Autism OCD,MATCHED,B_title_run,90,"Clinical Practice Guideline for the Diagnosis, Evaluation, and Treatment of Attention-Deficit/Hyperactivity Disorder in Children and Adolescents",037_Clinical_Practice_Guideline_for_the_Diagnosis_Evaluation_and_extracted.json,C:\Users\mpsch\Desktop\claude_knowledge\guideline_extractor_v2\outputs\afp_peds_uspstf_batch\037_Clinical_Practice_Guideline_for_the_Diagnosis_Evaluation_and_extracted.json,afp_batch
"Attention deficit hyperactivity disorder: Diagnosis and management. National Institute for Health and Care Excellence (NICE), updated 2019.",Supplementary,41,Behavioral Medicine III - ADHD Autism OCD,NO_MATCH,,0,,,,
"Baird D, Hoffman A: Use of amphetamines for attention-deficit/hyperactivity disorder in adults. Am Fam Physician 2019;100(5):278-279.",Supplementary,41,Behavioral Medicine III - ADHD Autism OCD,NO_MATCH,,0,,,,
"Gentry S, Gentry B: Chronic obstructive pulmonary disease: Diagnosis and management. Am Fam Physician 2017;95(7):433-441.",Must-Read,42|45,Pulmonary I - COPD|Pulmonary IV - Infections Part 2,NO_MATCH,,0,,,,
"Global Strategy for the Diagnosis, Management, and Prevention of Chronic Obstructive Pulmonary Disease. Global Initiative for Chronic Obstructive Lung Disease, 2019.",Core,42|45,Pulmonary I - COPD|Pulmonary IV - Infections Part 2,NO_MATCH,,0,,,,
"Nici L, Mammen MJ, Charbek E, et al: Pharmacologic management of chronic obstructive pulmonary disease. An official American Thoracic Society clinical practice guideline. Am J Respir Crit Care Med 2020;201(9):e56-e69.",Core,42,Pulmonary I - COPD,NO_MATCH,,0,,,,
"Qaseem A, Wilt TJ, Weinberger SE, et al: Diagnosis and management of stable chronic obstructive pulmonary disease: A clinical practice guideline update from the American College of Physicians, American College of Chest Physicians, American Thoracic Society, and European Respiratory Society. Ann Intern Med 2011;155(3):179-191.",Core,42,Pulmonary I - COPD,NO_MATCH,,0,,,,
"Final Recommendation Statement: Chronic Obstructive Pulmonary Disease: Screening. US Preventive Services Task Force, 2016.",Core,42,Pulmonary I - COPD,NO_MATCH,,0,,,,
Drugs for COPD. Med Lett Drugs Ther 2020;62(1606):137-144.,Supplementary,42|45,Pulmonary I - COPD|Pulmonary IV - Infections Part 2,NO_MATCH,,0,,,,
"Yawn B, Kim V: COPD in primary care: Key considerations for optimized management: Treatment options for stable chronic obstructive pulmonary disease: Current recommendations and unmet needs. J Fam Pract 2018;67(2 Suppl):S28-S37.",Supplementary,42,Pulmonary I - COPD,NO_MATCH,,0,,,,
Global Initiative for Asthma. Global Strategy for Asthma Management and Prevention. Updated 2022.,Core,43,Pulmonary II - Asthma,MATCHED,A_exact,152,Global Strategy for Asthma Management and Prevention,057_Global_Strategy_for_Asthma_Management_and_Prevention_extracted.json,C:\Users\mpsch\Desktop\claude_knowledge\guideline_extractor_v2\outputs\afp_peds_uspstf_batch\057_Global_Strategy_for_Asthma_Management_and_Prevention_extracted.json,afp_batch
"Cloutier MM, Dixon AE, Krishnan JA, Lemanske RF Jr, Pace W, Schatz M. Managing asthma in adolescents and adults: 2020 asthma guideline update from the National Asthma Education and Prevention Program. JAMA. 2020;324(22):2301-2317.",Core,43,Pulmonary II - Asthma,NO_MATCH,,0,,,,
"Bateman ED, Reddel HK, O’Byrne PM, et al: As-needed budesonide-formoterol versus maintenance budesonide in mild asthma. N Engl J Med 2018;378(20):1877-1887.",Core,43,Pulmonary II - Asthma,NO_MATCH,,0,,,,
"Beasley R, Holliday M, Reddel HK, et al: Controlled trial of budesonide-formoterol as needed for mild asthma. N Engl J Med 2019;380(21):2020-2030.",Core,43,Pulmonary II - Asthma,NO_MATCH,,0,,,,
"Randall DA, Wilson Westmark NL, Neville BW. Common oral lesions. Am Fam Physician. 2022;105(4):369-376.",Core,43,Pulmonary II - Asthma,MATCHED,A_exact,119,Common Oral Lesions,047_Common_Oral_Lesions_extracted.json,C:\Users\mpsch\Desktop\claude_knowledge\guideline_extractor_v2\outputs\afp_peds_uspstf_batch\047_Common_Oral_Lesions_extracted.json,afp_batch
"Raymond TJ, Peterson TA, Coulter J. Chronic asthma treatment: common questions and answers. Am Fam Physician. 2023;107(4):358-368.",Supplementary,43,Pulmonary II - Asthma,MATCHED,A_exact,154,Chronic Asthma Treatment: Common Questions and Answers,032_Chronic_Asthma_Treatment_Common_Questions_and_Answers_extracted.json,C:\Users\mpsch\Desktop\claude_knowledge\guideline_extractor_v2\outputs\afp_peds_uspstf_batch\032_Chronic_Asthma_Treatment_Common_Questions_and_Answers_extracted.json,afp_batch
"Grad R, Ebell MH: Top POEMS of 2018 consistent with the principles of the Choosing Wisely campaign. Am Fam Physician 2019;100(5):290-294.",Supplementary,43,Pulmonary II - Asthma,NO_MATCH,,0,,,,
"Sur DKC, Plesa ML. Antibiotic use in acute upper respiratory tract infections. Am Fam Physician. 2022;106(6):628-636.",Core,44,Pulmonary III - Infections Part 1,MATCHED,A_exact,158,Antibiotic Use in Acute Upper Respiratory Tract Infections,025_Antibiotic_Use_in_Acute_Upper_Respiratory_Tract_Infections_extracted.json,C:\Users\mpsch\Desktop\claude_knowledge\guideline_extractor_v2\outputs\afp_peds_uspstf_batch\025_Antibiotic_Use_in_Acute_Upper_Respiratory_Tract_Infections_extracted.json,afp_batch
"Gauer R, Forbes D, Boyer N: Sepsis: Diagnosis and management. Am Fam Physician 2020;101(7):409-418.",Core,44,Pulmonary III - Infections Part 1,MATCHED,A_exact,132,Sepsis: Diagnosis and Management,090_Sepsis_Diagnosis_and_Management_extracted.json,C:\Users\mpsch\Desktop\claude_knowledge\guideline_extractor_v2\outputs\afp_peds_uspstf_batch\090_Sepsis_Diagnosis_and_Management_extracted.json,afp_batch
"Evans L, Rhodes A, Alhazzani W, et al: Executive Summary: Surviving Sepsis Campaign: International guidelines for the management of sepsis and septic shock 2021. Crit Care Med 2021;49(11):1974-1982.",Core,44,Pulmonary III - Infections Part 1,NO_MATCH,,0,,,,
Reust CE: Evaluation of primary immunodeficiency disease in children. Am Fam Physician 2013;87(11):773-778.,Supplementary,44,Pulmonary III - Infections Part 1,NO_MATCH,,0,,,,
"Baloh C, Reddy A, Henson M, et al: 30-Year review of pediatric- and adult-onset CVID: Clinical correlates and prognostic indicators. J Clin Immunol 2019;39(7):678-687.",Supplementary,44,Pulmonary III - Infections Part 1,NO_MATCH,,0,,,,
"Ameratunga R, Woon ST: Perspective: Evolving concepts in the diagnosis and understanding of common variable immunodeficiency disorders (CVID). Clin Rev Allergy Immunol 2020;59(1):109-121.",Supplementary,44,Pulmonary III - Infections Part 1,NO_MATCH,,0,,,,
"Bauer TT, Ewig S, Marre R, et al: CRB-65 predicts death from community-acquired pneumonia. J Intern Med 2006;260(1):93-101.",Supplementary,44,Pulmonary III - Infections Part 1,NO_MATCH,,0,,,,
Ebell MH: Community-acquired pneumonia: Determining safe treatment in the outpatient setting. Am Fam Physician 2019;99(12):768-769.,Supplementary,44,Pulmonary III - Infections Part 1,NO_MATCH,,0,,,,
"Reveiz L, Cardona AF. Antibiotics for acute laryngitis in adults. Cochrane Database Syst Rev. 2015;2015(5):CD004783.",Supplementary,44,Pulmonary III - Infections Part 1,NO_MATCH,,0,,,,
"Raghu G, Remy-Jardin M, Myers JL, et al: Diagnosis of idiopathic pulmonary fibrosis. An official ATS/ERS/JRS/ALAT Clinical Practice Guideline. Am J Respir Crit Care Med 2018;198(5):e44-e68.",Core,45,Pulmonary IV - Infections Part 2,NO_MATCH,,0,,,,
"Lederer DJ, Martinez FJ: Idiopathic pulmonary fibrosis. N Engl J Med 2018;378(19):1811-1823.",Core,45,Pulmonary IV - Infections Part 2,NO_MATCH,,0,,,,
"Wijsenbeek M, Cottin V: Spectrum of fibrotic lung diseases. N Engl J Med 2020;383(10):958-968.",Core,45,Pulmonary IV - Infections Part 2,NO_MATCH,,0,,,,
"O'Gurek D, Choi HYJ: Hemoptysis: Evaluation and management. Am Fam Physician 2022;105(2):144-151.",Core,45,Pulmonary IV - Infections Part 2,MATCHED,A_exact,137,Hemoptysis: Evaluation and Management,013_Hemoptysis_OGurek_2022_extracted.json,C:\Users\mpsch\Desktop\claude_knowledge\guideline_extractor_v2\outputs\afp_peds_uspstf_batch\013_Hemoptysis_OGurek_2022_extracted.json,afp_batch
"Olsen KM, Manouchehr-Pour S, Donnelly EF, et al; Expert Panel on Thoracic Imaging; ACR Appropriateness Criteria: Hemoptysis. J Am Coll Radiol 2020;17(5S):S148-S159.",Supplementary,45,Pulmonary IV - Infections Part 2,NO_MATCH,,0,,,,
"Langan RC, Goodbred AJ: Office spirometry: Indications and interpretation. Am Fam Physician 2020;101(6):362-368.",Must-Read,46,Pulmonary V - Lung Cancer OSA,NO_MATCH,,0,,,,
"Budhwar N, Syed Z: Chronic dyspnea: Diagnosis and evaluation. Am Fam Physician 2020;101(9):542-548.",Core,46,Pulmonary V - Lung Cancer OSA,NO_MATCH,,0,,,,
"Mokhlesi B, Masa JF, Brozek JL, et al. Evaluation and management of obesity hypoventilation syndrome. An official American Thoracic Society clinical practice guideline. Am J Respir Crit Care Med. 2019;200(3):e6-e24.",Core,46,Pulmonary V - Lung Cancer OSA,NO_MATCH,,0,,,,
"Gottlieb DJ, Punjabi NM: Diagnosis and management of obstructive sleep apnea: A review. JAMA 2020;323(14):1389-1400.",Core,46,Pulmonary V - Lung Cancer OSA,NO_MATCH,,0,,,,
American Academy of Family Physicians. Information from your family doctor. Gout: what you should know. Am Fam Physician. 2007;76(6):811-812.,Core,47,The Major Arthritides,NO_MATCH,,0,,,,
"Pujalte GG, Albano-Aluquin SA. Differential diagnosis of polyarticular arthritis. Am Fam Physician. 2015;92(1):35-41.",Core,47,The Major Arthritides,NO_MATCH,,0,,,,
Wasserman A: Rheumatoid arthritis: Common questions about diagnosis and management. Am Fam Physician 2018;97(7):455-462.,Core,47,The Major Arthritides,MATCHED,A_exact,169,Rheumatoid Arthritis: Common Questions About Diagnosis and Management,080_Rheumatoid_Arthritis_Common_Questions_About_Diagnosis_and_Ma_extracted.json,C:\Users\mpsch\Desktop\claude_knowledge\guideline_extractor_v2\outputs\afp_peds_uspstf_batch\080_Rheumatoid_Arthritis_Common_Questions_About_Diagnosis_and_Ma_extracted.json,afp_batch
Johnson MW. Acute knee effusions: a systematic approach to diagnosis. Am Fam Physician. 2000;61(8):2391-2400.,Supplementary,47,The Major Arthritides,NO_MATCH,,0,,,,
"Swagerty DL Jr, Hellinger D. Radiographic assessment of osteoarthritis. Am Fam Physician. 2001;64(2):279-286.",Supplementary,47,The Major Arthritides,NO_MATCH,,0,,,,
Eggebeen AT. Gout: an update. Am Fam Physician. 2007;76(6):801-808.,Supplementary,47,The Major Arthritides,NO_MATCH,,0,,,,
"Clebak KT, Morrison A, Croad JR. Gout: rapid evidence review. Am Fam Physician. 2020;102(9):533-538.",Unmatched,47,The Major Arthritides,NO_MATCH,,0,,,,
"Abhishek A, Roddy E, Doherty M. Gout-a guide for the general and acute physicians. Clin Med (Lond). 2017;17(1):54-59.",Unmatched,47,The Major Arthritides,NO_MATCH,,0,,,,
"Dalbeth N, Gosling AL, Gaffo A, Abhishek A. Gout. Lancet. 2021;397(10287):1843-1855.",Unmatched,47,The Major Arthritides,NO_MATCH,,0,,,,
"Douketis JD, Spyropoulos AC, Duncan J, et al. Perioperative management of patients with atrial fibrillation receiving a direct oral anticoagulant. JAMA Intern Med. 2019;179(11):1469-1478.",Core,48,Preoperative Examination,NO_MATCH,,0,,,,
"Pelletier AL, Rojas-Roldan L, Coffin J: Vision loss in older adults. Am Fam Physician 2016;94(3):219-226.",Core,48,Preoperative Examination,MATCHED,A_exact,127,Vision Loss in Older Adults,100_Vision_Loss_in_Older_Adults_extracted.json,C:\Users\mpsch\Desktop\claude_knowledge\guideline_extractor_v2\outputs\afp_peds_uspstf_batch\100_Vision_Loss_in_Older_Adults_extracted.json,afp_batch
"American Academy of Orthopaedic Surgeons. Management of hip fractures in older adults: evidence-based clinical practice guideline. American Academy of Orthopaedic Surgeons, 2021.",Core,48,Preoperative Examination,NO_MATCH,,0,,,,
Costlow L: Maintenance intravenous fluids in children: AAP provides recommendation. Am Fam Physician 2019;100(4):251.,Core,48,Preoperative Examination,NO_MATCH,,0,,,,
"Schefft M, Wolf ER, Quinonez R, Haskell H, James J. Appropriate use of electrocardiography in preparticipation physical evaluations. Am Fam Physician. 2022;105(3):302-306.",Unmatched,48,Preoperative Examination,NO_MATCH,,0,,,,
"ACC/AHA release recommendations for congenital and genetic heart disease screenings in youth. American College of Cardiology. September 15, 2014.",Unmatched,48,Preoperative Examination,NO_MATCH,,0,,,,
"Petering RC, Brooks NA: Testosterone therapy: Review of clinical applications. Am Fam Physician 2017;96(7):441-449.",Core,49,Urologic Problems,MATCHED,A_exact,153,Testosterone Therapy: Review of Clinical Applications,095_Testosterone_Therapy_Review_of_Clinical_Applications_extracted.json,C:\Users\mpsch\Desktop\claude_knowledge\guideline_extractor_v2\outputs\afp_peds_uspstf_batch\095_Testosterone_Therapy_Review_of_Clinical_Applications_extracted.json,afp_batch
"Ganesan C, Weia B, Thomas I-C, et al. Analysis of primary hyperparathyroidism screening among US veterans with kidney stones. JAMA Surg. 2020;155(9):861-868.",Core,49,Urologic Problems,NO_MATCH,,0,,,,
"Sandhu JS, Bixler BR, Dahm P, et al. Management of lower urinary tract symptoms attributed to benign prostatic hyperplasia (BPH): AUA guideline amendment 2023. J Urol . 2024;211(1):11-19",Supplementary,49,Urologic Problems,NO_MATCH,,0,,,,
"Lerner LB, McVary KT, Barry MJ, et al. Management of lower urinary tract symptoms attributed to benign prostatic hyperplasia: AUA guideline part I-initial work-up and medical management. J Urol . 2021;206(4):806-817",Supplementary,49,Urologic Problems,NO_MATCH,,0,,,,
"Lam JC, Stokes W. Acute and chronic prostatitis. Am Fam Physician . 2024;110(1):45-51",Supplementary,49,Urologic Problems,NO_MATCH,,0,,,,
Dickson G. Prostatitis--diagnosis and treatment. Aust Fam Physician . 2013;42(4):216-219,Supplementary,49,Urologic Problems,NO_MATCH,,0,,,,
"Holt JD, Garrett WA, McCurry TK, Teichman JM. Common questions about chronic prostatitis. Am Fam Physician . 2016;93(4):290-296",Supplementary,49,Urologic Problems,NO_MATCH,,0,,,,
