article_id,author1,year,title,source_type,db_tier,reco_folder,reco_filename,reco_folder,reco_filename
ART-0002,AAP,2015,578-580,AFP,local_lite,RECO_local_lite,AAP_management_2015#@#ART-0002@#@.pdf,RECO_local_lite,AAP_management_2015#@#ART-0002@#@.pdf
ART-0018,Achar,2019,Apophysitis and osteochondrosis: Common causes of pain in growing bones,AFP,right_click,RECO_right_click,Achar_Yamanaka_2019#@#ART-0018@#@.pdf,RECO_right_click,Achar_Yamanaka_2019#@#ART-0018@#@.pdf
ART-0029,Al,2021,a systematic review and quality assessment study,Guideline/Org,local_lite,RECO_local_lite,Al_Fisher_2021#@#ART-0029@#@.pdf,RECO_local_lite,Al_Fisher_2021#@#ART-0029@#@.pdf
ART-0033,Albert,2017,End-of-life care: Managing common symptoms,AFP,local_lite,RECO_local_lite,Albert_2017#@#ART-0033@#@.pdf,RECO_local_lite,Albert_2017#@#ART-0033@#@.pdf
ART-0036,Ali,2018,a primer for family physicians,AFP,local_lite,RECO_local_lite,Ali_2018#@#ART-0036@#@.pdf,RECO_local_lite,Ali_2018#@#ART-0036@#@.pdf
ART-0040,Allison,2021,Frailty: Evaluation and management,AFP,local_lite,RECO_local_lite,Allison_Assadzandi_2021#@#ART-0040@#@.pdf,RECO_local_lite,Allison_Assadzandi_2021#@#ART-0040@#@.pdf
ART-0052,American,2004,Management of hyperbilirubinemia in the newborn infant 35 or more weeks of gesta,Pediatrics,right_click,RECO_right_click,American_2004#@#ART-0052@#@.pdf,RECO_right_click,American_2004#@#ART-0052@#@.pdf
ART-0072,American,2013,123–154,Textbook,local_lite,RECO_local_lite,American_2013#@#ART-0072@#@.pdf,RECO_local_lite,American_2013#@#ART-0072@#@.pdf
ART-0078,American,2018,The American Psychiatric Association Practice Guideline for the Pharmacological ,Guideline/Org,local_lite,RECO_local_lite,American_2018#@#ART-0078@#@.pdf,RECO_local_lite,American_2018#@#ART-0078@#@.pdf
ART-0090,Armstrong,2019,Influenza vaccination: Updated recommendations from ACIP,AFP,local_lite,RECO_local_lite,Armstrong_2019#@#ART-0090@#@.pdf,RECO_local_lite,Armstrong_2019#@#ART-0090@#@.pdf
ART-0092,Arnett,2019,2019 ACC/AHA guideline on the primary prevention of cardiovascular disease: A re,Circulation,local_lite,RECO_local_lite,Arnett_Blumenthal_2019#@#ART-0092@#@.pdf,RECO_local_lite,Arnett_Blumenthal_2019#@#ART-0092@#@.pdf
ART-0095,Arnold,2018,Common running injuries: Evaluation and management,AFP,local_lite,RECO_local_lite,Arnold_Moody_2018#@#ART-0095@#@.pdf,RECO_local_lite,Arnold_Moody_2018#@#ART-0095@#@.pdf
ART-0097,Aspirin,2022,online,AFP,local_lite,RECO_local_lite,Aspirin_2022#@#ART-0097@#@.pdf,RECO_local_lite,Aspirin_2022#@#ART-0097@#@.pdf
ART-0124,Barr,2014,Acute diarrhea in adults,AFP,local_lite,RECO_local_lite,Barr_Smith_2014#@#ART-0124@#@.pdf,RECO_local_lite,Barr_Smith_2014#@#ART-0124@#@.pdf
ART-0126,Barstow,2018,Evaluating medical decision-making capacity in practice,AFP,right_click,RECO_right_click,Barstow_Shahan_2018#@#ART-0126@#@.pdf,RECO_right_click,Barstow_Shahan_2018#@#ART-0126@#@.pdf
ART-0150,Bhattacharya,2023,"AASLD-IDSA recommendations for testing, managing, and treating hepatitis C virus",Guideline/Org,local_lite,RECO_local_lite,Bhattacharya_Aronsohn_2023#@#ART-0150@#@.pdf,RECO_local_lite,Bhattacharya_Aronsohn_2023#@#ART-0150@#@.pdf
ART-0163,Bowlus,2023,659-702,Other Journal,local_lite,RECO_local_lite,Bowlus_Arriv_2023#@#ART-0163@#@.pdf,RECO_local_lite,Bowlus_Arriv_2023#@#ART-0163@#@.pdf
ART-0166,Bradley,2011,the management of community acquired pneumonia in infants and children older tha,Guideline/Org,right_click,RECO_right_click,Bradley_Byington_2011#@#ART-0166@#@.pdf,RECO_right_click,Bradley_Byington_2011#@#ART-0166@#@.pdf
ART-0169,Braun,2018,Stable coronary artery disease: Treatment,AFP,local_lite,RECO_local_lite,Braun_Stevens_2018#@#ART-0169@#@.pdf,RECO_local_lite,Braun_Stevens_2018#@#ART-0169@#@.pdf
ART-0187,Buelt,2023,guidelines from the VA/DoD,AFP,local_lite,RECO_local_lite,Buelt_McCall_2023#@#ART-0187@#@.pdf,RECO_local_lite,Buelt_McCall_2023#@#ART-0187@#@.pdf
ART-0190,Bunt,2018,Knee pain in adults and adolescents: The initial evaluation,AFP,local_lite,RECO_local_lite,Bunt_Jonas_2018#@#ART-0190@#@.pdf,RECO_local_lite,Bunt_Jonas_2018#@#ART-0190@#@.pdf
ART-0193,Burgers,2020,Chronic diarrhea in adults: Evaluation and differential diagnosis,AFP,local_lite,RECO_local_lite,Burgers_Lindberg_2020#@#ART-0193@#@.pdf,RECO_local_lite,Burgers_Lindberg_2020#@#ART-0193@#@.pdf
ART-0213,Carpenter,2019,Clinically relevant drug-drug interactions in primary care,AFP,local_lite,RECO_local_lite,Carpenter_Berry_2019#@#ART-0213@#@.pdf,RECO_local_lite,Carpenter_Berry_2019#@#ART-0213@#@.pdf
ART-0216,Cary,2024,101858,Other Journal,local_lite,RECO_local_lite,Cary_Simpson_2024#@#ART-0216@#@.pdf,RECO_local_lite,Cary_Simpson_2024#@#ART-0216@#@.pdf
ART-0223,Chamberlain,2021,Hip pain in adults: Evaluation and differential diagnosis,AFP,right_click,RECO_right_click,Chamberlain_2021#@#ART-0223@#@.pdf,RECO_right_click,Chamberlain_2021#@#ART-0223@#@.pdf
ART-0228,Chang,2022,118-136,Guideline/Org,local_lite,RECO_local_lite,Chang_Sultan_2022#@#ART-0228@#@.pdf,RECO_local_lite,Chang_Sultan_2022#@#ART-0228@#@.pdf
ART-0230,Charles,2017,discovering the underlying cause,AFP,right_click,RECO_right_click,Charles_Triscott_2017#@#ART-0230@#@.pdf,RECO_right_click,Charles_Triscott_2017#@#ART-0230@#@.pdf
ART-0232,Chavey,2017,Heart failure due to reduced ejection fraction: Medical management,AFP,right_click,RECO_right_click,Chavey_Hogikyan_2017#@#ART-0232@#@.pdf,RECO_right_click,Chavey_Hogikyan_2017#@#ART-0232@#@.pdf
ART-0234,Chey,2017,treatment of Helicobacter pylori infection,Other Journal,right_click,RECO_right_click,Chey_Leontiadis_2017#@#ART-0234@#@.pdf,RECO_right_click,Chey_Leontiadis_2017#@#ART-0234@#@.pdf
ART-0238,Chow,2012,IDSA clinical practice guideline for acute bacterial rhinosinusitis in children ,Guideline/Org,local_lite,RECO_local_lite,Chow_Benninger_2012#@#ART-0238@#@.pdf,RECO_local_lite,Chow_Benninger_2012#@#ART-0238@#@.pdf
ART-0240,Christian,2015,e1337-e1354,Pediatrics,local_lite,RECO_local_lite,Christian_American_2015#@#ART-0240@#@.pdf,RECO_local_lite,Christian_American_2015#@#ART-0240@#@.pdf
ART-0248,Cloutier,2020,2020 asthma guideline update from the National Asthma Education and Prevention P,JAMA,right_click,RECO_right_click,Cloutier_Dixon_2020#@#ART-0248@#@.pdf,RECO_right_click,Cloutier_Dixon_2020#@#ART-0248@#@.pdf
ART-0270,Croke,2019,HIV prevention and treatment with ART: International Antiviral Society updates r,AFP,local_lite,RECO_local_lite,Croke_2019#@#ART-0270@#@.pdf,RECO_local_lite,Croke_2019#@#ART-0270@#@.pdf
ART-0279,Dakkak,2021,update from the American College of Rheumatology,AFP,local_lite,RECO_local_lite,Dakkak_Lanney_2021#@#ART-0279@#@.pdf,RECO_local_lite,Dakkak_Lanney_2021#@#ART-0279@#@.pdf
ART-0282,Dalrymple,2021,Tinnitus: Diagnosis and management,AFP,local_lite,RECO_local_lite,Dalrymple_Lewis_2021#@#ART-0282@#@.pdf,RECO_local_lite,Dalrymple_Lewis_2021#@#ART-0282@#@.pdf
ART-0287,David,2022,137-143,AFP,local_lite,RECO_local_lite,David_Quinlan_2022#@#ART-0287@#@.pdf,RECO_local_lite,David_Quinlan_2022#@#ART-0287@#@.pdf
ART-0296,DeGeorge,2019,Treatment of the common cold,AFP,local_lite,RECO_local_lite,DeGeorge_Ring_2019#@#ART-0296@#@.pdf,RECO_local_lite,DeGeorge_Ring_2019#@#ART-0296@#@.pdf
ART-0322,Donangelo,2017,Subclinical hyperthyroidism: When to consider treatment,AFP,right_click,RECO_right_click,Donangelo_Suh_2017#@#ART-0322@#@.pdf,RECO_right_click,Donangelo_Suh_2017#@#ART-0322@#@.pdf
ART-0325,Dooling,2018,103-108,Other Journal,local_lite,RECO_local_lite,Dooling_Guo_2018#@#ART-0325@#@.pdf,RECO_local_lite,Dooling_Guo_2018#@#ART-0325@#@.pdf
ART-0326,Douketis,2019,1469-1478,JAMA,right_click,RECO_right_click,Douketis_Spyropoulos_2019#@#ART-0326@#@.pdf,RECO_right_click,Douketis_Spyropoulos_2019#@#ART-0326@#@.pdf
ART-0327,Douketis,2022,an American College of Chest Physicians clinical practice guideline,Chest,right_click,RECO_right_click,Douketis_Spyropoulos_2022#@#ART-0327@#@.pdf,RECO_right_click,Douketis_Spyropoulos_2022#@#ART-0327@#@.pdf
ART-0346,Dvorin,2020,Short-term systemic corticosteroids: Appropriate use in primary care,AFP,local_lite,RECO_local_lite,Dvorin_Ebell_2020#@#ART-0346@#@.pdf,RECO_local_lite,Dvorin_Ebell_2020#@#ART-0346@#@.pdf
ART-0384,Evans,2021,Executive Summary: Surviving Sepsis Campaign: International guidelines for the m,Other Journal,right_click,RECO_right_click,Evans_Rhodes_2021#@#ART-0384@#@.pdf,RECO_right_click,Evans_Rhodes_2021#@#ART-0384@#@.pdf
ART-0393,Falk,2018,Evaluation of suspected dementia,AFP,right_click,RECO_right_click,Falk_Cole_2018#@#ART-0393@#@.pdf,RECO_right_click,Falk_Cole_2018#@#ART-0393@#@.pdf
ART-0398,Farraye,2017,preventive care in inflammatory bowel disease,Other Journal,local_lite,RECO_local_lite,Farraye_Melmed_2017#@#ART-0398@#@.pdf,RECO_local_lite,Farraye_Melmed_2017#@#ART-0398@#@.pdf
ART-0405,Final,2018,Adolescent Idiopathic Scoliosis: Screening,Guideline/Org,local_lite,RECO_local_lite,Final_2018#@#ART-0405@#@.pdf,RECO_local_lite,Final_2018#@#ART-0405@#@.pdf
ART-0412,Final,2016,Depression in Adults: Screening,Guideline/Org,right_click,RECO_right_click,Final_2016#@#ART-0412@#@.pdf,RECO_right_click,Final_2016#@#ART-0412@#@.pdf
ART-0415,Final,2020,Hepatitis C Virus Infection in Adolescents and Adults: Screening,Guideline/Org,local_lite,RECO_local_lite,Final_2020#@#ART-0415@#@.pdf,RECO_local_lite,Final_2020#@#ART-0415@#@.pdf
ART-0420,Final,2021,Lung Cancer: Screening,Guideline/Org,right_click,RECO_right_click,Final_2021#@#ART-0420@#@.pdf,RECO_right_click,Final_2021#@#ART-0420@#@.pdf
ART-0433,Finkelstein,2024,CD013823,Other Journal,right_click,RECO_right_click,Finkelstein_Fothergill_2024#@#ART-0433@#@.pdf,RECO_right_click,Finkelstein_Fothergill_2024#@#ART-0433@#@.pdf
ART-0435,Fishbane,2017,Effects of ferric citrate in patients with nondialysis-dependent CKD and iron de,Other Journal,right_click,RECO_right_click,Fishbane_Block_2017#@#ART-0435@#@.pdf,RECO_right_click,Fishbane_Block_2017#@#ART-0435@#@.pdf
ART-0437,FitzGerald,2020,2020 American College of Rheumatology guideline for the management of gout,Other Journal,right_click,RECO_right_click,FitzGerald_Dalbeth_2020#@#ART-0437@#@.pdf,RECO_right_click,FitzGerald_Dalbeth_2020#@#ART-0437@#@.pdf
ART-0441,Flynn,2017,Clinical practice guideline for screening and management of high blood pressure ,Pediatrics,right_click,RECO_right_click,Flynn_Kaelber_2017#@#ART-0441@#@.pdf,RECO_right_click,Flynn_Kaelber_2017#@#ART-0441@#@.pdf
ART-0442,Fontenelle,2019,treatment and prevention,AFP,right_click,RECO_right_click,Fontenelle_Sarti_2019#@#ART-0442@#@.pdf,RECO_right_click,Fontenelle_Sarti_2019#@#ART-0442@#@.pdf
ART-0449,Foster,2015,694-699,AFP,local_lite,RECO_local_lite,Foster_Voss_2015#@#ART-0449@#@.pdf,RECO_local_lite,Foster_Voss_2015#@#ART-0449@#@.pdf
ART-0455,Frazier,2020,Atopic dermatitis: Diagnosis and treatment,AFP,local_lite,RECO_local_lite,Frazier_Bhardwaj_2020#@#ART-0455@#@.pdf,RECO_local_lite,Frazier_Bhardwaj_2020#@#ART-0455@#@.pdf
ART-0470,Gaitonde,2019,Influenza: Diagnosis and treatment,AFP,local_lite,RECO_local_lite,Gaitonde_Moore_2019#@#ART-0470@#@.pdf,RECO_local_lite,Gaitonde_Moore_2019#@#ART-0470@#@.pdf
ART-0471,Galima,2020,Seasonal affective disorder: Common questions and answers,AFP,local_lite,RECO_local_lite,Galima_Vogel_2020#@#ART-0471@#@.pdf,RECO_local_lite,Galima_Vogel_2020#@#ART-0471@#@.pdf
ART-0474,Garcia-Tsao,2016,"Portal hypertensive bleeding in cirrhosis: Risk stratification, diagnosis, and m",Other Journal,right_click,RECO_right_click,Garcia_Tsao_Abraldes_2016#@#ART-0474@#@.pdf,RECO_right_click,Garcia_Tsao_Abraldes_2016#@#ART-0474@#@.pdf
ART-0479,Gauer,2020,Sepsis: Diagnosis and management,AFP,right_click,RECO_right_click,Gauer_Forbes_2020#@#ART-0479@#@.pdf,RECO_right_click,Gauer_Forbes_2020#@#ART-0479@#@.pdf
ART-0483,Gauer,2013,Early recognition and management of sepsis in adults: The first six hours,AFP,local_lite,RECO_local_lite,Gauer_2013#@#ART-0483@#@.pdf,RECO_local_lite,Gauer_2013#@#ART-0483@#@.pdf
ART-0487,Gentry,2017,Chronic obstructive pulmonary disease: Diagnosis and management,AFP,right_click,RECO_right_click,Gentry_Gentry_2017#@#ART-0487@#@.pdf,RECO_right_click,Gentry_Gentry_2017#@#ART-0487@#@.pdf
ART-0488,Gerhard-Herman,2016,a report of the American College of Cardiology/American Heart Association Task F,Circulation,local_lite,RECO_local_lite,Gerhard_Herman_Gornik_2016#@#ART-0488@#@.pdf,RECO_local_lite,Gerhard_Herman_Gornik_2016#@#ART-0488@#@.pdf
ART-0498,Global,2020,Global Strategy for Asthma Management and Prevention. Global Initiative for Asth,Other Journal,local_lite,RECO_local_lite,Global_2020#@#ART-0498@#@.pdf,RECO_local_lite,Global_2020#@#ART-0498@#@.pdf
ART-0501,Gmez-Aldana,2019,current concepts in diagnosis and treatment,Other Journal,local_lite,RECO_local_lite,Gmez_Aldana_Jaramillo_Santos_2019#@#ART-0501@#@.pdf,RECO_local_lite,Gmez_Aldana_Jaramillo_Santos_2019#@#ART-0501@#@.pdf
ART-0504,Golden,2016,Preventing obesity and eating disorders in adolescents,Pediatrics,local_lite,RECO_local_lite,Golden_Schneider_2016#@#ART-0504@#@.pdf,RECO_local_lite,Golden_Schneider_2016#@#ART-0504@#@.pdf
ART-0514,Goodbred,2023,"prevention, diagnosis, and treatment",AFP,right_click,RECO_right_click,Goodbred_Langan_2023#@#ART-0514@#@.pdf,RECO_right_click,Goodbred_Langan_2023#@#ART-0514@#@.pdf
ART-0524,Gregory,2018,The pregnant patient: Managing common acute medical problems,AFP,local_lite,RECO_local_lite,Gregory_Wu_2018#@#ART-0524@#@.pdf,RECO_local_lite,Gregory_Wu_2018#@#ART-0524@#@.pdf
ART-0534,Grundy,2018,2018 AHA/ACC/AACVPR/AAPA/ABC/ACPM/ADA/AGS/APhA/ ASPC/NLA/PCNA guideline on the m,Circulation,right_click,RECO_right_click,Grundy_Stone_2018#@#ART-0534@#@.pdf,RECO_right_click,Grundy_Stone_2018#@#ART-0534@#@.pdf
ART-0539,Gulati,2021,a report of the American College of Cardiology/American Heart Association Joint ,Chest,local_lite,RECO_local_lite,Gulati_Levy_2021#@#ART-0539@#@.pdf,RECO_local_lite,Gulati_Levy_2021#@#ART-0539@#@.pdf
ART-0549,Hagan,2017,"Bright Futures: Guidelines for Health Supervision of Infants, Children and Adole",Pediatrics,right_click,RECO_right_click,Hagan_Shaw_2017#@#ART-0549@#@.pdf,RECO_right_click,Hagan_Shaw_2017#@#ART-0549@#@.pdf
ART-0558,Hampl,2023,e2022060640,Pediatrics,right_click,RECO_right_click,Hampl_Hassink_2023#@#ART-0558@#@.pdf,RECO_right_click,Hampl_Hassink_2023#@#ART-0558@#@.pdf
ART-0564,Hartman,2019,Gastroenteritis in children,AFP,local_lite,RECO_local_lite,Hartman_Brown_2019#@#ART-0564@#@.pdf,RECO_local_lite,Hartman_Brown_2019#@#ART-0564@#@.pdf
ART-0568,Hauk,2018,updated guideline from the ACP,AFP,right_click,RECO_right_click,Hauk_2018#@#ART-0568@#@.pdf,RECO_right_click,Hauk_2018#@#ART-0568@#@.pdf
ART-0571,Hauk,2018,Treatment of seasonal allergic rhinitis: A guideline from the AAAAI/ACAAI Joint ,AFP,local_lite,RECO_local_lite,Hauk_2018#@#ART-0571@#@.pdf,RECO_local_lite,Hauk_2018#@#ART-0571@#@.pdf
ART-0572,Hauk,2018,"Tuberculosis: Guidelines for diagnosis from the ATS, IDSA, and CDC",AFP,local_lite,RECO_local_lite,Hauk_2018#@#ART-0572@#@.pdf,RECO_local_lite,Hauk_2018#@#ART-0572@#@.pdf
ART-0578,Heidelbaugh,2018,The adult well-male examination,AFP,local_lite,RECO_local_lite,Heidelbaugh_2018#@#ART-0578@#@.pdf,RECO_local_lite,Heidelbaugh_2018#@#ART-0578@#@.pdf
ART-0579,Heidenreich,2022,a report of the American College of Cardiology/American Heart Association joint ,Circulation,right_click,RECO_right_click,Heidenreich_Bozkurt_2022#@#ART-0579@#@.pdf,RECO_right_click,Heidenreich_Bozkurt_2022#@#ART-0579@#@.pdf
ART-0581,Heimbach,2018,358-380,Other Journal,local_lite,RECO_local_lite,Heimbach_Kulik_2018#@#ART-0581@#@.pdf,RECO_local_lite,Heimbach_Kulik_2018#@#ART-0581@#@.pdf
ART-0586,Hennion,2013,Diagnosis and treatment of peripheral arterial disease,AFP,local_lite,RECO_local_lite,Hennion_Siano_2013#@#ART-0586@#@.pdf,RECO_local_lite,Hennion_Siano_2013#@#ART-0586@#@.pdf
ART-0589,Herrick,2020,Coccidioidomycosis (valley fever) in primary care,AFP,local_lite,RECO_local_lite,Herrick_Trondle_2020#@#ART-0589@#@.pdf,RECO_local_lite,Herrick_Trondle_2020#@#ART-0589@#@.pdf
ART-0590,Higdon,2018,Oncologic emergencies: Recognition and initial management,AFP,local_lite,RECO_local_lite,Higdon_Atkinson_2018#@#ART-0590@#@.pdf,RECO_local_lite,Higdon_Atkinson_2018#@#ART-0590@#@.pdf
ART-0595,Hitzeman,2014,Incidentalomas: Initial management,AFP,local_lite,RECO_local_lite,Hitzeman_Cotton_2014#@#ART-0595@#@.pdf,RECO_local_lite,Hitzeman_Cotton_2014#@#ART-0595@#@.pdf
ART-0605,Howard-Thompson,2018,Type 2 diabetes mellitus: Outpatient insulin management,AFP,local_lite,RECO_local_lite,Howard_Thompson_Khan_2018#@#ART-0605@#@.pdf,RECO_local_lite,Howard_Thompson_Khan_2018#@#ART-0605@#@.pdf
ART-0607,Hu,2019,Urinary incontinence in women: Evaluation and management,AFP,local_lite,RECO_local_lite,Hu_Pierre_2019#@#ART-0607@#@.pdf,RECO_local_lite,Hu_Pierre_2019#@#ART-0607@#@.pdf
ART-0655,Kale,2019,Urine drug tests: Ordering and interpreting results,AFP,right_click,RECO_right_click,Kale_2019#@#ART-0655@#@.pdf,RECO_right_click,Kale_2019#@#ART-0655@#@.pdf
ART-0662,Kant,2020,Thyroid nodules: Advances in evaluation and management,AFP,local_lite,RECO_local_lite,Kant_Davis_2020#@#ART-0662@#@.pdf,RECO_local_lite,Kant_Davis_2020#@#ART-0662@#@.pdf
ART-0668,Katz,2022,27-56,Other Journal,local_lite,RECO_local_lite,Katz_Dunbar_2022#@#ART-0668@#@.pdf,RECO_local_lite,Katz_Dunbar_2022#@#ART-0668@#@.pdf
ART-0682,Kim,2022,a practical approach,AFP,right_click,RECO_right_click,Kim_Farrell_2022#@#ART-0682@#@.pdf,RECO_right_click,Kim_Farrell_2022#@#ART-0682@#@.pdf
ART-0691,Klein,2018,Caring for transgender and gender-diverse persons: What clinicians should know,AFP,local_lite,RECO_local_lite,Klein_Paradise_2018#@#ART-0691@#@.pdf,RECO_local_lite,Klein_Paradise_2018#@#ART-0691@#@.pdf
ART-0692,Klein,2019,Amenorrhea: A systematic approach to diagnosis and management,AFP,local_lite,RECO_local_lite,Klein_Paradise_2019#@#ART-0692@#@.pdf,RECO_local_lite,Klein_Paradise_2019#@#ART-0692@#@.pdf
ART-0693,Klein,2021,diagnosis and management,AFP,local_lite,RECO_local_lite,Klein_Sylvester_2021#@#ART-0693@#@.pdf,RECO_local_lite,Klein_Sylvester_2021#@#ART-0693@#@.pdf
ART-0701,Kline,2021,common questions and answers,AFP,local_lite,RECO_local_lite,Kline_Smith_2021#@#ART-0701@#@.pdf,RECO_local_lite,Kline_Smith_2021#@#ART-0701@#@.pdf
ART-0718,Kullo,2016,Peripheral artery disease,NEJM,local_lite,RECO_local_lite,Kullo_Rooke_2016#@#ART-0718@#@.pdf,RECO_local_lite,Kullo_Rooke_2016#@#ART-0718@#@.pdf
ART-0726,Lacy,2021,ACG clinical guideline: Management of irritable bowel syndrome,Other Journal,right_click,RECO_right_click,Lacy_Pimentel_2021#@#ART-0726@#@.pdf,RECO_right_click,Lacy_Pimentel_2021#@#ART-0726@#@.pdf
ART-0729,Lam,2016,Systemic lupus erythematosus: Primary care approach to diagnosis and management,AFP,local_lite,RECO_local_lite,Lam_Ghetu_2016#@#ART-0729@#@.pdf,RECO_local_lite,Lam_Ghetu_2016#@#ART-0729@#@.pdf
ART-0735,Langan,2017,recognition and management,AFP,local_lite,RECO_local_lite,Langan_Goodbred_2017#@#ART-0735@#@.pdf,RECO_local_lite,Langan_Goodbred_2017#@#ART-0735@#@.pdf
ART-0737,Langan,2020,Office spirometry: Indications and interpretation,AFP,right_click,RECO_right_click,Langan_Goodbred_2020#@#ART-0737@#@.pdf,RECO_right_click,Langan_Goodbred_2020#@#ART-0737@#@.pdf
ART-0738,Lanham,2020,Outpatient burn care: Prevention and treatment,AFP,local_lite,RECO_local_lite,Lanham_Nelson_2020#@#ART-0738@#@.pdf,RECO_local_lite,Lanham_Nelson_2020#@#ART-0738@#@.pdf
ART-0742,Larson,2020,Muscle weakness in adults: Evaluation and differential diagnosis,AFP,local_lite,RECO_local_lite,Larson_Wilbur_2020#@#ART-0742@#@.pdf,RECO_local_lite,Larson_Wilbur_2020#@#ART-0742@#@.pdf
ART-0743,Latimer,2023,evaluation and management,AFP,local_lite,RECO_local_lite,Latimer_Gunther_2023#@#ART-0743@#@.pdf,RECO_local_lite,Latimer_Gunther_2023#@#ART-0743@#@.pdf
ART-0747,LeFevre,2018,Vitamin D screening and supplementation in community-dwelling adults: Common que,AFP,local_lite,RECO_local_lite,LeFevre_LeFevre_2018#@#ART-0747@#@.pdf,RECO_local_lite,LeFevre_LeFevre_2018#@#ART-0747@#@.pdf
ART-0762,Lesnewski,2021,Initiating hormonal contraception,AFP,local_lite,RECO_local_lite,Lesnewski_2021#@#ART-0762@#@.pdf,RECO_local_lite,Lesnewski_2021#@#ART-0762@#@.pdf
ART-0770,Lillig,2018,Conduct disorder: Recognition and management,AFP,local_lite,RECO_local_lite,Lillig_2018#@#ART-0770@#@.pdf,RECO_local_lite,Lillig_2018#@#ART-0770@#@.pdf
ART-0776,Lip,2018,Antithrombotic therapy for atrial fibrillation: CHEST guideline and expert panel,Chest,right_click,RECO_right_click,Lip_Banerjee_2018#@#ART-0776@#@.pdf,RECO_right_click,Lip_Banerjee_2018#@#ART-0776@#@.pdf
ART-0779,Lipsky,2019,e3280,Other Journal,local_lite,RECO_local_lite,Lipsky_Senneville_2019#@#ART-0779@#@.pdf,RECO_local_lite,Lipsky_Senneville_2019#@#ART-0779@#@.pdf
ART-0780,Liu,2011,Clinical practice guidelines by the Infectious Diseases Society of America for t,Guideline/Org,local_lite,RECO_local_lite,Liu_Bayer_2011#@#ART-0780@#@.pdf,RECO_local_lite,Liu_Bayer_2011#@#ART-0780@#@.pdf
ART-0826,Matheson,2019,Hirsutism in women,AFP,local_lite,RECO_local_lite,Matheson_Bain_2019#@#ART-0826@#@.pdf,RECO_local_lite,Matheson_Bain_2019#@#ART-0826@#@.pdf
ART-0834,Mayans,2018,Acute migraine headache: Treatment strategies,AFP,local_lite,RECO_local_lite,Mayans_Walling_2018#@#ART-0834@#@.pdf,RECO_local_lite,Mayans_Walling_2018#@#ART-0834@#@.pdf
ART-0841,McDonald,2017,Clinical practice guidelines for Clostridium difficile infection in adults and c,Guideline/Org,local_lite,RECO_local_lite,McDonald_Gerding_2017#@#ART-0841@#@.pdf,RECO_local_lite,McDonald_Gerding_2017#@#ART-0841@#@.pdf
ART-0865,Metlay,2019,Diagnosis and treatment of adults with community-acquired pneumonia,Guideline/Org,local_lite,RECO_local_lite,Metlay_Waterer_2019#@#ART-0865@#@.pdf,RECO_local_lite,Metlay_Waterer_2019#@#ART-0865@#@.pdf
ART-0867,Michaudet,2017,Chronic cough: Evaluation and management,AFP,local_lite,RECO_local_lite,Michaudet_Malaty_2017#@#ART-0867@#@.pdf,RECO_local_lite,Michaudet_Malaty_2017#@#ART-0867@#@.pdf
ART-0868,Michels,2014,Addison disease: Early detection and treatment principles,AFP,local_lite,RECO_local_lite,Michels_Michels_2014#@#ART-0868@#@.pdf,RECO_local_lite,Michels_Michels_2014#@#ART-0868@#@.pdf
ART-0886,Moayyedi,2017,ACG and CAG clinical guideline: management of dyspepsia,Other Journal,right_click,RECO_right_click,Moayyedi_Lacy_2017#@#ART-0886@#@.pdf,RECO_right_click,Moayyedi_Lacy_2017#@#ART-0886@#@.pdf
ART-0911,National,2020,Hepatitis C information: Testing recommendations for hepatitis C virus infection,Guideline/Org,local_lite,RECO_local_lite,National_Viral_2020#@#ART-0911@#@.pdf,RECO_local_lite,National_Viral_2020#@#ART-0911@#@.pdf
ART-0919,Nettleton,2021,common questions and answers,AFP,local_lite,RECO_local_lite,Nettleton_2021#@#ART-0919@#@.pdf,RECO_local_lite,Nettleton_2021#@#ART-0919@#@.pdf
ART-0930,O'Gurek,2022,Hemoptysis: Evaluation and management,AFP,right_click,RECO_right_click,OGurek_Choi_2022#@#ART-0930@#@.pdf,RECO_right_click,OGurek_Choi_2022#@#ART-0930@#@.pdf
ART-0934,Ogé,2019,Acne vulgaris: Diagnosis and treatment,AFP,local_lite,RECO_local_lite,Og_Broussard_2019#@#ART-0934@#@.pdf,RECO_local_lite,Og_Broussard_2019#@#ART-0934@#@.pdf
ART-0935,Oh,2017,Mildly elevated liver transaminase levels: Causes and evaluation,AFP,local_lite,RECO_local_lite,Oh_Hustead_2017#@#ART-0935@#@.pdf,RECO_local_lite,Oh_Hustead_2017#@#ART-0935@#@.pdf
ART-0936,Oh,2020,Management of hypertriglyceridemia: Common questions and answers,AFP,local_lite,RECO_local_lite,Oh_Trivette_2020#@#ART-0936@#@.pdf,RECO_local_lite,Oh_Trivette_2020#@#ART-0936@#@.pdf
ART-0954,Paladine,2018,Vaginitis: Diagnosis and treatment,AFP,local_lite,RECO_local_lite,Paladine_Desai_2018#@#ART-0954@#@.pdf,RECO_local_lite,Paladine_Desai_2018#@#ART-0954@#@.pdf
ART-0965,Patel,2021,Common fractures of the radius and ulna,AFP,right_click,RECO_right_click,Patel_Statuta_2021#@#ART-0965@#@.pdf,RECO_right_click,Patel_Statuta_2021#@#ART-0965@#@.pdf
ART-0970,Paul,2025,139-147,Pediatrics,right_click,RECO_right_click,Paul_Frohna_2025#@#ART-0970@#@.pdf,RECO_right_click,Paul_Frohna_2025#@#ART-0970@#@.pdf
ART-0974,Pelletier,2016,Vision loss in older adults,AFP,right_click,RECO_right_click,Pelletier_Rojas_Roldan_2016#@#ART-0974@#@.pdf,RECO_right_click,Pelletier_Rojas_Roldan_2016#@#ART-0974@#@.pdf
ART-0983,Petering,2017,Testosterone therapy: Review of clinical applications,AFP,right_click,RECO_right_click,Petering_Brooks_2017#@#ART-0983@#@.pdf,RECO_right_click,Petering_Brooks_2017#@#ART-0983@#@.pdf
ART-1019,Qaseem,2020,"Nonpharmacologic and pharmacologic management of acute pain from non–low back, m",Annals,local_lite,RECO_local_lite,Qaseem_McLean_2020#@#ART-1019@#@.pdf,RECO_local_lite,Qaseem_McLean_2020#@#ART-1019@#@.pdf
ART-1033,Ramirez,2019,Adhesive capsulitis: Diagnosis and management,AFP,local_lite,RECO_local_lite,Ramirez_2019#@#ART-1033@#@.pdf,RECO_local_lite,Ramirez_2019#@#ART-1033@#@.pdf
ART-1034,Randall,2022,369-376,AFP,right_click,RECO_right_click,Randall_Wilson_2022#@#ART-1034@#@.pdf,RECO_right_click,Randall_Wilson_2022#@#ART-1034@#@.pdf
ART-1039,Rathjen,2019,680-686,AFP,local_lite,RECO_local_lite,Rathjen_Shahbodaghi_2019#@#ART-1039@#@.pdf,RECO_local_lite,Rathjen_Shahbodaghi_2019#@#ART-1039@#@.pdf
ART-1044,Reamy,2017,Pleuritic chest pain: Sorting through the differential diagnosis,AFP,local_lite,RECO_local_lite,Reamy_Williams_2017#@#ART-1044@#@.pdf,RECO_local_lite,Reamy_Williams_2017#@#ART-1044@#@.pdf
ART-1053,Rerucha,2019,Acute hand infections,AFP,local_lite,RECO_local_lite,Rerucha_Ewing_2019#@#ART-1053@#@.pdf,RECO_local_lite,Rerucha_Ewing_2019#@#ART-1053@#@.pdf
ART-1091,Runser,2017,Syncope: Evaluation and differential diagnosis,AFP,local_lite,RECO_local_lite,Runser_Gauer_2017#@#ART-1091@#@.pdf,RECO_local_lite,Runser_Gauer_2017#@#ART-1091@#@.pdf
ART-1093,Rupert,2022,Pruritus: Diagnosis and management,AFP,local_lite,RECO_local_lite,Rupert_Honeycutt_2022#@#ART-1093@#@.pdf,RECO_local_lite,Rupert_Honeycutt_2022#@#ART-1093@#@.pdf
ART-1099,Saguil,2019,Hand-foot-and-mouth disease: Rapid evidence review,AFP,local_lite,RECO_local_lite,Saguil_Kane_2019#@#ART-1099@#@.pdf,RECO_local_lite,Saguil_Kane_2019#@#ART-1099@#@.pdf
ART-1100,Saguil,2019,Psychological and pharmacologic treatments for adults with PTSD,AFP,local_lite,RECO_local_lite,Saguil_2019#@#ART-1100@#@.pdf,RECO_local_lite,Saguil_2019#@#ART-1100@#@.pdf
ART-1101,Salisbury-Afshar,2020,Adverse events of pharmacologic treatments of major depression in older adults,AFP,right_click,RECO_right_click,Salisbury_Afshar_2020#@#ART-1101@#@.pdf,RECO_right_click,Salisbury_Afshar_2020#@#ART-1101@#@.pdf
ART-1118,Schroeder,2016,Treatment of adult obesity with bariatric surgery,AFP,right_click,RECO_right_click,Schroeder_Harrison_2016#@#ART-1118@#@.pdf,RECO_right_click,Schroeder_Harrison_2016#@#ART-1118@#@.pdf
ART-1122,Scorza,2019,Current concepts in concussion: Initial evaluation and management,AFP,right_click,RECO_right_click,Scorza_Cole_2019#@#ART-1122@#@.pdf,RECO_right_click,Scorza_Cole_2019#@#ART-1122@#@.pdf
ART-1149,Shehab,2013,Evaluation and diagnosis of wrist pain: A case-based approach,AFP,local_lite,RECO_local_lite,Shehab_Mirabelli_2013#@#ART-1149@#@.pdf,RECO_local_lite,Shehab_Mirabelli_2013#@#ART-1149@#@.pdf
ART-1155,Shulman,2012,Clinical practical guideline for the diagnosis and management of group A strepto,Guideline/Org,local_lite,RECO_local_lite,Shulman_Bisno_2012#@#ART-1155@#@.pdf,RECO_local_lite,Shulman_Bisno_2012#@#ART-1155@#@.pdf
ART-1159,Silver,2021,Peripheral nerve entrapment and injury in the upper extremity,AFP,local_lite,RECO_local_lite,Silver_Ledford_2021#@#ART-1159@#@.pdf,RECO_local_lite,Silver_Ledford_2021#@#ART-1159@#@.pdf
ART-1170,Smith,2020,Managing hypertension using combination therapy,AFP,right_click,RECO_right_click,Smith_Lennon_2020#@#ART-1170@#@.pdf,RECO_right_click,Smith_Lennon_2020#@#ART-1170@#@.pdf
ART-1171,Smith,2018,Croup: Diagnosis and management,AFP,right_click,RECO_right_click,Tu_2018#@#ART-1171@#@.pdf,RECO_right_click,Tu_2018#@#ART-1171@#@.pdf
ART-1173,Smith,2019,"Febrile seizures: Risks, evaluation, and prognosis",AFP,right_click,RECO_right_click,Smith_Sadler_2019#@#ART-1173@#@.pdf,RECO_right_click,Smith_Sadler_2019#@#ART-1173@#@.pdf
ART-1174,Smith,2017,Respiratory syncytial virus bronchiolitis in children,AFP,right_click,RECO_right_click,Smith_Seales_2017#@#ART-1174@#@.pdf,RECO_right_click,Smith_Seales_2017#@#ART-1174@#@.pdf
ART-1178,Snyder,2018,Acute appendicitis: Efficient diagnosis and management,AFP,local_lite,RECO_local_lite,Snyder_Guthrie_2018#@#ART-1178@#@.pdf,RECO_local_lite,Snyder_Guthrie_2018#@#ART-1178@#@.pdf
ART-1197,Stacey,2021,choice and application,AFP,local_lite,RECO_local_lite,Stacey_McEleney_2021#@#ART-1197@#@.pdf,RECO_local_lite,Stacey_McEleney_2021#@#ART-1197@#@.pdf
ART-1200,Steinberg,2019,Type 2 diabetes therapies: A STEPS approach,AFP,right_click,RECO_right_click,Steinberg_Carlson_2019#@#ART-1200@#@.pdf,RECO_right_click,Steinberg_Carlson_2019#@#ART-1200@#@.pdf
ART-1203,Stephens,2018,Dental problems in primary care,AFP,right_click,RECO_right_click,Stephens_Wiedemer_2018#@#ART-1203@#@.pdf,RECO_right_click,Stephens_Wiedemer_2018#@#ART-1203@#@.pdf
ART-1204,Stevens,2014,Practice guidelines for the diagnosis and management of skin and soft tissue inf,Guideline/Org,local_lite,RECO_local_lite,Stevens_Bisno_2014#@#ART-1204@#@.pdf,RECO_local_lite,Stevens_Bisno_2014#@#ART-1204@#@.pdf
ART-1205,Stevens,2021,second update of the CHEST guideline and expert panel report,Chest,right_click,RECO_right_click,Stevens_Woller_2021#@#ART-1205@#@.pdf,RECO_right_click,Stevens_Woller_2021#@#ART-1205@#@.pdf
ART-1212,Sur,2022,628-636,AFP,right_click,RECO_right_click,Sur_Plesa_2022#@#ART-1212@#@.pdf,RECO_right_click,Sur_Plesa_2022#@#ART-1212@#@.pdf
ART-1225,Tatum,2018,Geriatric assessment: An office-based approach,AFP,local_lite,RECO_local_lite,Tatum_Talebreza_2018#@#ART-1225@#@.pdf,RECO_local_lite,Tatum_Talebreza_2018#@#ART-1225@#@.pdf
ART-1235,Tiglao,2021,outpatient management,AFP,local_lite,RECO_local_lite,Tiglao_Meisenheimer_2021#@#ART-1235@#@.pdf,RECO_local_lite,Tiglao_Meisenheimer_2021#@#ART-1235@#@.pdf
ART-1241,Tran,2021,Care of the patient with abnormal liver test results,Annals,local_lite,RECO_local_lite,Tran_Lim_2021#@#ART-1241@#@.pdf,RECO_local_lite,Tran_Lim_2021#@#ART-1241@#@.pdf
ART-1242,Trayes,2018,Annular lesions: Diagnosis and treatment,AFP,right_click,RECO_right_click,Trayes_Savage_2018#@#ART-1242@#@.pdf,RECO_right_click,Trayes_Savage_2018#@#ART-1242@#@.pdf
ART-1243,Trojian,2019,Plantar fasciitis,AFP,local_lite,RECO_local_lite,Trojian_Tucker_2019#@#ART-1243@#@.pdf,RECO_local_lite,Trojian_Tucker_2019#@#ART-1243@#@.pdf
ART-1247,Tu,2018,diagnosis and management,AFP,local_lite,RECO_local_lite,Tu_2018#@#ART-1247@#@.pdf,RECO_local_lite,Tu_2018#@#ART-1247@#@.pdf
ART-1259,US Preventive Services Task Force. Final recommendation statement,2021,prediabetes and type 2 diabetes: screening,Guideline/Org,local_lite,RECO_local_lite,US_Preventive_Services_Task_Fo_2021#@#ART-1259@#@.pdf,RECO_local_lite,US_Preventive_Services_Task_Fo_2021#@#ART-1259@#@.pdf
ART-1262,US Preventive Services Task Force. Final recommendation statement,2022,statin use for the primary prevention of cardiovascular disease in adults: preve,Guideline/Org,local_lite,RECO_local_lite,US_Preventive_Services_Task_Fo_2022#@#ART-1262@#@.pdf,RECO_local_lite,US_Preventive_Services_Task_Fo_2022#@#ART-1262@#@.pdf
ART-1263,US Preventive Services Task Force. Final recommendation statement,2011,testicular cancer: screening,Guideline/Org,local_lite,RECO_local_lite,US_Preventive_Services_Task_Fo_2011#@#ART-1263@#@.pdf,RECO_local_lite,US_Preventive_Services_Task_Fo_2011#@#ART-1263@#@.pdf
ART-1275,Uyeki,2018,"2018 update on diagnosis, treatment, chemoprophylaxis, and institutional outbrea",Guideline/Org,local_lite,RECO_local_lite,Uyeki_Bernstein_2018#@#ART-1275@#@.pdf,RECO_local_lite,Uyeki_Bernstein_2018#@#ART-1275@#@.pdf
ART-1298,Virani,2023,a report of the American Heart Association/American College of Cardiology Joint ,Circulation,local_lite,RECO_local_lite,Virani_Newby_2023#@#ART-1298@#@.pdf,RECO_local_lite,Virani_Newby_2023#@#ART-1298@#@.pdf
ART-1313,Wasserman,2018,Rheumatoid arthritis: Common questions about diagnosis and management,AFP,right_click,RECO_right_click,Wasserman_2018#@#ART-1313@#@.pdf,RECO_right_click,Wasserman_2018#@#ART-1313@#@.pdf
ART-1327,Westfall,2020,common questions and answers on diagnosis and management,AFP,right_click,RECO_right_click,Westfall_Jeske_2020#@#ART-1327@#@.pdf,RECO_right_click,Westfall_Jeske_2020#@#ART-1327@#@.pdf
ART-1331,Whelton,2017,2017 ACC/AHA/AAPA/ABC/ACPM/AGS/APhA/ASH/ASPC/NMA/PCNA Guideline for the preventi,Circulation,local_lite,RECO_local_lite,Whelton_Carey_2017#@#ART-1331@#@.pdf,RECO_local_lite,Whelton_Carey_2017#@#ART-1331@#@.pdf
ART-1337,Wilkins,2013,Diagnosis and management of acute diverticulitis,AFP,local_lite,RECO_local_lite,Wilkins_Embry_2013#@#ART-1337@#@.pdf,RECO_local_lite,Wilkins_Embry_2013#@#ART-1337@#@.pdf
ART-1339,Wilkins,2020,Upper gastrointestinal bleeding in adults: Evaluation and management,AFP,local_lite,RECO_local_lite,Wilkins_Wheeler_2020#@#ART-1339@#@.pdf,RECO_local_lite,Wilkins_Wheeler_2020#@#ART-1339@#@.pdf
ART-1341,Wilkinson,2019,"Gas, bloating, and belching: Approach to evaluation and management",AFP,local_lite,RECO_local_lite,Wilkinson_Cozine_2019#@#ART-1341@#@.pdf,RECO_local_lite,Wilkinson_Cozine_2019#@#ART-1341@#@.pdf
ART-1350,Wilson,2021,Hypothyroidism: Diagnosis and treatment,AFP,local_lite,RECO_local_lite,Wilson_Stem_2021#@#ART-1350@#@.pdf,RECO_local_lite,Wilson_Stem_2021#@#ART-1350@#@.pdf
ART-1352,Winslow,2023,diagnosis and management,AFP,local_lite,RECO_local_lite,Winslow_Vandal_2023#@#ART-1352@#@.pdf,RECO_local_lite,Winslow_Vandal_2023#@#ART-1352@#@.pdf
ART-1353,Wipperman,2019,Hidradenitis suppurativa: Rapid evidence review,AFP,right_click,RECO_right_click,Wipperman_Bragg_2019#@#ART-1353@#@.pdf,RECO_right_click,Wipperman_Bragg_2019#@#ART-1353@#@.pdf
ART-1367,Wouk,2021,End-stage renal disease: Medical management,AFP,local_lite,RECO_local_lite,Wouk_2021#@#ART-1367@#@.pdf,RECO_local_lite,Wouk_2021#@#ART-1367@#@.pdf
ART-1378,Yew,2023,evaluation and diagnosis,AFP,local_lite,RECO_local_lite,Yew_George_2023#@#ART-1378@#@.pdf,RECO_local_lite,Yew_George_2023#@#ART-1378@#@.pdf
ART-1389,Zolotor,2014,Update on prenatal care,AFP,right_click,RECO_right_click,Zolotor_Carlough_2014#@#ART-1389@#@.pdf,RECO_right_click,Zolotor_Carlough_2014#@#ART-1389@#@.pdf
ART-1398,Rabins,2007,Practice Guideline for the Treatment of Patients With Alzheimer's Disease and Ot,Guideline/Org,VC_fail,RECO_VC_fail,Rabins_2007#@#ART-1398@#@.pdf,RECO_VC_fail,Rabins_2007#@#ART-1398@#@.pdf
ART-1399,Gelenberg,2010,Practice Guideline for the Treatment of Patients With Major Depressive Disorder,Guideline/Org,VC_fail,RECO_VC_fail,Gelenberg_2010#@#ART-1399@#@.pdf,RECO_VC_fail,Gelenberg_2010#@#ART-1399@#@.pdf
ART-1400,Eikelboom,2017,Rivaroxaban with or without Aspirin in Stable Cardiovascular Disease,Other Journal,VC_fail,RECO_VC_fail,Eikelboom_2017#@#ART-1400@#@.pdf,RECO_VC_fail,Eikelboom_2017#@#ART-1400@#@.pdf
ART-1401,Nicolle,2019,Clinical Practice Guideline for the Management of Asymptomatic Bacteriuria,Guideline/Org,VC_fail,RECO_VC_fail,Nicolle_2019#@#ART-1401@#@.pdf,RECO_VC_fail,Nicolle_2019#@#ART-1401@#@.pdf
ART-1402,Baddour,2005,"Infective Endocarditis in Adults: Diagnosis, Antimicrobial Therapy, and Manageme",Other Journal,VC_fail,RECO_VC_fail,Baddour_2005#@#ART-1402@#@.pdf,RECO_VC_fail,Baddour_2005#@#ART-1402@#@.pdf
ART-1403,Hill,2006,The Practice of Travel Medicine: Guidelines by the Infectious Diseases Society o,Guideline/Org,VC_fail,RECO_VC_fail,Hill_2006#@#ART-1403@#@.pdf,RECO_VC_fail,Hill_2006#@#ART-1403@#@.pdf
ART-1404,Miller,2024,Guide to Utilization of the Microbiology Laboratory for Diagnosis of Infectious ,Other Journal,VC_fail,RECO_VC_fail,Miller_2024#@#ART-1404@#@.pdf,RECO_VC_fail,Miller_2024#@#ART-1404@#@.pdf
ART-1405,AAOS,2019,Periprosthetic Joint Infections Clinical Practice Guideline,Guideline/Org,VC_fail,RECO_VC_fail,AAOS_2019#@#ART-1405@#@.pdf,RECO_VC_fail,AAOS_2019#@#ART-1405@#@.pdf
ART-1406,VA_DoD,2022,VA/DoD Clinical Practice Guideline for the Management of Major Depressive Disord,Guideline/Org,VC_fail,RECO_VC_fail,VA_DoD_2022#@#ART-1406@#@.pdf,RECO_VC_fail,VA_DoD_2022#@#ART-1406@#@.pdf
ART-1407,Patel,2022,Updates on Age to Start and Stop Colorectal Cancer Screening: Recommendations Fr,Other Journal,VC_fail,RECO_VC_fail,Patel_2022#@#ART-1407@#@.pdf,RECO_VC_fail,Patel_2022#@#ART-1407@#@.pdf
ART-1408,Robertson,2017,Recommendations on Fecal Immunochemical Testing to Screen for Colorectal Neoplas,Other Journal,VC_fail,RECO_VC_fail,Robertson_2017#@#ART-1408@#@.pdf,RECO_VC_fail,Robertson_2017#@#ART-1408@#@.pdf
ART-1409,Tran,2016,ACG Clinical Guideline: Liver Disease and Pregnancy,Other Journal,VC_fail,RECO_VC_fail,Tran_2016#@#ART-1409@#@.pdf,RECO_VC_fail,Tran_2016#@#ART-1409@#@.pdf
ART-1410,Joglar,2024,2023 ACC/AHA/ACCP/HRS Guideline for the Diagnosis and Management of Atrial Fibri,Guideline/Org,VC_fail,RECO_VC_fail,Joglar_2024#@#ART-1410@#@.pdf,RECO_VC_fail,Joglar_2024#@#ART-1410@#@.pdf
ART-1411,Messe,2020,Practice Advisory Update: Patent Foramen Ovale and Secondary Stroke Prevention,Other Journal,VC_fail,RECO_VC_fail,Messe_2020#@#ART-1411@#@.pdf,RECO_VC_fail,Messe_2020#@#ART-1411@#@.pdf
ART-1412,AAN,2014,Prevention of Stroke in Nonvalvular Atrial Fibrillation,Guideline/Org,VC_fail,RECO_VC_fail,AAN_2014#@#ART-1412@#@.pdf,RECO_VC_fail,AAN_2014#@#ART-1412@#@.pdf
ART-1413,Iverson,2010,Practice Parameter Update: Evaluation and Management of Driving Risk in Dementia,Other Journal,VC_fail,RECO_VC_fail,Iverson_2010#@#ART-1413@#@.pdf,RECO_VC_fail,Iverson_2010#@#ART-1413@#@.pdf
ART-1414,AAN,2012,Pharmacologic Treatment for Episodic Migraine Prevention in Adults,Guideline/Org,VC_fail,RECO_VC_fail,AAN_2012#@#ART-1414@#@.pdf,RECO_VC_fail,AAN_2012#@#ART-1414@#@.pdf
ART-1415,Oskoui,2019,Practice Guideline Update: Acute Treatment of Migraine in Children and Adolescen,Guideline/Org,VC_fail,RECO_VC_fail,Oskoui_2019#@#ART-1415@#@.pdf,RECO_VC_fail,Oskoui_2019#@#ART-1415@#@.pdf
ART-1416,Oskoui,2019,Practice Guideline Update: Pharmacologic Treatment for Pediatric Migraine Preven,Guideline/Org,VC_fail,RECO_VC_fail,Oskoui_2019#@#ART-1416@#@.pdf,RECO_VC_fail,Oskoui_2019#@#ART-1416@#@.pdf
ART-1417,Turan,2017,Stroke Prevention in Symptomatic Large Artery Intracranial Atherosclerosis,Other Journal,VC_fail,RECO_VC_fail,Turan_2017#@#ART-1417@#@.pdf,RECO_VC_fail,Turan_2017#@#ART-1417@#@.pdf
ART-1419,Chang,2017,Chronic Cough Related to Acute Viral Bronchiolitis in Children,Other Journal,VC_fail,RECO_VC_fail,Chang_2017#@#ART-1419@#@.pdf,RECO_VC_fail,Chang_2017#@#ART-1419@#@.pdf
ART-1420,Cobaugh,2007,Atypical Antipsychotic Medication Poisoning: An Evidence-Based Consensus Guideli,Other Journal,VC_fail,RECO_VC_fail,Cobaugh_2007#@#ART-1420@#@.pdf,RECO_VC_fail,Cobaugh_2007#@#ART-1420@#@.pdf
ART-1421,Scharman,2006,Diphenhydramine and Dimenhydrinate Poisoning: An Evidence-Based Consensus Guidel,Other Journal,VC_fail,RECO_VC_fail,Scharman_2006#@#ART-1421@#@.pdf,RECO_VC_fail,Scharman_2006#@#ART-1421@#@.pdf
ART-1422,Caravati,2007,Long-Acting Anticoagulant Rodenticide Poisoning: An Evidence-Based Consensus Gui,Other Journal,VC_fail,RECO_VC_fail,Caravati_2007#@#ART-1422@#@.pdf,RECO_VC_fail,Caravati_2007#@#ART-1422@#@.pdf
ART-1423,Nelson,2007,Selective Serotonin Reuptake Inhibitor Poisoning: An Evidence-Based Consensus Gu,Other Journal,VC_fail,RECO_VC_fail,Nelson_2007#@#ART-1423@#@.pdf,RECO_VC_fail,Nelson_2007#@#ART-1423@#@.pdf
ART-1424,Dart,2006,Acetaminophen Poisoning: An Evidence-Based Consensus Guideline for Out-of-Hospit,Other Journal,VC_fail,RECO_VC_fail,Dart_2006#@#ART-1424@#@.pdf,RECO_VC_fail,Dart_2006#@#ART-1424@#@.pdf
ART-1425,USPSTF,2022,Aspirin Use to Prevent Cardiovascular Disease: USPSTF Recommendation Statement,Guideline/Org,VC_fail,RECO_VC_fail,USPSTF_2022#@#ART-1425@#@.pdf,RECO_VC_fail,USPSTF_2022#@#ART-1425@#@.pdf
ART-1426,American Diabetes Association,2025,Standards of Care in Diabetes—2025,Guideline/Org,VC_fail,RECO_VC_fail,ADA_2025#@#ART-1426@#@.pdf,RECO_VC_fail,ADA_2025#@#ART-1426@#@.pdf
ART-1427,Mottl,2022,KDOQI Commentary on the KDIGO 2022 Update to the Clinical Practice Guideline for,Guideline/Org,VC_fail,RECO_VC_fail,Mottl_2022#@#ART-1427@#@.pdf,RECO_VC_fail,Mottl_2022#@#ART-1427@#@.pdf
ART-1428,Drawz,2021,KDOQI US Commentary on the 2021 KDIGO Clinical Practice Guideline for the Manage,Guideline/Org,VC_fail,RECO_VC_fail,Drawz_2021#@#ART-1428@#@.pdf,RECO_VC_fail,Drawz_2021#@#ART-1428@#@.pdf
ART-1429,Ikizler,2024,ASN Kidney Health Guidance on the Management of Obesity in Persons Living with K,Other Journal,VC_fail,RECO_VC_fail,Ikizler_2024#@#ART-1429@#@.pdf,RECO_VC_fail,Ikizler_2024#@#ART-1429@#@.pdf
ART-1430,Isakova,2017,KDOQI US Commentary on the 2017 KDIGO Clinical Practice Guideline Update for the,Guideline/Org,VC_fail,RECO_VC_fail,Isakova_2017#@#ART-1430@#@.pdf,RECO_VC_fail,Isakova_2017#@#ART-1430@#@.pdf
ART-1431,Ikizler,2020,KDOQI Clinical Practice Guideline for Nutrition in CKD: 2020 Update,Guideline/Org,VC_fail,RECO_VC_fail,Ikizler_2020#@#ART-1431@#@.pdf,RECO_VC_fail,Ikizler_2020#@#ART-1431@#@.pdf
ART-1432,High,2009,Clinical Practice Guideline for the Evaluation of Fever and Infection in Older A,Guideline/Org,VC_fail,RECO_VC_fail,High_2009#@#ART-1432@#@.pdf,RECO_VC_fail,High_2009#@#ART-1432@#@.pdf
ART-1433,Lantos,2020,"Clinical Practice Guidelines by the Infectious Diseases Society of America, Amer",Guideline/Org,VC_fail,RECO_VC_fail,Lantos_2020#@#ART-1433@#@.pdf,RECO_VC_fail,Lantos_2020#@#ART-1433@#@.pdf
ART-1434,Freifeld,2010,Clinical Practice Guideline for the Use of Antimicrobial Agents in Neutropenic P,Guideline/Org,VC_fail,RECO_VC_fail,Freifeld_2010#@#ART-1434@#@.pdf,RECO_VC_fail,Freifeld_2010#@#ART-1434@#@.pdf
ART-1435,AFP,2023,"Menopause: Diagnosis, Management, and Treatment",Other Journal,VC_fail,RECO_VC_fail,AFP_2023#@#ART-1435@#@.pdf,RECO_VC_fail,AFP_2023#@#ART-1435@#@.pdf
ART-1436,Camilleri,2022,ACG Clinical Guideline: Gastroparesis,Other Journal,VC_fail,RECO_VC_fail,Camilleri_2022#@#ART-1436@#@.pdf,RECO_VC_fail,Camilleri_2022#@#ART-1436@#@.pdf
ART-1437,AFP,2023,Allergic Rhinitis: Diagnosis and Management,Other Journal,VC_fail,RECO_VC_fail,AFP_AllerRhinitis_2023#@#ART-1437@#@.pdf,RECO_VC_fail,AFP_AllerRhinitis_2023#@#ART-1437@#@.pdf
ART-1438,AAN,2012,AAN Evidence-Based Guideline Summary: Steroids and Antivirals for Bell Palsy,Guideline/Org,VC_fail,RECO_VC_fail,AAN_BellsPalsy_2012#@#ART-1438@#@.pdf,RECO_VC_fail,AAN_BellsPalsy_2012#@#ART-1438@#@.pdf
ART-1439,Knopman,2001,Practice Parameter: Diagnosis of Dementia—An Evidence-Based Review,Other Journal,VC_fail,RECO_VC_fail,Knopman_2001#@#ART-1439@#@.pdf,RECO_VC_fail,Knopman_2001#@#ART-1439@#@.pdf
ART-1440,AAN,2008,AAN Evidence-Based Guideline Summary: Pharmacologic Treatment for Trigeminal Neu,Guideline/Org,VC_fail,RECO_VC_fail,AAN_TrigNeural_2008#@#ART-1440@#@.pdf,RECO_VC_fail,AAN_TrigNeural_2008#@#ART-1440@#@.pdf
ART-1441,Criner,2015,Prevention of Acute Exacerbations of COPD: American College of Chest Physicians ,Chest,VC_fail,RECO_VC_fail,Criner_2015#@#ART-1441@#@.pdf,RECO_VC_fail,Criner_2015#@#ART-1441@#@.pdf
ART-1442,Fraenkel,2021,2021 American College of Rheumatology Guideline for the Treatment of Rheumatoid ,Other Journal,VC_fail,RECO_VC_fail,Fraenkel_2021#@#ART-1442@#@.pdf,RECO_VC_fail,Fraenkel_2021#@#ART-1442@#@.pdf
ART-1443,Humphrey,2022,2022 American College of Rheumatology Guideline for the Prevention and Treatment,Other Journal,VC_fail,RECO_VC_fail,Humphrey_2022#@#ART-1443@#@.pdf,RECO_VC_fail,Humphrey_2022#@#ART-1443@#@.pdf
ART-1450,Antono,2025,Gastroesophageal Reflux in Infants and Children:​ Diagnosis and Treatment,AFP,VC_fail,RECO_VC_fail,Antono_2025#@#ART-1450@#@.pdf,RECO_VC_fail,Antono_2025#@#ART-1450@#@.pdf
ART-1451,Arnold,2020,"Point-of-care ultrasonography (POCUS) is an evolving outpatient, inpatient, and ",AFP,VC_fail,RECO_VC_fail,Arnold_Carter_2020#@#ART-1451@#@.pdf,RECO_VC_fail,Arnold_Carter_2020#@#ART-1451@#@.pdf
ART-1452,Bailey,2022,"A diverticulum is a protrusion through the intestinal wall, and diverticulosis i",AFP,VC_fail,RECO_VC_fail,Bailey_Dattani_2022#@#ART-1452@#@.pdf,RECO_VC_fail,Bailey_Dattani_2022#@#ART-1452@#@.pdf
ART-1453,Baird,2019,Toilet training is a significant developmental milestone in early childhood as a,AFP,VC_fail,RECO_VC_fail,Baird_Kowalski_2019#@#ART-1453@#@.pdf,RECO_VC_fail,Baird_Kowalski_2019#@#ART-1453@#@.pdf
ART-1454,Baird,2025,Lower Extremity Abnormalities in Children,AFP,VC_fail,RECO_VC_fail,Baird_Dickison_2025#@#ART-1454@#@.pdf,RECO_VC_fail,Baird_Dickison_2025#@#ART-1454@#@.pdf
ART-1455,Barstow,2017,"Myocardial infarction (MI), a subset of acute coronary syndrome, is damage to th",AFP,VC_fail,RECO_VC_fail,Barstow_McDivitt_2017#@#ART-1455@#@.pdf,RECO_VC_fail,Barstow_McDivitt_2017#@#ART-1455@#@.pdf
ART-1456,Bayard,2023,"Syncope is an abrupt, transient, and complete loss of consciousness associated w",AFP,VC_fail,RECO_VC_fail,Bayard_Gerayli_2023#@#ART-1456@#@.pdf,RECO_VC_fail,Bayard_Gerayli_2023#@#ART-1456@#@.pdf
ART-1457,Bryce,2022,Barrett esophagus is a premalignant change of the esophagus in which the normal ,AFP,VC_fail,RECO_VC_fail,Bryce_Bucaj_2022#@#ART-1457@#@.pdf,RECO_VC_fail,Bryce_Bucaj_2022#@#ART-1457@#@.pdf
ART-1458,Butler,2025,Acute Rhinosinusitis:​ Rapid Evidence Review,AFP,VC_fail,RECO_VC_fail,Butler_Hernandez_2025#@#ART-1458@#@.pdf,RECO_VC_fail,Butler_Hernandez_2025#@#ART-1458@#@.pdf
ART-1459,Caplan,2025,Diagnosis and Management of Tinea Infections,AFP,VC_fail,RECO_VC_fail,Caplan_Gold_2025#@#ART-1459@#@.pdf,RECO_VC_fail,Caplan_Gold_2025#@#ART-1459@#@.pdf
ART-1460,Cayley,2024,Noninvasive Cardiac Testing,AFP,VC_fail,RECO_VC_fail,Cayley_2024#@#ART-1460@#@.pdf,RECO_VC_fail,Cayley_2024#@#ART-1460@#@.pdf
ART-1461,Chang,2023,This is an updated version of the article that appeared in print. The menopausal,AFP,VC_fail,RECO_VC_fail,Chang_Lewis_2023#@#ART-1461@#@.pdf,RECO_VC_fail,Chang_Lewis_2023#@#ART-1461@#@.pdf
ART-1462,Cheng,2020,The coronavirus disease 2019 (COVID-19) pandemic is caused by an enveloped singl,AFP,VC_fail,RECO_VC_fail,Cheng_2020#@#ART-1462@#@.pdf,RECO_VC_fail,Cheng_2020#@#ART-1462@#@.pdf
ART-1463,Childress,2020,"Neck pain is a common presenting symptom in primary care, with an incidence of 1",AFP,VC_fail,RECO_VC_fail,Childress_2020#@#ART-1463@#@.pdf,RECO_VC_fail,Childress_2020#@#ART-1463@#@.pdf
ART-1464,Clarke,2023,Hypertension is the persistent elevation of systolic and/or diastolic blood pres,AFP,VC_fail,RECO_VC_fail,Clarke_2023#@#ART-1464@#@.pdf,RECO_VC_fail,Clarke_2023#@#ART-1464@#@.pdf
ART-1465,Creech-Organ,2023,Musculoskeletal conditions are reported by 48% of the population and are a signi,AFP,VC_fail,RECO_VC_fail,Creech-Organ_Szybist_2023#@#ART-1465@#@.pdf,RECO_VC_fail,Creech-Organ_Szybist_2023#@#ART-1465@#@.pdf
ART-1466,Dabbs,2024,Asthma is a major public health problem that affects as many as 262 million chil,AFP,VC_fail,RECO_VC_fail,Dabbs_Bradley_2024#@#ART-1466@#@.pdf,RECO_VC_fail,Dabbs_Bradley_2024#@#ART-1466@#@.pdf
ART-1467,Dakkak,2024,Hair Loss:​ Diagnosis and Treatment,AFP,VC_fail,RECO_VC_fail,Dakkak_Forde_2024#@#ART-1467@#@.pdf,RECO_VC_fail,Dakkak_Forde_2024#@#ART-1467@#@.pdf
ART-1468,David,2022,Fever of unknown origin (FUO) in adults poses one of the greatest diagnostic cha,AFP,VC_fail,RECO_VC_fail,David_2022#@#ART-1468@#@.pdf,RECO_VC_fail,David_2022#@#ART-1468@#@.pdf
ART-1469,DeGeorge,2022,Anxiety disorders are some of the most common mental health conditions seen in p,AFP,VC_fail,RECO_VC_fail,DeGeorge_2022#@#ART-1469@#@.pdf,RECO_VC_fail,DeGeorge_2022#@#ART-1469@#@.pdf
ART-1470,Earwood,2018,Patients with otalgia (ear pain) commonly present to their primary care physicia,AFP,VC_fail,RECO_VC_fail,Earwood_Rogers_2018#@#ART-1470@#@.pdf,RECO_VC_fail,Earwood_Rogers_2018#@#ART-1470@#@.pdf
ART-1471,Ebell,2018,The volume of studies published annually has expanded greatly in recent decades.,AFP,VC_fail,RECO_VC_fail,Ebell_Grad_2018#@#ART-1471@#@.pdf,RECO_VC_fail,Ebell_Grad_2018#@#ART-1471@#@.pdf
ART-1472,Falk,2025,Lymphadenopathy:​ Evaluation and Differential Diagnosis,AFP,VC_fail,RECO_VC_fail,Falk_Joseph_2025#@#ART-1472@#@.pdf,RECO_VC_fail,Falk_Joseph_2025#@#ART-1472@#@.pdf
ART-1473,Fargo,2017,Jaundice in adults can be an indicator of significant underlying disease. It is ,AFP,VC_fail,RECO_VC_fail,Fargo_Grogan_2017#@#ART-1473@#@.pdf,RECO_VC_fail,Fargo_Grogan_2017#@#ART-1473@#@.pdf
ART-1474,Firnhaber,2020,"Keratinocyte carcinoma, referred to as nonmelanoma skin cancer, comprises basal ",AFP,VC_fail,RECO_VC_fail,Firnhaber_2020#@#ART-1474@#@.pdf,RECO_VC_fail,Firnhaber_2020#@#ART-1474@#@.pdf
ART-1475,Flynn,2020,A chronic musculoskeletal pain disorder is the underlying diagnosis for 70% to 8,AFP,VC_fail,RECO_VC_fail,Flynn_2020#@#ART-1475@#@.pdf,RECO_VC_fail,Flynn_2020#@#ART-1475@#@.pdf
ART-1476,Fraser,2025,Sudden Vision Loss:​ A Diagnostic Approach,AFP,VC_fail,RECO_VC_fail,Fraser_Son_2025#@#ART-1476@#@.pdf,RECO_VC_fail,Fraser_Son_2025#@#ART-1476@#@.pdf
ART-1477,Frazier,2023,Individuals with skin of color make up,AFP,VC_fail,RECO_VC_fail,Frazier_Proddutur_2023#@#ART-1477@#@.pdf,RECO_VC_fail,Frazier_Proddutur_2023#@#ART-1477@#@.pdf
ART-1478,Gaddey,2021,Weight loss in older adults can be intentional or unintentional. Unintentional w,AFP,VC_fail,RECO_VC_fail,Gaddey_Holder_2021#@#ART-1478@#@.pdf,RECO_VC_fail,Gaddey_Holder_2021#@#ART-1478@#@.pdf
ART-1479,Gaddey,2022,"In the United States, 1 in 5 adults uses tobacco products. Cigarettes and other ",AFP,VC_fail,RECO_VC_fail,Gaddey_Dakkak_2022#@#ART-1479@#@.pdf,RECO_VC_fail,Gaddey_Dakkak_2022#@#ART-1479@#@.pdf
ART-1480,Gaitonde,2019,Patellofemoral pain syndrome (PFPS) is a common cause of knee pain in adolescent,AFP,VC_fail,RECO_VC_fail,Gaitonde_Ericksen_2019#@#ART-1480@#@.pdf,RECO_VC_fail,Gaitonde_Ericksen_2019#@#ART-1480@#@.pdf
ART-1481,Garner,2023,Psoriasis is an inflammatory skin and systemic disorder that affects 3.2% of the,AFP,VC_fail,RECO_VC_fail,Garner_Hoy_2023#@#ART-1481@#@.pdf,RECO_VC_fail,Garner_Hoy_2023#@#ART-1481@#@.pdf
ART-1482,Gauer,2025,Heart Failure With Reduced Ejection Fraction:​ Medical Management,AFP,VC_fail,RECO_VC_fail,Gauer_Rifaat_2025#@#ART-1482@#@.pdf,RECO_VC_fail,Gauer_Rifaat_2025#@#ART-1482@#@.pdf
ART-1483,Gawrys,2024,"Disorders, 3rd ed. (Table 1).3 Severity is determined by the apnea-hypopnea inde",AFP,VC_fail,RECO_VC_fail,Gawrys_Silva_2024#@#ART-1483@#@.pdf,RECO_VC_fail,Gawrys_Silva_2024#@#ART-1483@#@.pdf
ART-1484,Grad,2025,Top 20 Research Studies of 2024 for Primary Care Physicians,AFP,VC_fail,RECO_VC_fail,Grad_2025#@#ART-1484@#@.pdf,RECO_VC_fail,Grad_2025#@#ART-1484@#@.pdf
ART-1485,Hamilton,2020,The evaluation of children younger than 36 months presenting with fever has long,AFP,VC_fail,RECO_VC_fail,Hamilton_Evans_2020#@#ART-1485@#@.pdf,RECO_VC_fail,Hamilton_Evans_2020#@#ART-1485@#@.pdf
ART-1486,Herness,2022,"Arthropods, comprised of insects and arachnids, account for up to 1 million emer",AFP,VC_fail,RECO_VC_fail,Herness_Newman_2022#@#ART-1486@#@.pdf,RECO_VC_fail,Herness_Newman_2022#@#ART-1486@#@.pdf
ART-1487,Hilgefort,2025,Family physicians play a pivotal role in providing timely care for common finger,AFP,VC_fail,RECO_VC_fail,Hilgefort_Becker_2025#@#ART-1487@#@.pdf,RECO_VC_fail,Hilgefort_Becker_2025#@#ART-1487@#@.pdf
ART-1488,Hitzeman,2022,"Comprehensive urinalysis involves inspection of the urine, dipstick chemical ana",AFP,VC_fail,RECO_VC_fail,Hitzeman_2022#@#ART-1488@#@.pdf,RECO_VC_fail,Hitzeman_2022#@#ART-1488@#@.pdf
ART-1489,Hoffman,2025,Dysuria:​ Evaluation and Differential Diagnosis in Adults,AFP,VC_fail,RECO_VC_fail,Hoffman_Dolezal_2025#@#ART-1489@#@.pdf,RECO_VC_fail,Hoffman_Dolezal_2025#@#ART-1489@#@.pdf
ART-1490,Holder,2024,Atrial fibrillation (AF) is a supraventricular arrhythmia characterized by uncoo,AFP,VC_fail,RECO_VC_fail,Holder_2024#@#ART-1490@#@.pdf,RECO_VC_fail,Holder_2024#@#ART-1490@#@.pdf
ART-1491,Keating,2024,"States, the prevalence of obesity has increased markedly since the early 2000s. ",AFP,VC_fail,RECO_VC_fail,Keating_Woodruff_2024#@#ART-1491@#@.pdf,RECO_VC_fail,Keating_Woodruff_2024#@#ART-1491@#@.pdf
ART-1492,Langan,2024,Mildly Elevated Liver Transaminase Levels:​ Causes and Evaluation,AFP,VC_fail,RECO_VC_fail,Langan_2024#@#ART-1492@#@.pdf,RECO_VC_fail,Langan_2024#@#ART-1492@#@.pdf
ART-1493,LeFevre,2025,Seborrheic Dermatitis:​ Diagnosis and Treatment,AFP,VC_fail,RECO_VC_fail,LeFevre_Braudis_2025#@#ART-1493@#@.pdf,RECO_VC_fail,LeFevre_Braudis_2025#@#ART-1493@#@.pdf
ART-1494,Lesser,2021,Nutrition support therapy is the delivery of formulated enteral or parenteral nu,AFP,VC_fail,RECO_VC_fail,Lesser_2021#@#ART-1494@#@.pdf,RECO_VC_fail,Lesser_2021#@#ART-1494@#@.pdf
ART-1495,Lintner,2023,"In the United States, 40 million to 60 million children are involved in organize",AFP,VC_fail,RECO_VC_fail,Lintner_Sitton_2023#@#ART-1495@#@.pdf,RECO_VC_fail,Lintner_Sitton_2023#@#ART-1495@#@.pdf
ART-1496,Locke,2018,Although diet is the single most significant risk factor for disability and prem,AFP,VC_fail,RECO_VC_fail,Locke_Schneiderhan_2018#@#ART-1496@#@.pdf,RECO_VC_fail,Locke_Schneiderhan_2018#@#ART-1496@#@.pdf
ART-1497,MacDonald,2021,"Approximately 60 million children and adolescents, including 7.9 million high sc",AFP,VC_fail,RECO_VC_fail,MacDonald_Schaefer_2021#@#ART-1497@#@.pdf,RECO_VC_fail,MacDonald_Schaefer_2021#@#ART-1497@#@.pdf
ART-1498,Maharty,2024,Low back pain is a common reason for adults to visit their physician. Based on a,AFP,VC_fail,RECO_VC_fail,Maharty_Hines_2024#@#ART-1498@#@.pdf,RECO_VC_fail,Maharty_Hines_2024#@#ART-1498@#@.pdf
ART-1499,Matheson,2017,Insomnia accounts for more than 5.5 million visits to family physicians each yea,AFP,VC_fail,RECO_VC_fail,Matheson_2017#@#ART-1499@#@.pdf,RECO_VC_fail,Matheson_2017#@#ART-1499@#@.pdf
ART-1500,Matheson,2024,"Approximately 30% of the U.S. population reports experiencing insomnia, with 5% ",AFP,VC_fail,RECO_VC_fail,Matheson_Brown_2024#@#ART-1500@#@.pdf,RECO_VC_fail,Matheson_Brown_2024#@#ART-1500@#@.pdf
ART-1501,Meisenheimer,2022,Acute diarrheal disease is a common cause of clinic visits and hospitalizations.,AFP,VC_fail,RECO_VC_fail,Meisenheimer_Epstein_2022#@#ART-1501@#@.pdf,RECO_VC_fail,Meisenheimer_Epstein_2022#@#ART-1501@#@.pdf
ART-1502,Meisenheimer,2025,Chronic Pelvic Pain in Women:​ Evaluation and Treatment,AFP,VC_fail,RECO_VC_fail,Meisenheimer_2025#@#ART-1502@#@.pdf,RECO_VC_fail,Meisenheimer_2025#@#ART-1502@#@.pdf
ART-1503,Miller,2023,Sodium abnormalities are common electrolyte disorders associated with significan,AFP,VC_fail,RECO_VC_fail,Miller_Stacey_2023#@#ART-1503@#@.pdf,RECO_VC_fail,Miller_Stacey_2023#@#ART-1503@#@.pdf
ART-1504,Moreland,2025,Migraine Headache Prophylaxis,AFP,VC_fail,RECO_VC_fail,Moreland_Gaffney_2025#@#ART-1504@#@.pdf,RECO_VC_fail,Moreland_Gaffney_2025#@#ART-1504@#@.pdf
ART-1505,Morikawa,2025,Acid-Base Interpretation:​ A Practical Approach,AFP,VC_fail,RECO_VC_fail,Morikawa_2025#@#ART-1505@#@.pdf,RECO_VC_fail,Morikawa_2025#@#ART-1505@#@.pdf
ART-1506,Mott,2018,"Hemorrhoids develop when the venous drainage of the anus is altered, causing the",AFP,VC_fail,RECO_VC_fail,Mott_Latimer_2018#@#ART-1506@#@.pdf,RECO_VC_fail,Mott_Latimer_2018#@#ART-1506@#@.pdf
ART-1507,Mounsey,2025,Hyperthyroidism:​ Diagnosis and Treatment,AFP,VC_fail,RECO_VC_fail,Mounsey_Paulus_2025#@#ART-1507@#@.pdf,RECO_VC_fail,Mounsey_Paulus_2025#@#ART-1507@#@.pdf
ART-1508,Mulhem,2025,Acute Bronchitis:​ Rapid Evidence Review,AFP,VC_fail,RECO_VC_fail,Mulhem_Patalinghug_2025#@#ART-1508@#@.pdf,RECO_VC_fail,Mulhem_Patalinghug_2025#@#ART-1508@#@.pdf
ART-1509,Muncie,2017,Dizziness is a common yet imprecise symptom. It was traditionally divided into f,AFP,VC_fail,RECO_VC_fail,Muncie_Sirmans_2017#@#ART-1509@#@.pdf,RECO_VC_fail,Muncie_Sirmans_2017#@#ART-1509@#@.pdf
ART-1510,Nelson,2025,Evaluation of Jaundice in Adults,AFP,VC_fail,RECO_VC_fail,Nelson_Mulani_2025#@#ART-1510@#@.pdf,RECO_VC_fail,Nelson_Mulani_2025#@#ART-1510@#@.pdf
ART-1511,Newman,2022,The prevalence of sacroiliac (SI) joint dysfunction is approximately 25% in adul,AFP,VC_fail,RECO_VC_fail,Newman_Soto_2022#@#ART-1511@#@.pdf,RECO_VC_fail,Newman_Soto_2022#@#ART-1511@#@.pdf
ART-1512,Nohria,2024,"Each year, acute coronary syndrome (ACS) affects more than 7 million people glob",AFP,VC_fail,RECO_VC_fail,Nohria_2024#@#ART-1512@#@.pdf,RECO_VC_fail,Nohria_2024#@#ART-1512@#@.pdf
ART-1513,Paladine,2021,Health maintenance for women of reproductive age (generally defined as 15 to 44 ,AFP,VC_fail,RECO_VC_fail,Paladine_Ekanadham_2021#@#ART-1513@#@.pdf,RECO_VC_fail,Paladine_Ekanadham_2021#@#ART-1513@#@.pdf
ART-1514,Partin,2024,Sarcoidosis is a multisystem granulomatous inflammatory disease that can affect ,AFP,VC_fail,RECO_VC_fail,Partin_Clebak_2024#@#ART-1514@#@.pdf,RECO_VC_fail,Partin_Clebak_2024#@#ART-1514@#@.pdf
ART-1515,Patel,2024,"Gallstones, or cholelithiasis, are highly prevalent, affecting an estimated 10% ",AFP,VC_fail,RECO_VC_fail,Patel_2024#@#ART-1515@#@.pdf,RECO_VC_fail,Patel_2024#@#ART-1515@#@.pdf
ART-1516,Plesa,2025,Health Maintenance in Postmenopausal Women,AFP,VC_fail,RECO_VC_fail,Plesa_Wong_2025#@#ART-1516@#@.pdf,RECO_VC_fail,Plesa_Wong_2025#@#ART-1516@#@.pdf
ART-1517,Powers,2023,Prenatal care necessitates balancing the benefits and harms of treatment for the,AFP,VC_fail,RECO_VC_fail,Powers_2023#@#ART-1517@#@.pdf,RECO_VC_fail,Powers_2023#@#ART-1517@#@.pdf
ART-1518,Ramírez,2023,Family physicians provide family-centered care for individuals and families befo,AFP,VC_fail,RECO_VC_fail,Ramírez_2023#@#ART-1518@#@.pdf,RECO_VC_fail,Ramírez_2023#@#ART-1518@#@.pdf
ART-1519,Randall,2022,Patients with oral disease may present to their family physician before a dentis,AFP,VC_fail,RECO_VC_fail,Randall_Westmark_2022#@#ART-1519@#@.pdf,RECO_VC_fail,Randall_Westmark_2022#@#ART-1519@#@.pdf
ART-1520,Raymond,2023,Asthma is one of the most common chronic diseases in primary care. It affects mo,AFP,VC_fail,RECO_VC_fail,Raymond_Coulter_2023#@#ART-1520@#@.pdf,RECO_VC_fail,Raymond_Coulter_2023#@#ART-1520@#@.pdf
ART-1521,Riley,2019,The goals of the health maintenance visit in school-aged children (five to 12 ye,AFP,VC_fail,RECO_VC_fail,Riley_Morrison_2019#@#ART-1521@#@.pdf,RECO_VC_fail,Riley_Morrison_2019#@#ART-1521@#@.pdf
ART-1522,Savard,2023,"Disorders of smell and taste affect a person’s quality of life, health, and safe",AFP,VC_fail,RECO_VC_fail,Savard_Ursua_2023#@#ART-1522@#@.pdf,RECO_VC_fail,Savard_Ursua_2023#@#ART-1522@#@.pdf
ART-1523,Sehgal,2024,Hearing loss is one of the most prevalent chronic conditions in the United State,AFP,VC_fail,RECO_VC_fail,Sehgal_Biggs_2024#@#ART-1523@#@.pdf,RECO_VC_fail,Sehgal_Biggs_2024#@#ART-1523@#@.pdf
ART-1524,Shen-Wagner,2023,Pleural effusion is excess fluid accumulation in the pleural space caused by dis,AFP,VC_fail,RECO_VC_fail,Shen-Wagner_Gamble_2023#@#ART-1524@#@.pdf,RECO_VC_fail,Shen-Wagner_Gamble_2023#@#ART-1524@#@.pdf
ART-1525,Shen-Wagner,2024,Diagnosing Common Benign Skin Tumors,AFP,VC_fail,RECO_VC_fail,Shen-Wagner_Amidon_2024#@#ART-1525@#@.pdf,RECO_VC_fail,Shen-Wagner_Amidon_2024#@#ART-1525@#@.pdf
ART-1526,Silver,2024,Foot fractures account for approximately one-third of lower extremity fractures ,AFP,VC_fail,RECO_VC_fail,Silver_Williams_2024#@#ART-1526@#@.pdf,RECO_VC_fail,Silver_Williams_2024#@#ART-1526@#@.pdf
ART-1527,Smith,2023,"Tonsillitis, or inflammation of the tonsils, makes up approximately 0.4% of outp",AFP,VC_fail,RECO_VC_fail,Smith_2023#@#ART-1527@#@.pdf,RECO_VC_fail,Smith_2023#@#ART-1527@#@.pdf
ART-1528,Snyder,2024,Skin findings in newborns can present a diagnostic challenge in distinguishing c,AFP,VC_fail,RECO_VC_fail,Snyder_2024#@#ART-1528@#@.pdf,RECO_VC_fail,Snyder_2024#@#ART-1528@#@.pdf
ART-1529,Straub,2024,Common Tongue Conditions in Primary Care,AFP,VC_fail,RECO_VC_fail,Straub_Schettini_2024#@#ART-1529@#@.pdf,RECO_VC_fail,Straub_Schettini_2024#@#ART-1529@#@.pdf
ART-1530,Sur,2022,Upper respiratory tract infections (URIs) account for millions of physician visi,AFP,VC_fail,RECO_VC_fail,Sur_2022#@#ART-1530@#@.pdf,RECO_VC_fail,Sur_2022#@#ART-1530@#@.pdf
ART-1531,Swisher,2025,Acute Monoarthritis:​ Diagnosis in Adults,AFP,VC_fail,RECO_VC_fail,Swisher_Sitton_2025#@#ART-1531@#@.pdf,RECO_VC_fail,Swisher_Sitton_2025#@#ART-1531@#@.pdf
ART-1532,Switaj,2017,Acute coronary syndrome continues to be a significant cause of morbidity and mor,AFP,VC_fail,RECO_VC_fail,Switaj_Christensen_2017#@#ART-1532@#@.pdf,RECO_VC_fail,Switaj_Christensen_2017#@#ART-1532@#@.pdf
ART-1533,Trayes,2019,"Erythema multiforme is an acute, typically self-limited skin condition with lesi",AFP,VC_fail,RECO_VC_fail,Trayes_Love_2019#@#ART-1533@#@.pdf,RECO_VC_fail,Trayes_Love_2019#@#ART-1533@#@.pdf
ART-1534,Unwin,2021,Approximately 19 million full- and part-time students were enrolled in U.S. coll,AFP,VC_fail,RECO_VC_fail,Unwin_Goodie_2021#@#ART-1534@#@.pdf,RECO_VC_fail,Unwin_Goodie_2021#@#ART-1534@#@.pdf
ART-1535,Vaughan,2024,More than 38 million people in the United States have diabetes mellitus;​ 90% to,AFP,VC_fail,RECO_VC_fail,Vaughan_2024#@#ART-1535@#@.pdf,RECO_VC_fail,Vaughan_2024#@#ART-1535@#@.pdf
ART-1536,Veauthier,2020,Urinary tract infections (UTIs) are common in children and are associated with s,AFP,VC_fail,RECO_VC_fail,Veauthier_2020#@#ART-1536@#@.pdf,RECO_VC_fail,Veauthier_2020#@#ART-1536@#@.pdf
ART-1537,Veauthier,2024,Diabetic Ketoacidosis:​ Evaluation and Treatment,AFP,VC_fail,RECO_VC_fail,Veauthier_2024#@#ART-1537@#@.pdf,RECO_VC_fail,Veauthier_2024#@#ART-1537@#@.pdf
ART-1538,Viera,2022,A detailed history and physical examination can distinguish between key features,AFP,VC_fail,RECO_VC_fail,Viera_2022#@#ART-1538@#@.pdf,RECO_VC_fail,Viera_2022#@#ART-1538@#@.pdf
ART-1539,Walling,2020,Patients with increasingly frequent headaches can develop disabling symptoms. Bi,AFP,VC_fail,RECO_VC_fail,Walling_2020#@#ART-1539@#@.pdf,RECO_VC_fail,Walling_2020#@#ART-1539@#@.pdf
ART-1540,Weaver-Agostoni,2023,Allergic rhinitis is the most common chronic disease of childhood and the fifth ,AFP,VC_fail,RECO_VC_fail,Weaver-Agostoni_Kosak_2023#@#ART-1540@#@.pdf,RECO_VC_fail,Weaver-Agostoni_Kosak_2023#@#ART-1540@#@.pdf
ART-1541,Weinfeld,2021,The home measurement of blood pressure allows patients with hypertension to beco,AFP,VC_fail,RECO_VC_fail,Weinfeld_Hart_2021#@#ART-1541@#@.pdf,RECO_VC_fail,Weinfeld_Hart_2021#@#ART-1541@#@.pdf
ART-1542,Wilbur,2017,Pulmonary embolism and deep venous thrombosis are the two most important manifes,AFP,VC_fail,RECO_VC_fail,Wilbur_2017#@#ART-1542@#@.pdf,RECO_VC_fail,Wilbur_2017#@#ART-1542@#@.pdf
