art_id,classification,url_class,dl_status,tier,citation_only,dl_bytes,dest_filename,author1,year,source_type,qid_count,url_used,ref_raw
ART-2000,searchable,open_access,skipped,VC_fail,0,0,,Acute,2022,Guideline/Org,1,https://www.cdc.gov/hepatitis-surveillance-2022/about/index.html,"Acute flaccid myelitis: clinicians & health departments. Centers for Disease Control and Prevention. Reviewed August 16, 2022."
ART-2001,searchable,direct_pdf,skipped,VC_fail,0,0,,Alcohol,2024,Guideline/Org,1,https://www.cdc.gov/mmwr/volumes/73/wr/pdfs/mm7308a1-H.pdf,"Alcohol and pregnancy: alcohol screening and brief intervention (SBI). Centers for Disease Control and Prevention. May 15, 2024."
ART-2002,searchable,direct_pdf,skipped,VC_fail,0,0,,American,2017,Other Journal,1,https://medquest.ro/docs/practice-bulletin-no-182-2017.pdf,American College of Obstetricians and Gynecologists' Committee on Practice Bulletins─Obstetrics. ACOG Practice Bulletin No. 187: neural tube defects. Obstet Gynecol. 2017;130(6):e279-e290.
ART-2003,searchable,landing_page,skipped,VC_fail,0,0,,American,2025,Other Journal,1,https://journals.lww.com/greenjournal/abstract/2025/01000/management_of_full_term_nulliparous_individuals.30.aspx,"American College of Obstetricians and Gynecologists; Torbenson VE, Caughey AB, Hoang M, Saposnik SR. Management of full-term nulliparous individuals without a medical indication for delivery: ACOG cli"
ART-2004,searchable,direct_pdf,skipped,VC_fail,0,0,,American,2018,Other Journal,1,https://www.qualityhealth.org/bree/wp-content/uploads/sites/8/2019/05/ACOG-optimizing-postpartum-care-2016.pdf,American College of Obstetricians and Gynecologists’ Committee on Gynecologic Practice. ACOG Committee Opinion No. 734: the role of transvaginal ultrasonography in evaluating the endometrium of women 
ART-2005,searchable,direct_pdf,skipped,VC_fail,0,0,,American,2025,Other Journal,1,https://www.whitehouse.gov/wp-content/uploads/2025/12/2025-National-Security-Strategy.pdf,American Diabetes Association Professional Practice Committee. 3. Prevention or delay of diabetes and associated comorbidities: standards of care in diabetes—2025. Diabetes Care. 2025;48(Supplement_1)
ART-2006,searchable,open_access,skipped,VC_fail,0,0,,Angus-Leppan,2018,Other Journal,1,https://www.bmj.com/content/360/bmj.k179.abstract,"Angus-Leppan H, Saatci D, Sutcliffe A, Guiloff RJ. Abdominal migraine. BMJ. 2018;360:k179."
ART-2007,searchable,landing_page,skipped,VC_fail,0,0,,Armstrong,2020,AFP,1,https://journals.sagepub.com/doi/full/10.1016/j.wem.2023.05.013,Armstrong C. Acute altitude illness: updated prevention and treatment guidelines from the Wilderness Medical Society. Am Fam Physician. 2020;101(8):505-507.
ART-2008,searchable,landing_page,skipped,VC_fail,0,0,,Armstrong,2020,JAMA,1,https://jamanetwork.com/journals/jama/article-abstract/2760741,"Armstrong MJ, Okun MS. Diagnosis and treatment of Parkinson disease: a review. JAMA. 2020;323(6):548-560."
ART-2009,searchable,open_access,skipped,VC_fail,0,0,,Arnold,2020,AFP,1,https://aafp.org/pubs/afp/issues/2020/0301/p275.html,"Arnold MJ, Jonas CE, Carter RE. Point-of-care ultrasonography. Am Fam Physician. 2020;101(5):275-285."
ART-2010,searchable,open_access,skipped,VC_fail,0,0,,Arnold,2021,AFP,1,https://www.aafp.org/pubs/afp/issues/2021/0501/p573.html,Arnold MJ. Eosinophilic esophagitis: management guidelines from the AGA and JTF. Am Fam Physician. 2021;103(9):573-574.
ART-2011,searchable,landing_page,skipped,VC_fail,0,0,,Arnold,2025,AFP,1,https://aaos.org/oahcpg2,Arnold MJ. Hip osteoarthritis: guidelines from the American Academy of Orthopaedic Surgeons. Am Fam Physician. 2025;111(1):90-91.
ART-2012,searchable,direct_pdf,skipped,VC_fail,0,0,,Arnold,2024,AFP,1,https://www.stroke-manual.com/wp-content/uploads/2024/03/2023-AHA-ASA-SAH-guidelines.pdf,Arnold MJ. Management of patients with aneurysmal subarachnoid hemorrhage: guidelines from the AHA and ASA. Am Fam Physician. 2024;110(2):204-206.
ART-2013,searchable,direct_pdf,skipped,VC_fail,0,0,,Arnold,2023,AFP,1,https://www.aafp.org/pubs/afp/issues/2023/1100/practice-guidelines-irritable-bowel-syndrome.pdf,Arnold MJ. Medications for irritable bowel syndrome: guidelines from the AGA. Am Fam Physician. 2023;108(5):527-529.
ART-2014,searchable,open_access,skipped,VC_fail,0,0,,Arnold,2023,AFP,1,https://www.aafp.org/pubs/afp/issues/2023/0500/practice-guidelines-nonalcoholic-fatty-liver-disease.html,Arnold MJ. Nonalcoholic fatty liver disease: diagnosis and management guidelines from the AACE. Am Fam Physician. 2023;107(5):554-556.
ART-2015,searchable,direct_pdf,skipped,VC_fail,0,0,,Bailey,2022,AFP,1,https://www.aafp.org/pubs/afp/issues/2022/0800/diverticular-disease.pdf,"Bailey J, Dattani S, Jennings A. Diverticular disease: rapid evidence review. Am Fam Physician. 2022;106(2):150-156."
ART-2016,textbook_fauci,citation_only,inserted,VC_fail,1,0,,Barman,2022,Textbook/Fauci,1,,"Barman JM, Skorecki K. Chronic kidney disease. In: Loscalzo J, Fauci AS, Kasper DL, Hauser SL, Longo DL, Jameson JL, eds. Harrison’s Principles of Internal Medicine. Vol 2. 21st ed. McGraw Hill; 2022:"
ART-2017,searchable,open_access,skipped,VC_fail,0,0,,Bhavsar,2016,AFP,1,https://www.aafp.org/pubs/afp/issues/2016/0101/p41.html,"Bhavsar AK, Gelner EJ, Shorma T. Common questions about the evaluation of acute pelvic pain. Am Fam Physician. 2016;93(1):41-48."
ART-2018,searchable,landing_page,skipped,VC_fail,0,0,,Both,2019,Other Journal,1,https://essm.org/publications/essm-position-statements/,"Both S, Lew-Starowicz M, Luria M, et al. Hormonal contraception and female sexuality: position statements from the European Society of Sexual Medicine (ESSM). J Sex Med. 2019;16(11):1681-1695."
ART-2019,searchable,landing_page,skipped,VC_fail,0,0,,Brown,2017,NEJM,1,https://kclpure.kcl.ac.uk/portal/en/publications/amyotrophic-lateral-sclerosis,"Brown RH, Al-Chalabi A. Amyotrophic lateral sclerosis. N Engl J Med. 2017;377(2):162- 172."
ART-2020,searchable,direct_pdf,skipped,VC_fail,0,0,,Buelt,2023,AFP,1,https://www.healthquality.va.gov/guidelines/MH/mdd/VADODMDDCPGFinal508.pdf,Buelt A. Management of major depression: guidelines from the VA/DoD. Am Fam Physician. 2023;107(3):323-325.
ART-2021,searchable,open_access,skipped,VC_fail,0,0,,Cagle,2023,AFP,2,https://www.aafp.org/pubs/afp/issues/2023/0600/chronic-obstructive-pulmonary-disease.html,"Cagle SD Jr, Landrum LS, Kennedy AM. Chronic obstructive pulmonary disease: diagnosis and management. Am Fam Physician. 2023;107(6):604-612."
,textbook_skip,skipped,skipped,,,0,,Carabello,2024,Textbook,1,,"Carabello BA, Kodali S. Valvular heart disease. In: Goldman L, Cooney KA, eds. Goldman- Cecil Medicine. 27th ed. Vol. 1. Elsevier; 2024:400-406. Grimard BH, Safford RE, Burns EL. Aortic stenosis: diag"
ART-2022,searchable,open_access,skipped,VC_fail,0,0,,Castelli,2020,AFP,1,https://www.aafp.org/pubs/afp/issues/2020/1215/p732.html,"Castelli G, Desai KM, Cantone RE. Peripheral neuropathy: evaluation and differential diagnosis. Am Fam Physician. 2020;102(12):732-739."
ART-2023,searchable,landing_page,skipped,VC_fail,0,0,,Charoensri,2024,JAMA,1,https://jamanetwork.com/journals/jamainternalmedicine/article-abstract/2813853,"Charoensri S, Bashaw L, Dehmlow C, Ellies T, Wyckoff J, Turcu AF. Evaluation of a best- practice advisory for primary aldosteronism screening. JAMA Intern Med. 2024;184(2):174-182."
ART-2024,searchable,open_access,skipped,VC_fail,0,0,,Childress,2022,AFP,2,https://aafp.org/pubs/afp/issues/2022/0600/p631.html,"Childress MA, Olivas J, Crutchfield A. Common finger fractures and dislocations. Am Fam Physician. 2022;105(6):631-639."
ART-2025,searchable,open_access,skipped,VC_fail,0,0,,Childress,2020,AFP,1,https://aafp.org/pubs/afp/issues/2020/0801/p150.html,"Childress MA, Stuek SJ. Neck pain: initial evaluation and management. Am Fam Physician. 2020;102(3):150-156."
ART-2026,searchable,open_access,skipped,VC_fail,0,0,,Chu,2017,AFP,1,https://aafp.org/pubs/afp/issues/2017/0801/p161.html,"Chu C, Pollock LC, Selwyn PA. HIV-associated complications: a systems-based approach. Am Fam Physician. 2017;96(3):161-169."
ART-2027,searchable,pmc_fulltext,skipped,VC_fail,0,0,,Claassen,2022,Other Journal,1,https://pmc.ncbi.nlm.nih.gov/articles/PMC9987649/,"Claassen J, Park S. Spontaneous subarachnoid haemorrhage. Lancet. 2022;400(10355):846-862."
ART-2028,searchable,open_access,skipped,VC_fail,0,0,,Clarke,2023,AFP,1,https://www.aafp.org/pubs/afp/issues/2023/1000/hypertension-adults.html,Clarke SL. Hypertension in adults: initial evaluation and management. Am Fam Physician. 2023;108(4):352-359.
ART-2029,searchable,landing_page,skipped,VC_fail,0,0,,Committee,2014,Other Journal,1,https://pubmed.ncbi.nlm.nih.gov/25266430/,"Committee on Adolescence; Braverman PK, Adelman WP, et al. Contraception for adolescents. Pediatrics. 2014;134(4):e1244-e1256."
ART-2030,searchable,landing_page,skipped,VC_fail,0,0,,Cowan,2022,JAMA,1,https://jamanetwork.com/journals/jama/article-abstract/2788522,"Cowan AJ, Green DJ, Kwok M, et al. Diagnosis and management of multiple myeloma: a review. JAMA. 2022;327(5):464-477."
ART-2031,searchable,open_access,skipped,VC_fail,0,0,,Dalrymple,2023,AFP,2,https://www.aafp.org/pubs/afp/issues/2023/0400/bell-palsy.html,"Dalrymple SN, Row JH, Gazewood J. Bell palsy: rapid evidence review. Am Fam Physician. 2023;107(4):415-420."
,textbook_skip,skipped,skipped,,,0,,Deutsch,2016,Textbook,1,,"Deutsch MB. Guidelines for the primary and gender-affirming care of transgender and gender nonbinary people; 2nd edition. UCSF Gender Affirming Health Program, Department of Family and Community Medic"
ART-2032,searchable,landing_page,skipped,VC_fail,0,0,,Dictionary,2025,Guideline/Org,1,https://www.cancer.gov/publications/dictionaries,"Dictionary of genetics terms: autosomal recessive inheritance. National Cancer Institute at the National Institutes of Health. Accessed February 16, 2025. Collins MS, Mansilla-Rivera K. Diagnostic and"
ART-2033,searchable,direct_pdf,skipped,VC_fail,0,0,,Differentiated,2022,Guideline/Org,1,https://iris.who.int/bitstream/handle/10665/360861/9789240053694-eng.pdf,"Differentiated and simplified pre-exposure prophylaxis for HIV prevention: update to WHO implementation guidance. World Health Organization; July 27, 2022. Biggins SW, Angeli P, Garcia-Tsao G, et al. "
ART-2034,searchable,direct_pdf,skipped,VC_fail,0,0,,Diseases,2021,Guideline/Org,1,https://www.cdc.gov/std/treatment-guidelines/STI-Guidelines-2021.pdf,"Diseases characterized by urethritis and cervicitis. Sexually Transmitted Infections Treatment Guidelines, 2021. Centers for Disease Control and Prevention. Reviewed September 21, 2022. Mycoplasma gen"
ART-2035,searchable,landing_page,skipped,VC_fail,0,0,,Dornblaser,2024,Other Journal,1,https://journals.lww.com/co-gastroenterology/abstract/2024/01000/colon_polyps__updates_in_classification_and.4.aspx,"Dornblaser D, Young S, Shaukat A. Colon polyps: updates in classification and management. Curr Opin Gastroenterol. 2024;40(1):14-20."
ART-2036,textbook_fauci,citation_only,inserted,VC_fail,1,0,,Douglas,2022,Textbook/Fauci,1,,"Douglas VC, Hauser SL. Trigeminal neuralgia, Bell’s palsy, and other cranial nerve disorders. In: Loscalzo J, Fauci AS, Kasper DL, Hauser SL, Longo DL, Jameson JL, eds. Harrison's Principles of Intern"
ART-2037,searchable,direct_pdf,skipped,VC_fail,0,0,,Dowell,2022,Guideline/Org,1,https://www.cdc.gov/mmwr/volumes/71/rr/pdfs/rr7103a1-H.pdf,"Dowell D, Ragan KR, Jones CM, Baldwin GT, Chou R. CDC clinical practice guideline for prescribing opioids for pain—United States, 2022. MMWR Recomm Rep. 2022;71(3):1-95."
ART-2038,searchable,landing_page,skipped,VC_fail,0,0,,Drugs,2023,Other Journal,1,https://secure.medicalletter.org/product/drugs-of-choice-2023-handbook/,Drugs for chronic insomnia. Med Lett Drugs Ther. 2023;65(1667):1-6.
ART-2039,searchable,open_access,skipped,VC_fail,0,0,,Edi,2022,AFP,1,https://aafp.org/pubs/afp/issues/2022/1000/endometriosis.html,"Edi R, Cheng T. Endometriosis: evaluation and treatment. Am Fam Physician. 2022;106(4):397-404."
ART-2040,searchable,direct_pdf,skipped,VC_fail,0,0,,Edlow,2021,Other Journal,1,https://intjem.biomedcentral.com/counter/pdf/10.1186/s12245-021-00353-w.pdf,Edlow J. Diagnosing subarachnoid hemorrhage. J Emerg Med. 2021;61(5):623-624.
ART-2041,textbook_fauci,citation_only,inserted,VC_fail,1,0,,El,2024,Textbook/Fauci,1,,"El Melhat AM, Youssef ASA, Zebdawi MR, Hafez MA, Khalil LH, Harrison DE. Non-surgical approaches to the management of lumbar disc herniation associated with radiculopathy: a narrative review. J Clin M"
ART-2042,searchable,landing_page,skipped,VC_fail,0,0,,Ellis,2014,AFP,1,http://search.proquest.com/openview/022b3eb2ff009b73857d5369454083fd/1?cbl=35707&pq-origsite=gscholar,"Ellis R, Ellis C. Dog and cat bites. Am Fam Physician. 2014;90(4):239-243."
ART-2043,searchable,direct_pdf,skipped,VC_fail,0,0,,Erlandson,2023,AFP,2,https://www.aafp.org/pubs/afp/issues/2023/0200/skin-conditions-during-pregnancy.pdf,"Erlandson M, Wertz MC, Rosenfeld E. Common skin conditions during pregnancy. Am Fam Physician. 2023;107(2):152-158."
ART-2044,searchable,landing_page,skipped,VC_fail,0,0,,FDA,2019,NEJM,1,https://www.fda.gov/news-events/fda-newsroom/press-announcements,"FDA approves new nasal spray medication for treatment-resistant depression; available only at a certified doctor's office or clinic. PR Newswire, 2019. Miller L, Campo JV. Depression in adolescents. N"
ART-2045,searchable,landing_page,skipped,VC_fail,0,0,,Fang,2020,Other Journal,1,https://pubmed.ncbi.nlm.nih.gov/32657057/,"Fang X, Huda R. Acute flaccid myelitis (AFM): current status and diagnostic challenges. J Clin Neurol. 2020;16(3):376-382."
ART-2046,searchable,open_access,skipped,VC_fail,0,0,,Farahi,2021,AFP,1,https://www.aafp.org/pubs/afp/issues/2021/0201/p168.html,"Farahi N, McEachern M. Sexual assault of women. Am Fam Physician. 2021;103(3):168- 176."
ART-2047,searchable,open_access,skipped,VC_fail,0,0,,Final,2019,Guideline/Org,1,https://www.uspreventiveservicestaskforce.org/Page/Document/final-evidence-review-nonpregnant-adolescents-and-adults/human-immunodeficiency-virus-hiv-infection-screening1,"Final recommendation statement: BRCA-related cancer: risk assessment, genetic counseling, and genetic testing. US Preventive Services Task Force. Updated August 20, 2019."
ART-2048,searchable,direct_pdf,skipped,VC_fail,0,0,,Final,2022,Guideline/Org,1,https://www.uspreventiveservicestaskforce.org/files/Partner_Pilot_Document_12_20.pdf,"Final recommendation statement: anxiety in children and adolescents: screening. US Preventive Services Task Force. Updated October 11, 2022. Final recommendation statement: chlamydia and gonorrhea: sc"
ART-2049,searchable,open_access,skipped,VC_fail,0,0,,Final,2016,Guideline/Org,1,https://www.uspreventiveservicestaskforce.org/uspstf/recommendation/skin-cancer-screening-july-2016,"Final recommendation statement: autism spectrum disorder in young children: screening. US Preventive Services Task Force. Updated February 16, 2016. Hyman SL, Levy SE, Myers SM, et al; Council on Chil"
ART-2050,searchable,open_access,skipped,VC_fail,0,0,,Final,2018,Guideline/Org,1,https://www.uspreventiveservicestaskforce.org/Page/Document/final-evidence-review/prostate-cancer-screening1,"Final recommendation statement: cervical cancer: screening. US Preventive Services Task Force. August 21, 2018. Final recommendation statement: skin cancer: screening. US Preventive Services Task Forc"
ART-2051,searchable,open_access,skipped,VC_fail,0,0,,Final,2024,Guideline/Org,1,https://www.uspreventiveservicestaskforce.org/uspstf/announcements/clinical-practice-update-notable-uspstf-2024-final-recommendations,"Final recommendation statement: falls prevention in community-dwelling older adults: interventions. US Preventive Services Task Force. Updated June 4, 2024. Herness J, Sanders J, James J. Environmenta"
ART-2052,searchable,direct_pdf,skipped,VC_fail,0,0,,Final,2023,Guideline/Org,1,https://www.uspreventiveservicestaskforce.org/files/uspstf-2023-year-in-review.pdf,"Final recommendation statement: genital herpes infection: serologic screening. US Preventive Services Task Force. Updated February 14, 2023."
ART-2053,searchable,open_access,skipped,VC_fail,0,0,,Final,2019,Guideline/Org,1,https://www.uspreventiveservicestaskforce.org/Page/Document/final-evidence-review-nonpregnant-adolescents-and-adults/human-immunodeficiency-virus-hiv-infection-screening1,"Final recommendation statement: human immunodeficiency virus (HIV) infection: screening. US Preventive Services Task Force. Updated June 11, 2019. Final recommendation statement: cervical cancer: scre"
ART-2054,searchable,open_access,skipped,VC_fail,0,0,,Final,2015,Guideline/Org,1,https://www.uspreventiveservicestaskforce.org/Home/GetFile/1/374/hbpscreenfinalrs/pdf,"Final recommendation statement: iron deficiency anemia in young children: screening. US Preventive Services Task Force. Updated September 7, 2015."
ART-2055,searchable,open_access,skipped,VC_fail,0,0,,Final,2021,Guideline/Org,1,https://www.uspreventiveservicestaskforce.org/uspstf/document/final-decision-analysis/lung-cancer-screening,"Final recommendation statement: prediabetes and type 2 diabetes: screening. US Preventive Services Task Force. August 24, 2021. Final recommendation statement: gestational diabetes: screening. US Prev"
ART-2056,searchable,open_access,skipped,VC_fail,0,0,,Final,2021,Guideline/Org,1,https://www.uspreventiveservicestaskforce.org/uspstf/document/final-decision-analysis/lung-cancer-screening,"Final recommendation statement: tobacco smoking cessation in adults, including pregnant persons: interventions. US Preventive Services Task Force. Updated January 19, 2021. Levett JY, Filion KB, Reyni"
ART-2057,searchable,open_access,skipped,VC_fail,0,0,,Final,2018,Guideline/Org,1,https://www.uspreventiveservicestaskforce.org/Page/Document/final-evidence-review/prostate-cancer-screening1,"Final recommendation statement: unhealthy alcohol use in adolescents and adults: screening and behavioral counseling interventions. US Preventive Services Task Force. Updated November 13, 2018. O'Conn"
ART-2058,searchable,open_access,skipped,VC_fail,0,0,,Final,2020,Guideline/Org,1,https://www.uspreventiveservicestaskforce.org/uspstf/document/final-evidence-review-screening/drug-use-illicit-screening,"Final recommendation statement: unhealthy drug use: screening. US Preventive Services Task Force. Updated June 9, 2020. Final recommendation statement: skin cancer: screening. US Preventive Services T"
ART-2059,searchable,open_access,skipped,VC_fail,0,0,,Firnhaber,2019,AFP,3,https://aafp.org/pubs/afp/issues/2019/0315/p362.html,"Firnhaber JM, Powell CS. Lower extremity peripheral artery disease: diagnosis and treatment. Am Fam Physician. 2019;99(6):362-369."
ART-2060,searchable,open_access,skipped,VC_fail,0,0,,Firnhaber,2020,AFP,1,https://aafp.org/pubs/afp/issues/2020/0915/p339.html,Firnhaber JM. Basal cell and cutaneous squamous cell carcinomas: diagnosis and treatment. Am Fam Physician. 2020;102(6):339-346.
ART-2061,searchable,landing_page,skipped,VC_fail,0,0,,Fitzgibbons,2015,NEJM,1,https://www.nejm.org/doi/full/10.1056/NEJMcp1404068,"Fitzgibbons RJ Jr, Forse RA. Groin hernias in adults. N Engl J Med. 2015;372(8):756-763."
ART-2062,searchable,open_access,skipped,VC_fail,0,0,,Fitzgibbons,2006,JAMA,1,https://www.aafp.org/pubs/afp/issues/2006/0515/p1814a.html,"Fitzgibbons RJ Jr, Giobbie-Hurder A, Gibbs JO, et al. Watchful waiting vs repair of inguinal hernia in minimally symptomatic men: a randomized clinical trial. JAMA. 2006;295(3):285- 292."
ART-2063,searchable,open_access,skipped,VC_fail,0,0,,Folic,2025,Guideline/Org,1,https://www.cdc.gov/folic-acid/index.html,"Folic acid: facts for clinicians. Centers for Disease Control and Prevention. Reviewed May 20, 2025. Final recommendation statement: folic acid supplementation to prevent neural tube defects: preventi"
ART-2064,searchable,open_access,skipped,VC_fail,0,0,,Fontham,2020,Other Journal,1,https://acsjournals.onlinelibrary.wiley.com/doi/full/10.3322/caac.21628,"Fontham ETH, Wolf AMD, Church TR, et al. Cervical cancer screening for individuals at average risk: 2020 guideline update from the American Cancer Society. CA Cancer J Clin. 2020;70(5):321-346."
ART-2065,searchable,landing_page,skipped,VC_fail,0,0,,Ford,2022,AFP,1,https://www.healthquality.va.gov/guidelines/mh/sud/,"Ford B, Smith E, Richards A. Management of substance use disorders: guidelines from the VA/DoD. Am Fam Physician. 2022;106(4):466-469."
ART-2066,searchable,open_access,skipped,VC_fail,0,0,,Ford,2021,AFP,1,https://aafp.org/pubs/afp/issues/2021/0301/p314.html,Ford B. Colonoscopy follow-up: U.S. Multi-Society Task Force on Colorectal Cancer Updates recommendations. Am Fam Physician. 2021;103(5):314-316.
ART-2067,searchable,direct_pdf,skipped,VC_fail,0,0,,Foster,2023,AFP,1,https://www.aafp.org/pubs/afp/issues/2023/0100/polyarticular-joint-pain.pdf,"Foster ZJ, Day AL, Miller J. Polyarticular joint pain in adults: evaluation and differential diagnosis. Am Fam Physician. 2023;107(1):42-51."
ART-2068,searchable,open_access,skipped,VC_fail,0,0,,Frazier,2024,AFP,1,https://www.aafp.org/pubs/afp/issues/2024/0600/rosacea.html,"Frazier W, Zemtsov RK, Ge Y. Rosacea: common questions and answers. Am Fam Physician. 2024;109(6):533-542."
ART-2069,searchable,open_access,skipped,VC_fail,0,0,,Gaddey,2024,AFP,1,https://www.aafp.org/pubs/afp/issues/2024/0500/treatment-resistant-depression.html,"Gaddey HL, Mason B, Naik A. Depression: managing resistance and partial response to treatment. Am Fam Physician. 2024;109(5):410-416."
ART-2070,searchable,direct_pdf,skipped,VC_fail,0,0,,Gaddey,2016,AFP,1,https://www.aafp.org/pubs/afp/issues/2016/1201/p896.pdf,"Gaddey HL, Riegel AM. Unexplained lymphadenopathy: evaluation and differential diagnosis. Am Fam Physician. 2016;94(11):896-903."
ART-2071,searchable,direct_pdf,skipped,VC_fail,0,0,,Gauer,2022,AFP,2,https://www.aafp.org/pubs/afp/issues/2022/0900/thrombocytopenia.pdf,"Gauer RL, Whitaker DJ. Thrombocytopenia: evaluation and management. Am Fam Physician. 2022;106(3):288-298."
ART-2072,searchable,direct_pdf,skipped,VC_fail,0,0,,Gemtesa,2020,Other Journal,1,https://www.gemtesa.com/files/gemtesa-prescribing-information.pdf,Gemtesa (vibegron) tablets. Prescribing information. US Food and Drug Administration; revised December 2020.
ART-2073,searchable,open_access,skipped,VC_fail,0,0,,Goldschmidt,2021,AFP,1,https://www.aafp.org/pubs/afp/issues/2021/0401/p407.html,"Goldschmidt R, Chu C. HIV infection in adults: initial management. Am Fam Physician. 2021;103(7):407-416."
ART-2074,searchable,direct_pdf,skipped,VC_fail,0,0,,Gupta,2020,Other Journal,1,https://www.asge.org/docs/default-source/guidelines/recommendations-for-follow-up-after-colonoscopy-and-polypectomy-a-consensus-update-by-the-us-multi-society-task-force-on-colorectal-cancer-2020-march-gie.pdf,"Gupta S, Lieberman D, Anderson JC, et al. Recommendations for follow-up after colonoscopy and polypectomy: a consensus update by the US Multi-Society Task Force on Colorectal Cancer. Gastroenterology."
,textbook_skip,skipped,skipped,,,0,,Harden,2022,Textbook,1,,"Harden RN, McCabe CS, Goebel A, et al. Complex regional pain syndrome: practical diagnostic and treatment guidelines, 5th edition. Pain Med. 2022;23(suppl 1):S1-S53."
ART-2075,searchable,open_access,skipped,VC_fail,0,0,,Hawks,2020,AFP,2,https://aafp.org/pubs/afp/issues/2020/0215/p206.html,"Hawks MK, Svarverud JE. Acute lower gastrointestinal bleeding: evaluation and management. Am Fam Physician. 2020;101(4):206-212."
,textbook_skip,skipped,skipped,,,0,,Headache,2018,Textbook,1,,"Headache Classification Committee of the International Headache Society (IHS). The international classification of headache disorders, 3rd edition. Cephalalgia. 2018;38(1):1-211."
ART-2076,searchable,landing_page,skipped,VC_fail,0,0,,Heidelbaugh,2024,AFP,1,https://www.ovid.com/journals/afph/fulltext/00000405-202406000-00011~testosterone-replacement-therapy-for-male-hypogonadism,"Heidelbaugh JJ, Belakovskiy A. Testosterone replacement therapy for male hypogonadism. Am Fam Physician. 2024;109(6):543-549."
ART-2077,searchable,landing_page,skipped,VC_fail,0,0,,Heidenreich,2022,Other Journal,1,https://www.jacc.org/doi/10.1016/j.jacc.2021.12.011,"Heidenreich PA, Bozkurt B, Aguilar D, et al. 2022 AHA/ACC/HFSA guideline for the management of heart failure: executive summary: a report of the American College of Cardiology/American Heart Associati"
ART-2078,searchable,landing_page,skipped,VC_fail,0,0,,Henderson,2021,Other Journal,1,https://jamanetwork.com/journals/jama/fullarticle/2784505,"Henderson JT, Vesco KK, Senger CA, Thomas RG, Redmond N. Aspirin Use to Prevent Preeclampsia and Related Morbidity and Mortality. Agency for Healthcare Research and Quality (US); 2021. American Colleg"
ART-2079,searchable,landing_page,skipped,VC_fail,0,0,,Hoh,2023,Other Journal,1,https://www.ahajournals.org/doi/10.1161/STR.0000000000000436,"Hoh BL, Ko NU, Amin-Hanjani S, et al. 2023 guideline for the management of patients with aneurysmal subarachnoid hemorrhage: a guideline from the American Heart Association/American Stroke Association"
ART-2080,searchable,landing_page,skipped,VC_fail,0,0,,Holt,2016,AFP,1,https://pubmed.ncbi.nlm.nih.gov/26926816/,"Holt JD, Garrett WA, McCurry TK, Teichman JM. Common questions about chronic prostatitis. Am Fam Physician. 2016;93(4):290-296."
ART-2081,searchable,open_access,skipped,VC_fail,0,0,,Hoover,2019,AFP,1,https://aafp.org/pubs/afp/issues/2019/0801/p186.html,Hoover L. Infantile hemangioma: AAP releases guideline for management. Am Fam Physician. 2019;100(3):186-187.
ART-2082,searchable,pmc_fulltext,skipped,VC_fail,0,0,,Houston,2015,Other Journal,1,https://ncbi.nlm.nih.gov/pmc/articles/PMC4309724/,"Houston BA, Stevens GR. Hypertrophic cardiomyopathy: a review. Clin Med Insights Cardiol. 2015;8(suppl 1):53-65."
ART-2083,searchable,landing_page,skipped,VC_fail,0,0,,Husebye,2014,Other Journal,1,https://onlinelibrary.wiley.com/doi/10.1111/joim.12162,"Husebye ES, Allolio B, Arlt W, et al. Consensus statement on the diagnosis, treatment and follow-up of patients with primary adrenal insufficiency. J Intern Med. 2014;275(2):104-115."
ART-2084,searchable,landing_page,skipped,VC_fail,0,0,,Hwang,2020,Other Journal,1,https://stanfordhealthcare.org/publications/790/790797.html,Hwang C. Calculated decisions: Ottawa knee rule. Emerg Med Pract. 2020;22(suppl 8):CD11-CD12.
ART-2085,searchable,landing_page,skipped,VC_fail,0,0,,Ingelfinger,2021,NEJM,1,https://www.nejm.org/doi/full/10.1056/NEJMra1604481,Ingelfinger JR. Hematuria in adults. N Engl J Med. 2021;385(2):153-163.
ART-2086,searchable,landing_page,skipped,VC_fail,0,0,,Islam,2019,Other Journal,1,https://www.thelancet.com/journals/landia/article/PIIS2213-8587(19)30189-5/abstract,"Islam RM, Bell RJ, Green S, Page MJ, Davis SR. Safety and efficacy of testosterone for women: a systematic review and meta-analysis of randomised controlled trial data. Lancet Diabetes Endocrinol. 201"
ART-2087,searchable,pmc_fulltext,skipped,VC_fail,0,0,,Ito,2018,Other Journal,1,https://ncbi.nlm.nih.gov/pmc/articles/PMC5747542/,"Ito T, Lee L, Jensen RT. Carcinoid-syndrome: recent advances, current status and controversies. Curr Opin Endocrinol Diabetes Obes. 2018;25(1):22-35."
ART-2088,searchable,landing_page,skipped,VC_fail,0,0,,Kandiah,2022,Other Journal,1,https://www.benthamdirect.com/content/journals/ccr/10.2174/1573403X17666210909123930,"Kandiah JW, Blumberger DM, Rabkin SW. The fundamental basis of palpitations: a neurocardiology approach. Curr Cardiol Rev. 2022;18(3):e090921196306."
ART-2089,searchable,landing_page,skipped,VC_fail,0,0,,Khairani,2023,Other Journal,1,https://www.jacc.org/doi/10.1016/j.jacc.2022.10.008,"Khairani CD, Bejjani A, Piazza G, et al. Direct oral anticoagulants vs vitamin K antagonists in patients with antiphospholipid syndromes: meta-analysis of randomized trials. J Am Coll Cardiol. 2023;81"
ART-2090,searchable,open_access,skipped,VC_fail,0,0,,Khan,2021,AFP,2,https://www.aafp.org/pubs/afp/issues/2021/0101/p33.html,"Khan M, Chollet A. Breast cancer screening: common questions and answers. Am Fam Physician. 2021;103(1):33-41."
ART-2091,searchable,open_access,skipped,VC_fail,0,0,,Khatib,2021,Other Journal,1,https://academic.oup.com/pmj/article/97/1149/452/6969550,"Khatib R, Sabir FRN, Omari C, Pepper C, Tayebjee MH. Managing drug-induced QT prolongation in clinical practice. Postgrad Med J. 2021;97(1149):452-458."
ART-2092,searchable,open_access,skipped,VC_fail,0,0,,Kim,2023,AFP,1,https://aafp.org/pubs/afp/issues/2023/0100/potassium-disorders-hypokalemia-hyperkalemia.html,"Kim MJ, Valerio C, Knobloch GK. Potassium disorders: hypokalemia and hyperkalemia. Am Fam Physician. 2023;107(1):59-70."
,textbook_skip,skipped,skipped,,,0,,Kosowsky,2018,Textbook,1,,"Kosowsky JM, Harbison Kimberly H. Pleural disease. In: Walls RM, Hockberger RS, Gausche-Hill M, et al, eds. Rosen’s Emergency Medicine: Concepts and Clinical Practice. Vol 1. 9th ed. Elsevier; 2018:88"
ART-2093,searchable,landing_page,skipped,VC_fail,0,0,,Kuba,2018,Other Journal,1,https://journals.lww.com/pedorthopaedics/abstract/2018/07000/one_brace__one_visit__treatment_of_pediatric.12.aspx,"Kuba MHM, Izuka BH. One brace: one visit: treatment of pediatric distal radius buckle fractures with a removable wrist brace and no follow-up visit. J Pediatr Orthop. 2018;38(6):e338-e342."
ART-2094,searchable,open_access,skipped,VC_fail,0,0,,Kumar,2022,Other Journal,1,https://jcp.bmj.com/content/75/7/433,"Kumar R, Wassif WS. Adrenal insufficiency. J Clin Pathol. 2022;75(7):435-442."
ART-2095,searchable,landing_page,skipped,VC_fail,0,0,,Lam,2024,AFP,1,https://www.clinicalmicrobiologyandinfection.com/article/S1198-743X(22)00311-1/fulltext,"Lam JC, Stokes W. Acute and chronic prostatitis. Am Fam Physician. 2024;110(1):45-51."
ART-2096,searchable,landing_page,skipped,VC_fail,0,0,,Lam,2023,AFP,1,https://www.proquest.com/openview/f91fe5f8ffcc953db3ecf297b63d9f21/1?cbl=35707&pq-origsite=gscholar,"Lam NCV, Brown JA, Sharma R. Systemic lupus erythematosus: diagnosis and treatment. Am Fam Physician. 2023;107(4):383-395."
ART-2097,searchable,open_access,skipped,VC_fail,0,0,,Lambert,2016,AFP,1,https://aafp.org/pubs/afp/issues/2016/0815/p324.html,Lambert M. AAP updates recommendations for routine preventive pediatric health care. Am Fam Physician. 2016;94(4):324.
ART-2098,searchable,landing_page,skipped,VC_fail,0,0,,Langan,2023,AFP,1,https://pubmed.ncbi.nlm.nih.gov/36920823/,"Langan RC, Goodbred AJ. Pulmonary nodules: common questions and answers. Am Fam Physician. 2023;107(3):282-291."
ART-2099,searchable,open_access,skipped,VC_fail,0,0,,Langan,2022,AFP,1,https://aafp.org/pubs/afp/issues/2022/0800/scrotal-masses.html,"Langan RC, Puente MEE. Scrotal masses. Am Fam Physician. 2022;106(2):184-189."
ART-2100,searchable,open_access,skipped,VC_fail,0,0,,Larsen,2022,Other Journal,1,https://www.mdpi.com/2072-6643/14/22/4738,"Larsen P, Ahmed M. Evaluation of biological activities and medicinal properties of honey drops and honey lozenges. Nutrients. 2022;14(22):4738."
ART-2101,searchable,open_access,skipped,VC_pass,0,0,,Larson,2023,AFP,2,https://www.aafp.org/pubs/afp/issues/2023/0700/ischemic-stroke.html,"Larson ST, Ray BE, Wilbur J. Ischemic stroke management: posthospitalization and transition of care. Am Fam Physician. 2023;108(1):70-77."
ART-2102,searchable,open_access,skipped,VC_fail,0,0,,Lauters,2022,AFP,1,https://aafp.org/pubs/afp/issues/2022/1100/enuresis-children.html,"Lauters RA, Garcia KW, Arnold JJ. Enuresis in children: common questions and answers. Am Fam Physician. 2022;106(5):549-556."
ART-2103,textbook_fauci,citation_only,inserted,VC_fail,1,0,,Lawley,2022,Textbook/Fauci,1,,"Lawley LP, Cheeley JT, Swerlick RA. Eczema, psoriasis, cutaneous infections, acne, and other common skin disorders. In: Loscalzo J, Kasper DL, Longo DL, Fauci AS, Hauser SL, Jameson JL, eds. Harrison'"
ART-2104,searchable,landing_page,skipped,VC_fail,0,0,,Lee,2023,JAMA,1,https://jamanetwork.com/journals/jama/article-abstract/2810692,"Lee SY, Pearce EN. Hyperthyroidism: a review. JAMA. 2023;330(15):1472-1483."
ART-2105,searchable,pmc_fulltext,skipped,VC_fail,0,0,,Levey,2020,Other Journal,1,http://www.ncbi.nlm.nih.gov/pmc/articles/7745658,"Levey AS, Eckardt KU, Dorman NM, et al. Nomenclature for kidney function and disease: report of a Kidney Disease: Improving Global Outcomes (KDIGO) Consensus Conference. Kidney Int. 2020;97(6):1117-11"
ART-2106,searchable,pmc_fulltext,skipped,VC_fail,0,0,,Lim,2016,Other Journal,1,https://ncbi.nlm.nih.gov/pmc/articles/PMC5933619/,Lim RBL. End-of-life care in patients with advanced lung cancer. Ther Adv Respir Dis. 2016;10(5):455-467.
ART-2107,searchable,landing_page,skipped,VC_fail,0,0,,Lin,2015,Other Journal,1,https://www.umbjournal.org/article/S0301-5629(15)00426-3/abstract,"Lin CY, Lin CC, Chou YC, Chen PY, Wang CL. Heel pad stiffness in plantar heel pain by shear wave elastography. Ultrasound Med Biol. 2015;41(11):2890-2898."
ART-2108,searchable,landing_page,skipped,VC_fail,0,0,,Liu,2021,Other Journal,1,https://link.springer.com/article/10.1007/s00464-020-07947-0?error=cookies_not_supported&code=7b6f826f-9bdc-42d6-a551-e32e21de925e,"Liu N, Prout TM, Xu Y, et al. Unnecessary use of radiology studies in the diagnosis of inguinal hernias: a retrospective cohort study. Surg Endosc. 2021;35(8):4444-4451."
ART-2109,searchable,direct_pdf,skipped,VC_fail,0,0,,Liu,2023,Other Journal,1,https://jhoonline.biomedcentral.com/counter/pdf/10.1186/s13045-023-01401-z.pdf,"Liu XG, Hou Y, Hou M. How we treat primary immune thrombocytopenia in adults. J Hematol Oncol. 2023;16(4)."
ART-2110,searchable,landing_page,skipped,VC_fail,0,0,,Lozano-Ortega,2020,Other Journal,1,https://link.springer.com/content/pdf/10.1007/s40266-020-00792-9.pdf?error=cookies_not_supported&code=fa670cb9-ea84-4e92-94b9-3fd276d8d45f,"Lozano-Ortega G, Walker DR, Johnston K, et al. Comparative safety and efficacy of treatments for overactive bladder among older adults: a network meta-analysis. Drugs Aging. 2020;37(11):801-816."
ART-2111,searchable,direct_pdf,skipped,VC_fail,0,0,,Lucas,2014,Other Journal,1,https://www.idsociety.org/globalassets/idsa/practice-guidelines/clinical-practice-guideline-for-the-management-of-chronic-kidney-disease-in-patients-infected-with-hiv-2014-update-by-the-hiv-medicine-association-of-the-infectious-diseases-society-of-america.pdf,"Lucas GM, Ross MJ, Stock PG, et al. Clinical practice guideline for the management of chronic kidney disease in patients infected with HIV: 2014 update by the HIV Medicine Association of the Infectiou"
ART-2112,searchable,open_access,skipped,VC_fail,0,0,,MacDonald,2021,AFP,1,https://aafp.org/pubs/afp/issues/2021/0501/p539.html,"MacDonald J, Schaefer M, Stumph J. The preparticipation physical evaluation. Am Fam Physician. 2021;103(9):539-546."
ART-2113,searchable,landing_page,skipped,VC_fail,0,0,,Maguire,2021,Other Journal,1,https://cochrane.org/evidence/CD010682_antidepressants-people-epilepsy-and-depression,"Maguire MJ, Marson AG, Nevitt SJ. Antidepressants for people with epilepsy and depression. Cochrane Database Syst Rev. 2021;(4):CD010682."
ART-2114,searchable,direct_pdf,skipped,VC_fail,0,0,,Malfertheiner,2022,Other Journal,1,https://socgastro.org.br/novo/wp-content/uploads/2022/09/35944925_-Management-of-Helicobacter-pylori-infection-the-Maastricht-VIFlorence-consensus-report.pdf,"Malfertheiner P, Megraud F, Rokkas T, et al. Management of Helicobacter pylori infection: the Maastricht VI/Florence consensus report. Gut. Published online August 8, 2022. Chey WD, Howden CW, Moss SF"
ART-2115,searchable,landing_page,skipped,VC_fail,0,0,,Mancini,2022,Other Journal,1,https://ccs.ca/guideline/cardiorenal-2022/3-integration-of-glp-1ra-or-sglt2i-in-patients-with-t2d-with-or-at-risk-of-atherosclerotic-cvd/,"Mancini GBJ, O'Meara E, Zieroth S, et al. 2022 Canadian Cardiovascular Society guideline for use of GLP-1 receptor agonists and SGLT2 inhibitors for cardiorenal risk reduction in adults. Can J Cardiol"
ART-2116,searchable,direct_pdf,skipped,VC_fail,0,0,,Manzoni,2016,Other Journal,1,https://thejournalofheadacheandpain.biomedcentral.com/counter/pdf/10.1186/s10194-016-0626-9.pdf,"Manzoni GC, Taga A, Russo M, Torelli P. Age of onset of episodic and chronic cluster headache-a review of a large case series from a single headache centre. J Headache Pain. 2016;17:44."
ART-2117,searchable,landing_page,skipped,VC_fail,0,0,,Masiello,2023,Other Journal,1,https://www.ncbi.nlm.nih.gov/books/NBK595134/?report=reader,"Masiello F, Pati I, Veropalumbo E, Pupella S, Cruciani M, De Angelis V. Ultrasound-guided injection of platelet-rich plasma for tendinopathies: a systematic review and meta- analysis. Blood Transfus. "
,textbook_skip,skipped,skipped,,,0,,Maternal,2022,Textbook,1,,"Maternal physiology. In: Cunningham F, Leveno KJ, Dashe JS, Hoffman BL, Spong CY, Casey BM, eds. Williams Obstetrics. 26th ed. McGraw-Hill; 2022:51-81. Meah VL, Cockcroft JR, Backx K, Shave R, Stohr E"
ART-2118,searchable,landing_page,skipped,VC_fail,0,0,,Mattoo,2021,Other Journal,1,https://publications.aap.org/pediatrics/article/147/2/e2020012138/36243/Contemporary-Management-of-Urinary-Tract-Infection,"Mattoo TK, Shaikh N, Nelson CP. Contemporary management of urinary tract infection in children. Pediatrics. 2021;147(2):e2020012138."
ART-2119,searchable,landing_page,skipped,VC_fail,0,0,,May,2005,Other Journal,1,https://www.thelancet.com/journals/lancet/article/PIIS0140-6736(05)67217-0/abstract,"May A. Cluster headache: pathogenesis, diagnosis, and management. Lancet. 2005;366(9488):843-855."
ART-2120,searchable,landing_page,skipped,VC_fail,0,0,,Mazzone,2022,JAMA,1,https://pubmed.ncbi.nlm.nih.gov/35040882/,"Mazzone PJ, Lam L. Evaluating the patient with a pulmonary nodule: a review. JAMA. 2022;327(3):264-273."
ART-2121,searchable,open_access,skipped,VC_fail,0,0,,McConaghy,2023,AFP,1,https://aafp.org/pubs/afp/issues/2023/0200/peptic-ulcer-disease-h-pylori-infection.html,"McConaghy JR, Decker A, Nair S. Peptic ulcer disease and H. pylori infection: common questions and answers. Am Fam Physician. 2023;107(2):165-172."
ART-2122,searchable,open_access,skipped,VC_fail,0,0,,Melmed,2011,Other Journal,1,https://academic.oup.com/jcem/article/96/2/273/2709487,"Melmed S, Casanueva FF, Hoffman AR, et al. Diagnosis and treatment of hyperprolactinemia: an Endocrine Society clinical practice guideline. J Clin Endocrinol Metab. 2011;96(2):273-288."
ART-2123,searchable,landing_page,skipped,VC_fail,0,0,,Mendelson,2021,JAMA,1,https://jamanetwork.com/journals/jama/article-abstract/2777474,"Mendelson SJ, Prabhakaran S. Diagnosis and management of transient ischemic attack and acute ischemic stroke: a review. JAMA. 2021;325(11):1088-1098."
ART-2124,searchable,open_access,skipped,VC_fail,0,0,,Merrell,2023,AFP,1,https://www.aafp.org/pubs/afp/issues/2023/0800/curbside-discharge-against-medical-advice.html,"Merrell B, Gauer R. The challenges of discharge against medical advice: conflict and consequences. Am Fam Physician. 2023;108(2):193-196."
ART-2125,searchable,direct_pdf,skipped,VC_fail,0,0,,Michels,2023,AFP,1,https://www.aafp.org/pubs/afp/issues/2023/0300/glaucoma.pdf,"Michels TC, Ivan O. Glaucoma: diagnosis and management. Am Fam Physician. 2023;107(3):253-262."
ART-2126,searchable,landing_page,skipped,VC_fail,0,0,,Miller,2023,AFP,1,https://pubmed.ncbi.nlm.nih.gov/37983699/,"Miller NE, Rushlow D, Stacey SK. Diagnosis and management of sodium disorders: hyponatremia and hypernatremia. Am Fam Physician. 2023;108(5):476-486."
ART-2127,searchable,direct_pdf,skipped,VC_fail,0,0,,Mills,2020,Other Journal,1,https://www.nata.org/sites/default/files/2025-08/consensus_recommendations_on_the_prehospital_care_of_the_injured_athlete_with_a_suspected_catastrophic_cervical_spine_injury.pdf,"Mills BM, Conrick KM, Anderson S, et al. Consensus recommendations on the prehospital care of the injured athlete with a suspected catastrophic cervical spine injury. J Athl Train. 2020;55(6):563-572."
ART-2128,searchable,open_access,skipped,VC_fail,0,0,,Mills,2023,AFP,1,https://www.aafp.org/pubs/afp/issues/2023/0100/uspstf-diabetes-screening-children-adolescents.html,"Mills J, Barnhart H. Screening for prediabetes and type 2 diabetes in children and adolescents. Am Fam Physician. 2023;107(1):79-80."
ART-2129,searchable,open_access,skipped,VC_fail,0,0,,Mount,2017,AFP,1,https://www.aafp.org/pubs/afp/issues/2017/0901/p314.html,"Mount HR, Boyle SD. Aseptic and bacterial meningitis: evaluation, treatment, and prevention. Am Fam Physician. 2017;96(5):314-322."
ART-2130,searchable,direct_pdf,skipped,VC_fail,0,0,,Muncie,2017,AFP,2,https://www.aafp.org/pubs/afp/issues/2017/0201/p154.pdf,"Muncie HL, Sirmans SM, James E. Dizziness: approach to evaluation and management. Am Fam Physician. 2017;95(3):154-162."
ART-2131,searchable,landing_page,skipped,VC_fail,0,0,,Murphy,2020,JAMA,1,https://jamanetwork.com/journals/jama/fullarticle/2768982,"Murphy SP, Ibrahim NE, Januzzi JL. Heart failure with reduced ejection fraction: a review. JAMA. 2020;324(5):488–504."
,textbook_skip,skipped,skipped,,,0,,NASS,2014,Textbook,1,,"NASS Evidence-Based Clinical Guidelines Committee; Matz P, Meagher RJ, Lamer T, et al. Evidence-Based Clinical Guidelines for Multidisciplinary Spine Care: Diagnosis and Treatment of Degenerative Lumb"
ART-2132,searchable,direct_pdf,skipped,VC_fail,0,0,,Nelson,2024,AFP,1,https://www.sonographers.org/publicassets/e5cdf277-d8de-ef11-9137-0050568796d8/International-evidence-based-guideline-for-the-assessment-and-management-of-polycystic-ovarian-syndrome-2023.pdf,"Nelson M, LaRouche V. Polycystic ovary syndrome: assessment and management guidelines. Am Fam Physician. 2024;110(5):547-548."
ART-2133,searchable,pmc_fulltext,skipped,VC_fail,0,0,,Nelson,2021,Other Journal,1,https://pmc.ncbi.nlm.nih.gov/articles/PMC11726481/,Nelson SC. Tarsal tunnel syndrome. Clin Podiatr Med Surg. 2021;38(2):131-141.
ART-2134,searchable,open_access,skipped,VC_fail,0,0,,Nerattini,2023,Other Journal,1,https://www.frontiersin.org/articles/10.3389/fnagi.2023.1260427/full,"Nerattini M, Jett S, Andy C, et al. Systematic review and meta-analysis of the effects of menopause hormone therapy on risk of Alzheimer’s disease and dementia. Front Aging Neurosci. 2023;15:1260427."
ART-2135,searchable,open_access,skipped,VC_fail,0,0,,Newman,2022,AFP,1,https://www.aafp.org/pubs/afp/issues/2022/0300/p239.html,"Newman DP, Soto AT. Sacroiliac joint dysfunction: diagnosis and treatment. Am Fam Physician. 2022;105(3):239-245."
ART-2136,searchable,landing_page,skipped,VC_fail,0,0,,Nguyen,2010,Other Journal,1,https://onlinelibrary.wiley.com/doi/10.1111/pde.14092,"Nguyen CV, Collier S, Merten AH, Maguiness SM, Hook KP. Tinea capitis: a single- institution retrospective review from 2010 to 2015. Pediatr Dermatol. 2020;37(2):305- 310."
ART-2137,searchable,direct_pdf,skipped,VC_fail,0,0,,Norman,2017,Other Journal,1,https://aislec.it/wp-content/uploads/2024/12/2017-Antiseptics-for-burns-Review.pdf,"Norman G, Christie J, Liu Z, et al. Antiseptics for burns. Cochrane Database Syst Rev. 2017;7(7):CD011821."
ART-2138,searchable,direct_pdf,skipped,VC_fail,0,0,,Oldroyd,2023,Other Journal,1,http://www.nature.com/articles/s41584-023-01045-w.pdf,"Oldroyd AGS, Callen JP, Chinoy H, et al; International Myositis Assessment and Clinical Studies Group Cancer Screening Expert Group. International guideline for idiopathic inflammatory myopathy-associ"
ART-2139,searchable,open_access,skipped,VC_pass,0,0,,Oppenlander,2023,AFP,1,https://www.aafp.org/pubs/afp/issues/2023/0700/respiratory-syncytial-virus-bronchiolitis.html,"Oppenlander KE, Chung AA, Clabaugh D. Respiratory syncytial virus bronchiolitis: rapid evidence review. Am Fam Physician. 2023;108(1):52-57."
ART-2140,searchable,direct_pdf,skipped,VC_fail,0,0,,Ortiz,2023,AFP,1,https://www.aafp.org/pubs/afp/issues/2023/1100/dog-cat-bites.pdf,"Ortiz DD, Lezcano FO. Dog and cat bites: rapid evidence review. Am Fam Physician. 2023;108(5):501-505."
ART-2141,textbook_fauci,citation_only,inserted,VC_fail,1,0,,O,2022,Textbook/Fauci,1,,"O’Gara PT, Loscalzo J. Approach to the patient with a heart murmur. In: Loscalzo J, Fauci AS, Kasper DL, Hauser SL, Longo DL, Jameson JL, eds. Harrison’s Principles of Internal Medicine. Vol 1. 21st e"
ART-2142,searchable,landing_page,skipped,VC_fail,0,0,,Page,2015,Other Journal,1,https://pubmed.ncbi.nlm.nih.gov/26409097/,"Page RL, Joglar JA, Caldwell MA, et al. 2015 ACC/AHA/HRS guideline for the management of adult patients with supraventricular tachycardia: executive summary: a report of the American College of Cardio"
ART-2143,searchable,landing_page,skipped,VC_fail,0,0,,Patel,2016,JAMA,1,https://jamanetwork.com/journals/jamainternalmedicine/fullarticle/2527389,"Patel KK, Young L, Howell EH, et al. Characteristics and outcomes of patients presenting with hypertensive urgency in the office setting. JAMA Intern Med. 2016;176(7):981- 988."
ART-2144,searchable,landing_page,skipped,VC_fail,0,0,,Pelletier,2023,Other Journal,1,https://www.sciencedirect.com/science/article/pii/S073567572300092X,"Pelletier J, Koyfman A, Long B. High risk and low prevalence diseases: orbital cellulitis. Am J Emerg Med. 2023;68:1-9."
ART-2145,searchable,direct_pdf,skipped,VC_fail,0,0,,Perkins,2019,Other Journal,1,https://asccp.org/wp-content/uploads/2025/09/2019_ASCCP_Risk_Based_Management_Consensus.3.pdf,"Perkins RB, Guido RS, Castle PE, et al. 2019 ASCCP risk-based management consensus guidelines for abnormal cervical cancer screening tests and cancer precursors. J Low Genit Tract Dis. 2020;24(2):102-"
,textbook_skip,skipped,skipped,,,0,,Physical,2018,Textbook,1,,Physical activity guidelines for Americans. 2nd ed. US Department of Health and Human Services. 2018.
ART-2146,textbook_fauci,citation_only,inserted,VC_fail,1,0,,Powers,2022,Textbook/Fauci,1,,"Powers AC, Stafford JM, Rickels MR. Diabetes mellitus: complications. In: Loscalzo J, Fauci AS, Kasper DL, Hauser SL, Longo DL, Jameson JL, eds. Harrison's Principles of Internal Medicine. Vol 2. 21st"
ART-2147,searchable,landing_page,skipped,VC_fail,0,0,,Prostate-specific,2025,Guideline/Org,1,https://www.cancer.gov/types/prostate/psa-fact-sheet,"Prostate-specific antigen (PSA) test. National Cancer Institute. Updated January 31, 2025. Wei JT, Barocas D, Carlsson S, et al. Early detection of prostate cancer: AUA/SUO guideline part I: prostate "
ART-2148,searchable,direct_pdf,skipped,VC_fail,0,0,,Pyzocha,2023,AFP,1,https://www.aafp.org/pubs/afp/issues/2023/1100/intestinal-parasites.pdf,"Pyzocha N, Cuda Am. Common intestinal parasites. Am Fam Physician. 2023;108(5):487- 493."
ART-2149,searchable,landing_page,skipped,VC_fail,0,0,,Pyzocha,2020,AFP,1,https://journals.sagepub.com/doi/10.1016/j.wem.2019.10.002,Pyzocha N. Accidental hypothermia: guidelines from the Wilderness Medical Society. Am Fam Physician. 2020;102(9):571-572.
ART-2150,searchable,open_access,skipped,VC_fail,0,0,,Qiu,2021,AFP,1,https://aafp.org/pubs/afp/issues/2021/0601/p660.html,"Qiu J, Jiang D. Pessaries for managing pelvic organ prolapse in women. Am Fam Physician. 2021;103(11):660-661."
,textbook_skip,skipped,skipped,,,0,,Quinn,2023,Textbook,1,,"Quinn B, Halepas S. Fractured and avulsed teeth. In: Niekrash CE, Ferneini EM, Goupil MT, eds. Dental Science for the Medical Professional: An Evidence-Based Approach. Springer, 2023:329-335. Stephens"
ART-2151,searchable,open_access,skipped,VC_pass,0,0,,Ramirez,2023,AFP,1,https://www.aafp.org/pubs/afp/issues/2023/0800/prenatal-care.html,Ramirez SI. Prenatal care: an evidence-based approach. Am Fam Physician. 2023;108(2):139-150.
ART-2152,searchable,open_access,skipped,VC_fail,0,0,,Rathjen,2023,AFP,1,https://www.aafp.org/pubs/afp/issues/2023/1000/ill-returning-traveler.html,"Rathjen NA, Shahbodaghi SD. The ill returning traveler. Am Fam Physician. 2023;108(4):396-403."
ART-2153,searchable,landing_page,skipped,VC_fail,0,0,,Ray,2022,Other Journal,1,https://australianprescriber.tg.org.au/articles/cluster-headache-in-adults.html,"Ray JC, Stark RJ, Hutton EJ. Cluster headache in adults. Aust Prescr. 2022;45(1):15-20."
ART-2154,searchable,open_access,skipped,VC_pass,0,0,,Raymond,2023,AFP,1,https://www.aafp.org/pubs/afp/issues/2023/0400/chronic-asthma-treatment.html,"Raymond TJ, Peterson TA, Coulter J. Chronic asthma treatment: common questions and answers. Am Fam Physician. 2023;107(4):358-368."
ART-2155,searchable,direct_pdf,skipped,VC_fail,0,0,,Reich,2019,Other Journal,1,https://static1.squarespace.com/static/5bae3539ab1a622e64cb406b/t/66eb2d9e26957f2cd0f51446/1726688670640/Stephen+and+Joe%27s+review.pdf,"Reich SG, Savitt JM. Parkinson's disease. Med Clin North Am. 2019;103(2):337-350."
ART-2156,searchable,open_access,skipped,VC_fail,0,0,,Robertson,2023,AFP,1,https://www.aafp.org/pubs/afp/issues/2023/0900/benzodiazepine-use-disorder.html,"Robertson S, Peacock EE, Scott R. Benzodiazepine use disorder: common questions and answers. Am Fam Physician. 2023;108(3):260-266."
ART-2157,searchable,landing_page,skipped,VC_fail,0,0,,Rodriguez-Merchan,2021,Other Journal,1,https://eor.bioscientifica.com/view/journals/eor/6/12/2058-5241.6.210031.xml,"Rodriguez-Merchan EC, Moracia-Ochagavia I. Tarsal tunnel syndrome: current rationale, indications and results. EFORT Open Rev. 2021;6(12):1140-1147."
ART-2158,searchable,landing_page,skipped,VC_fail,0,0,,Rogers,2023,AFP,2,https://search.proquest.com/openview/69d38cf86735ff7feb408a8fb89c4915/1?pq-origsite=gscholar&cbl=35707,"Rogers TS, Noel MA, Garcia B. Dizziness: evaluation and management. Am Fam Physician. 2023;107(5):514-523."
ART-2159,searchable,landing_page,skipped,VC_fail,0,0,,Rupert,2023,AFP,1,https://journals.lww.com/smj/fulltext/2023/12000/speech_and_language_delay_in_children__a_practical.8.aspx,"Rupert J, Hughes P, Schoenherr D. Speech and language delay in children. Am Fam Physician. 2023;108(2):181-188."
ART-2160,searchable,landing_page,skipped,VC_fail,0,0,,Saag,2021,NEJM,1,https://www.nejm.org/doi/full/10.1056/NEJMcp1915826?query=featured_infectious-disease,"Saag MS. HIV infection — screening, diagnosis, and treatment. N Engl J Med. 2021;384(22):2131-2143."
ART-2161,searchable,open_access,skipped,VC_fail,0,0,,Schaefer,2017,AFP,1,https://aafp.org/pubs/afp/issues/2017/0601/p717.html,Schaefer P. Acute and chronic urticaria: evaluation and treatment. Am Fam Physician. 2017;95(11):717-724.
ART-2162,searchable,landing_page,skipped,VC_fail,0,0,,Schillie,2018,Guideline/Org,1,https://escholarship.org/uc/item/55k6f0p8,"Schillie S, Vellozzi C, Reingold A, et al. Prevention of hepatitis B virus infection in the United States: recommendations of the Advisory Committee on Immunization Practices. MMWR Recomm Rep. 2018;67"
ART-2163,searchable,open_access,skipped,VC_fail,0,0,,Schrager,2022,AFP,1,https://aafp.org/pubs/afp/issues/2022/0100/p33.html,"Schrager S, Yogendran L, Marquez CM, Sadowski EA. Adenomyosis: diagnosis and management. Am Fam Physician. 2022;105(1):33-38."
ART-2164,searchable,open_access,skipped,VC_fail,0,0,,Schroeder,2024,AFP,1,https://www.aafp.org/pubs/afp/issues/2024/1200/bone-stress-injuries.html,"Schroeder JD, Trigg SD, Capo Dosal GE. Bone stress injuries: diagnosis and management. Am Fam Physician. 2024;110(6):592-600."
ART-2165,searchable,landing_page,skipped,VC_fail,0,0,,Seikaly,2021,NEJM,1,https://www.entnet.org/quality-practice/quality-products/clinical-practice-guidelines/nosebleed-epistaxis/,Seikaly H. Epistaxis. N Engl J Med. 2021;384(10):944-951.
ART-2166,searchable,landing_page,skipped,VC_fail,0,0,,Semenya,2024,AFP,1,https://www.ovid.com/journals/afph/fulltext/00000405-202410000-00012~diagnosis-and-management-of-obsessive-compulsive-disorder-in,"Semenya AM, Bhatnagar P. Diagnosis and management of obsessive-compulsive disorder in the primary care setting. Am Fam Physician. 2024;110(4):385-392."
ART-2167,searchable,landing_page,skipped,VC_fail,0,0,,Sengupta,2023,Other Journal,1,https://journals.lww.com/ajg/pages/articleviewer.aspx?year=2023&issue=02000&article=00014&type=Fulltext&context=FeaturedArticles&collectionId=5,"Sengupta N, Feuerstein JD, Jairath V, et al. Management of patients with acute lower gastrointestinal bleeding: an updated ACG guideline. Am J Gastroenterol. 2023;118(2):208-231."
ART-2168,searchable,direct_pdf,skipped,VC_fail,0,0,,Sexually,2021,Guideline/Org,1,https://www.cdc.gov/mmwr/volumes/70/rr/pdfs/rr7004a1-H.pdf,"Sexually transmitted infections treatment guidelines, 2021: pelvic inflammatory disease (PID). Centers for Disease Control and Prevention. Reviewed September 21, 2022. Curry A, Williams T, Penny ML. P"
ART-2169,searchable,direct_pdf,skipped,VC_fail,0,0,,Shah,2018,Other Journal,1,https://gut.bmj.com/content/gutjnl/68/5/776.full.pdf,"Shah AR, Jala V, Arshad H, Bilal M. Evaluation and management of lower gastrointestinal bleeding. Dis Mon. 2018;64(7):321-332."
ART-2170,searchable,open_access,skipped,VC_fail,0,0,,Shakil,2020,AFP,1,https://aafp.org/pubs/afp/issues/2020/1015/p487.html,"Shakil A, Aparicio K, Barta E, Munez K. Inguinal hernias: diagnosis and management. Am Fam Physician. 2020;102(8):487-492."
ART-2171,searchable,open_access,skipped,VC_fail,0,0,,Shang,2022,Other Journal,1,https://www.frontiersin.org/articles/10.3389/fphar.2022.1012433/full,"Shang X, Guo K, E F, et al. Pharmacological interventions on smoking cessation: a systematic review and network meta-analysis. Front Pharmacol. 2022;13:1012433."
ART-2172,searchable,open_access,skipped,VC_fail,0,0,,Shaughnessy,2024,AFP,1,https://www.aafp.org/pubs/afp/issues/2024/0800/poems-imaging-mild-traumatic-brain-injury.html,Shaughnessy AF. Imaging guidelines for children with mild traumatic brain injury. Am Fam Physician. 2024;110(2):202-203.
ART-2173,searchable,open_access,skipped,VC_fail,0,0,,Shaughnessy,2022,AFP,1,https://aafp.org/pubs/afp/issues/2022/1000/poems-sglt-2-inhibitors.html,Shaughnessy AF. SGLT-2 inhibitors reduce heart failure-related hospitalization in patients without diabetes. Am Fam Physician. 2022;106(4):461-462.
ART-2174,searchable,open_access,skipped,VC_fail,0,0,,Shaughnessy,2021,AFP,1,https://aafp.org/pubs/afp/issues/2021/0515/p630a.html,Shaughnessy AF. SGLT2 inhibitors improve all-cause and cardiovascular mortality in patients regardless of diabetes or heart failure status. Am Fam Physician. 2021;103(10):630-631.
ART-2175,searchable,open_access,skipped,VC_fail,0,0,,Sherrington,2019,Other Journal,1,https://www.cochranelibrary.com/cdsr/doi/10.1002/14651858.CD012424.pub2/full,"Sherrington C, Fairhall NJ, Wallbank GK, et al. Exercise for preventing falls in older people living in the community. Cochrane Database Syst Rev. 2019;2019(1):CD012424."
ART-2176,searchable,landing_page,skipped,VC_fail,0,0,,Silbernagel,2020,Other Journal,1,https://meridian.allenpress.com/jat/article/55/5/438/436804/Current-Clinical-Concepts-Conservative-Management,"Silbernagel KG, Hanlon S, Sprague A. Current clinical concepts: conservative management of Achilles tendinopathy. J Athl Train. 2020;55(5):438-447."
ART-2177,searchable,open_access,skipped,VC_fail,0,0,,Silver,2024,AFP,4,https://www.aafp.org/pubs/afp/issues/2024/0200/common-foot-fractures.html,"Silver S, Williams E, Plunkett ML. Common foot fractures. Am Fam Physician. 2024;109(2):119-129."
,textbook_skip,skipped,skipped,,,0,,Simonetti,2020,Textbook,1,,"Simonetti F, Dewar R, Maldarelli F. Diagnosis of human immunodeficiency virus infection. In: Bennett JE, Dolin R, Blaser MJ, eds. Mandell, Douglas, and Bennett's Principles and Practice of Infectious "
ART-2178,searchable,open_access,skipped,VC_fail,0,0,,Skin,2024,Guideline/Org,1,https://www.cdc.gov/skin-cancer/what-cdc-is-doing/index.html,"Skin cancer: sun safety facts. Centers for Disease Control and Prevention. May 3, 2024."
ART-2179,searchable,landing_page,skipped,VC_fail,0,0,,Smith,2020,Other Journal,1,https://eprints.soton.ac.uk/438360/,"Smith MP, Lown M, Singh S, et al. Acute cough due to acute bronchitis in immunocompetent adult outpatients: CHEST Expert Panel report. Chest. 2020;157(5):1256-1265."
ART-2180,searchable,open_access,skipped,VC_fail,0,0,,Smith,2014,Other Journal,1,https://academic.oup.com/jsm/article-abstract/11/2/462/6958217?redirectedFrom=fulltext,"Smith NK, Jozkowski KN, Sanders SA. Hormonal contraception and female pain, orgasm and sexual pleasure. J Sex Med. 2014;11(2):462-470."
ART-2181,searchable,landing_page,skipped,VC_fail,0,0,,Smith,2017,Other Journal,1,https://www.cochrane.org/evidence/CD000245_drman-antybywtyky-dr-afrad-mbtla-bh-brwnshyt-had,"Smith SM, Fahey T, Smucny J, Becker LA. Antibiotics for acute bronchitis. Cochrane Database Syst Rev. 2017;6(6):CD000245."
ART-2182,searchable,pmc_fulltext,skipped,VC_fail,0,0,,Smith,2021,Other Journal,1,https://ncbi.nlm.nih.gov/pmc/articles/PMC8451766/,"Smith TJ, Johnson CR, Koshy R, et al. Thiamine deficiency disorders: a clinical perspective. Ann N Y Acad Sci. 2021;1498(1):9-28."
ART-2183,searchable,direct_pdf,skipped,VC_fail,0,0,,Sorensen,2017,Other Journal,1,"https://pages.ucsd.edu/~mboyle/COGS163/pdf-files/Cannabinoid%20Hyperemesis%20Syndrome%20Diagnosis,%20Pathophysiology,%20and%20Treatment%E2%80%94a%20Systematic%20Review-2017.pdf","Sorensen CJ, DeSanto K, Borgelt L, Phillips KT, Monte AA. Cannabinoid hyperemesis syndrome: diagnosis, pathophysiology, and treatment-a systematic review. J Med Toxicol. 2017;13(1):71-87."
ART-2184,searchable,landing_page,skipped,VC_fail,0,0,,Spencer,2022,AFP,1,https://search.proquest.com/openview/7fc49a2de7e72c82fafd689fe242703e/1.pdf?pq-origsite=gscholar&cbl=35707,"Spencer JP, Thomas S, Trondsen Pawlowski RH. Medication safety in breastfeeding. Am Fam Physician. 2022;106(6):638-644."
ART-2185,searchable,landing_page,skipped,VC_fail,0,0,,Stevens,2012,Other Journal,1,https://journal.chestnet.org/article/S0012-3692(24)00292-7/fulltext,"Stevens SM, Woller SC, Baumann Kreuziger L, et al. Antithrombotic therapy for VTE disease: compendium and review of CHEST guidelines 2012-2021. Chest. 2024;166(2):388-404."
ART-2186,searchable,landing_page,skipped,VC_fail,0,0,,Stevens,2012,Other Journal,1,https://journal.chestnet.org/article/S0012-3692(24)00292-7/fulltext,"Stevens SM, Woller SC, Kreuziger LB, et al. Antithrombotic therapy for VTE disease: compendium and review of CHEST guidelines 2012-2021. Chest. 2024;166(2):388-404."
ART-2187,searchable,open_access,skipped,VC_fail,0,0,,Stevermer,2018,AFP,1,https://aafp.org/pubs/afp/issues/2018/1015/p478.html,"Stevermer JJ, Fink KS. Counseling patients about prostate cancer screening. Am Fam Physician. 2018;98(8):478-483."
ART-2188,searchable,open_access,skipped,VC_fail,0,0,,Stoner,2017,AFP,1,https://www.aafp.org/pubs/afp/issues/2017/1201/p729.html,Stoner GD. Hyperosmolar hyperglycemic state. Am Fam Physician. 2017;96(11):729-736.
ART-2189,searchable,landing_page,skipped,VC_fail,0,0,,Sullivan,2024,Other Journal,1,https://www.gastrojournal.org/article/S0016-5085(24)00044-1/fulltext,"Sullivan BA, Lieberman DA. Colon polyp surveillance: separating the wheat from the chaff. Gastroenterology. 2024;166(5):743-757."
ART-2190,searchable,landing_page,skipped,VC_fail,0,0,,Sun,2023,Other Journal,1,https://www.aap.org/en/news-room/news-releases/health--safety-tips/american-academy-of-pediatrics-top-safety-tips-for-preventing-heat-sun-related-illnesses-in-children-this-summer,"Sun safety: information for parents about sunburn & sunscreen. American Academy of Pediatrics. Updated November 20, 2023."
ART-2191,searchable,open_access,skipped,VC_fail,0,0,,Suniega,2022,AFP,2,https://aafp.org/pubs/afp/issues/2022/0500/p521.html,"Suniega EA, Krenek L, Stewart G. Child abuse: approach and management. Am Fam Physician. 2022;105(5):521-528."
ART-2192,searchable,landing_page,skipped,VC_fail,0,0,,Telli,2018,Other Journal,1,https://pubmed.ncbi.nlm.nih.gov/30045603/,"Telli H, Telli S, Topal M. The validity and reliability of provocation tests in the diagnosis of sacroiliac joint dysfunction. Pain Physician. 2018;21(4):E367-E376."
ART-2193,searchable,direct_pdf,skipped,VC_fail,0,0,,The,2022,AFP,1,https://www.healthquality.va.gov/guidelines/Pain/lbp/VADoDLBPCPGFinal508.pdf,"The Diagnosis and Treatment of Low Back Pain Work Group; Office of Quality and Patient Safety, Veterans Health Administration; Clinical Quality Improvement Program, Defense Health Agency. VA/DoD Clini"
ART-2194,searchable,landing_page,skipped,VC_fail,0,0,,Thoomes,2023,Other Journal,1,https://www.tandfonline.com/doi/full/10.1080/09638288.2022.2130448,"Thoomes E, Falla D, Cleland JA, Fernández-de-Las-Peñas C, Gallina A, de Graaf M. Conservative management for lumbar radiculopathy based on the stage of the disorder: a Delphi study. Disabil Rehabil. 2"
ART-2195,searchable,landing_page,skipped,VC_fail,0,0,,Treat-Jacobson,2019,Other Journal,1,https://www.ahajournals.org/doi/10.1161/CIR.0000000000000623,"Treat-Jacobson D, McDermott MM, Bronas UG, et al. Optimal exercise programs for patients with peripheral artery disease: a scientific statement from the American Heart Association. Circulation. 2019;1"
ART-2196,searchable,landing_page,skipped,VC_fail,0,0,,Tritos,2023,JAMA,1,https://jamanetwork.com/journals/jama/article-abstract/2804060,"Tritos NA, Miller KK. Diagnosis and management of pituitary adenomas: a review. JAMA. 2023;329(16):1386."
ART-2197,searchable,open_access,skipped,VC_fail,0,0,,US,2015,Guideline/Org,1,https://www.uspreventiveservicestaskforce.org/uspstf/recommendation-topics/uspstf-a-and-b-recommendations,"US Preventive Services Task Force. A & B recommendations. US Preventive Services Task Force. Final recommendation statement: iron deficiency anemia in young children: screening. Updated September 7, 2"
ART-2198,searchable,open_access,skipped,VC_fail,0,0,,US,2019,Guideline/Org,1,http://www.uspreventiveservicestaskforce.org/Page/Document/RecommendationStatementFinal/brca-related-cancer-risk-assessment-genetic-counseling-and-genetic-testing,"US Preventive Services Task Force. Final recommendation statement: BRCA-related cancer: risk assessment, genetic counseling, and genetic testing. Updated August 20, 2019."
ART-2199,searchable,open_access,skipped,VC_fail,0,0,,US,2023,Guideline/Org,1,https://www.uspreventiveservicestaskforce.org/uspstf/recommendation/genital-herpes-serologic-screening,"US Preventive Services Task Force. Final recommendation statement: genital herpes infection: serologic screening. Updated February 14, 2023."
ART-2200,searchable,open_access,skipped,VC_fail,0,0,,US,2018,Guideline/Org,1,https://www.uspreventiveservicestaskforce.org/Page/Document/RecommendationStatementFinal/intimate-partner-violence-and-abuse-of-elderly-and-vulnerable-adults-screening1,"US Preventive Services Task Force. Final recommendation statement: intimate partner violence, elder abuse, and abuse of vulnerable adults: screening. October 23, 2018."
ART-2201,searchable,open_access,skipped,VC_fail,0,0,,US,2018,Guideline/Org,1,https://www.uspreventiveservicestaskforce.org/Page/Document/RecommendationStatementFinal/syphilis-infection-in-pregnancy-screening,"US Preventive Services Task Force. Final recommendation statement: syphilis infection in pregnant women: screening. Updated September 4, 2018."
ART-2202,searchable,open_access,skipped,VC_fail,0,0,,US,2017,Guideline/Org,1,https://www.uspreventiveservicestaskforce.org/uspstf/document/RecommendationStatementFinal/vision-in-children-ages-6-months-to-5-years-screening,"US Preventive Services Task Force. Final recommendation statement: vision in children ages 6 months to 5 years: screening. Updated September 5, 2017."
ART-2203,searchable,open_access,skipped,VC_fail,0,0,,US,2018,Guideline/Org,1,https://www.uspreventiveservicestaskforce.org/uspstf/recommendation/osteoporosis-screening-june-2018,"US Preventive Services Task Force; Curry SJ, Krist AH, et al. Screening for osteoporosis to prevent fractures: US Preventive Services Task Force recommendation statement. JAMA. 2018;319(24):2521-2531."
ART-2204,searchable,direct_pdf,skipped,VC_fail,0,0,,Vasant,2021,Other Journal,1,https://gut.bmj.com/content/gutjnl/early/2021/04/26/gutjnl-2021-324598.full.pdf,"Vasant DH, Paine PA, Black CJ, et al. British Society of Gastroenterology guidelines on the management of irritable bowel syndrome. Gut. 2021;70(7):1214-1240."
ART-2205,searchable,landing_page,skipped,VC_fail,0,0,,Vaughan,2022,JAMA,1,https://cancer.ucsf.edu/node/309871,"Vaughan H, Rugo HS, Haemel A. Risk-based screening for cancer in patients with dermatomyositis: toward a more individualized approach. JAMA Dermatol. 2022;158(3):244-247."
ART-2206,searchable,landing_page,skipped,VC_fail,0,0,,Veauthier,2020,AFP,1,https://www.fondazionemenarini-minuti.com/scienza/numero-248-en/le-infezioni-delle-vie-urinarie-nei-neonati-e-nei-bambini-domande-e-risposte/?lang=en,"Veauthier B, Miller MV. Urinary tract infections in young children and infants: common questions and answers. Am Fam Physician. 2020;102(5):278-285."
ART-2207,searchable,open_access,skipped,VC_fail,0,0,,Viera,2022,AFP,1,https://www.aafp.org/pubs/afp/issues/2022/0900/acute-headache-adults.html,"Viera AJ, Antono B. Acute headache in adults: a diagnostic approach. Am Fam Physician. 2022;106(3):260-268."
ART-2208,searchable,open_access,skipped,VC_fail,0,0,,Weaver-Agostoni,2023,AFP,2,https://www.aafp.org/pubs/afp/issues/2023/0500/allergic-rhinitis.html,"Weaver-Agostoni J, Kosak Z, Bartlett S. Allergic rhinitis: rapid evidence review. Am Fam Physician. 2023;107(5):466-473."
ART-2209,searchable,landing_page,skipped,VC_fail,0,0,,Werring,2024,Other Journal,1,https://www.thelancet.com/journals/lancet/article/PIIS0140-6736(24)02197-4/fulltext,"Werring DJ, Dehbi HM, Ahmed N, et al. Optimal timing of anticoagulation after acute ischaemic stroke with atrial fibrillation (OPTIMAS): a multicentre, blinded-endpoint, phase 4, randomised controlled"
ART-2210,searchable,open_access,skipped,VC_fail,0,0,,Wilkins,2018,AFP,1,https://aafp.org/pubs/afp/issues/2018/0115/p111.html,"Wilkins T, McMechan D, Talukder A, Herline A. Colorectal cancer screening and surveillance in individuals at increased risk. Am Fam Physician. 2018;97(2):111-116."
ART-2211,searchable,landing_page,skipped,VC_fail,0,0,,Wilkinson,2022,Other Journal,1,https://www.thelancet.com/article/S2213-8587(22)00163-2/fulltext,"Wilkinson LD, Brady PH, Gin GT, Rosenblum E. Female pelvic conditions: polycystic ovary syndrome. FP Essent. 2022;515:26-31."
ART-2212,searchable,open_access,skipped,VC_fail,0,0,,Williams,2021,AFP,1,https://aafp.org/pubs/afp/issues/2021/1200/p652.html,"Williams AL, Bevan J, Arnold MJ. Lyme disease: updated recommendations from the IDSA, AAN, and ACR. Am Fam Physician. 2021;104(6):652-654."
ART-2213,searchable,pmc_fulltext,skipped,VC_fail,0,0,,Wilson,2020,Other Journal,1,https://ncbi.nlm.nih.gov/pmc/articles/PMC7666909/,"Wilson RB. Pathophysiology, prevention, and treatment of beriberi after gastric surgery. Nutr Rev. 2020;78(12):1015-1029."
ART-2214,searchable,open_access,skipped,VC_fail,0,0,,Zeller,2023,AFP,1,https://www.aafp.org/pubs/afp/issues/2023/0300/distinguishing-asthma-copd.html,"Zeller TA, Beben K, Walker S. Distinguishing asthma and COPD in primary care: a case- based approach. Am Fam Physician. 2023;107(3):247-252."
ART-2215,searchable,landing_page,skipped,VC_fail,0,0,,Zhang,2022,Other Journal,1,https://ouci.dntb.gov.ua/en/works/ldvXLvm7/,"Zhang R, Wang Z, Liu R, Zhang N, Guo J, Huang Y. Extracorporeal shockwave therapy as an adjunctive therapy for frozen shoulder: a systematic review and meta-analysis. Orthop J Sports Med. 2022:10(2)."
ART-2216,searchable,open_access,skipped,VC_fail,0,0,,Zoorob,2012,AFP,1,https://www.aafp.org/pubs/afp/issues/2012/1101/p817.html,"Zoorob R, Sidani MA, Fremont RD, Kihlberg C. Antibiotic use in acute upper respiratory tract infections. Am Fam Physician. 2012;86(9):817-822."
ART-2217,searchable,open_access,skipped,VC_fail,0,0,,Zou,2022,Other Journal,1,https://www.frontiersin.org/articles/10.3389/fcvm.2022.1067806/pdf,"Zou X, Shi Q, Vandvik PO, et al. Sodium-glucose cotransporter-2 inhibitors in patients with heart failure: a systematic review and meta-analysis. Ann Intern Med. 2022;175(6): 851-861."
ART-2218,searchable,landing_page,skipped,VC_fail,0,0,,Zuberbier,2018,Other Journal,1,https://onlinelibrary.wiley.com/doi/10.1111/all.13397,"Zuberbier T, Aberer W, Asero R, et al. The EAACI/GA²LEN/EDF/WAO guideline for the definition, classification, diagnosis and management of urticaria. Allergy. 2018;73(7):1393- 1414."
