article_id,tier,source,author1,year,doi_method,doi,is_oa,oa_host,pdf_url,download_status,bytes,dest_filename
ART-0003,VC_pass,exa,ACC/AHA,2014,crossref,10.1016/j.ihj.2014.01.003,true,publisher,,oa_no_pdf_url,0,
ART-0030,VC_pass,exa,Al-Khatib,2017,crossref,10.1161/cir.0000000000000614,false,,,not_oa,0,
ART-0042,VC_pass,exa,Ameratunga,2020,url,10.1007/s12016-019-08765-6?error=cookies_not_supported&code=475a4173-c636-492f-a373-d2f808254480,false,,,not_oa,0,
ART-0044,VC_pass,exa,American Academy of Family Physicians,2007,crossref,10.1037/e538382011-001,false,,,not_oa,0,
ART-0054,VC_pass,exa,American Academy of Pediatrics,2012,crossref,10.1542/peds.2011-3552,false,,,not_oa,0,
ART-0056,VC_pass,exa,American College of Obstetricians and Gynecologists’ Committee on Practice Bulle,2018,crossref,10.1097/aog.0000000000002656,false,,,not_oa,0,
ART-0057,VC_pass,exa,American College of Radiology Appropriateness Criteria,2018,crossref,10.1016/j.jacr.2017.08.055,false,,,not_oa,0,
ART-0066,VC_pass,exa,American Diabetes Association,2021,crossref,10.2337/dc22-s006,true,publisher,https://diabetesjournals.org/care/article-pdf/45/Supplement_1/S83/637560/dc22s006.pdf,download_failed,0,
ART-0067,VC_pass,exa,American Diabetes Association,2021,crossref,10.2337/cd21-as01,true,publisher,https://clinical.diabetesjournals.org/content/diaclin/39/1/14.full.pdf,download_failed,0,
ART-0068,VC_pass,exa,American Family Physician,2021,crossref,10.46747/cfp.6712952,true,publisher,https://www.cfp.ca/content/cfp/67/12/952.full.pdf,downloaded,110660,AmericanFamilyPhysician_2021#@#ART-0068@#@.pdf
ART-0071,VC_pass,exa,American Psychiatric Association,2013,crossref,10.1176/appi.books.9780890425596,false,,,not_oa,0,
ART-0089,VC_pass,exa,Armstrong,2020,crossref,10.1001/jama.2020.4006,false,,,not_oa,0,
ART-0100,VC_pass,exa,Authors/Task,2014,crossref,10.1093/eurheartj/ehu284,true,publisher,https://academic.oup.com/eurheartj/article-pdf/35/39/2733/17898410/ehu284.pdf,download_failed,0,
ART-0115,VC_pass,exa,Baker,2010,crossref,10.1542/peds.2010-2576,false,,,not_oa,0,
ART-0119,VC_pass,exa,Baloh,2019,url,10.1007/s10875-019-00674-9?error=cookies_not_supported&code=ff408657-564c-40ba-b535-c213d0583762,false,,,not_oa,0,
ART-0127,VC_pass,exa,Barua,2018,url,10.1016/j.jacc.2018.10.027,true,repository,https://escholarship.org/uc/item/9kc2m0sf,download_failed,0,
ART-0129,VC_pass,exa,Bateman,2018,url,10.1056/NEJMoa1715275,true,publisher,https://www.nejm.org/doi/pdf/10.1056/NEJMoa1715275?articleTools=true,download_failed,0,
ART-0131,VC_pass,exa,Bauer,2006,url,10.1111/j.1365-2796.2006.01657.x,false,,,not_oa,0,
ART-0132,VC_pass,exa,Beaser,2019,crossref,10.1001/jama.2019.7662,false,,,not_oa,0,
ART-0134,VC_pass,exa,Beasley,2019,url,10.1056/NEJMoa1901963,true,publisher,https://www.nejm.org/doi/pdf/10.1056/NEJMoa1901963?articleTools=true,download_failed,0,
ART-0149,VC_pass,exa,Bhatia,2021,url,10.1161/STROKEAHA.120.033033,false,,,not_oa,0,
ART-0156,VC_pass,exa,Biondi,2018,url,10.1056/NEJMcp1709318,false,,,not_oa,0,
ART-0158,VC_pass,exa,Black,2006,crossref,10.1001/jama.296.24.2927,false,,,not_oa,0,
ART-0175,VC_pass,exa,Brink,2018,none,,false,,,no_doi,0,
ART-0208,VC_pass,exa,Capodanno,2018,url,10.1016/j.jacc.2018.09.057,true,publisher,https://ars.els-cdn.com/content/image/1-s2.0-S0735109718387369-fx1_lrg.jpg,download_failed,0,
ART-0218,VC_pass,exa,Castells,2018,crossref,10.1002/14651858.cd007813.pub3,true,repository,http://journalarticle.ukm.my/15320/7/287-Article%20Text-1517-1-10-20200923.pdf,download_failed,0,
ART-0231,VC_pass,exa,Chatterjee,2016,crossref,10.1016/j.jagp.2015.12.011,false,,,not_oa,0,
ART-0268,VC_pass,exa,Crockett,2018,crossref,10.1053/j.gastro.2018.01.032,false,,,not_oa,0,
ART-0280,VC_pass,exa,Dalbeth,2021,crossref,10.1016/s0140-6736(21)00569-9,false,,,not_oa,0,
ART-0313,VC_pass,exa,Dinulos,2021,crossref,10.1097/mop.0000000000001076,true,repository,,oa_no_pdf_url,0,
ART-0314,VC_pass,exa,Dinulos,2021,crossref,10.1097/mop.0000000000001076,true,repository,,oa_no_pdf_url,0,
ART-0315,VC_pass,exa,Dinulos,2021,crossref,10.1097/mop.0000000000001076,true,repository,,oa_no_pdf_url,0,
ART-0316,VC_pass,exa,Dinulos,2021,crossref,10.1097/mop.0000000000001076,true,repository,,oa_no_pdf_url,0,
ART-0317,VC_pass,exa,Dinulos,2021,crossref,10.1097/mop.0000000000001076,true,repository,,oa_no_pdf_url,0,
ART-0318,VC_pass,exa,Dinulos,2021,crossref,10.1002/9781119259886.ch19,false,,,not_oa,0,
ART-0332,VC_pass,exa,Drago,2009,crossref,10.1016/j.jaad.2008.07.045,false,,,not_oa,0,
ART-0349,VC_pass,exa,EBM glossary of statistical terms and concepts used in evidence-based medicine. Am Fam Physician 2019;100(7),2019,crossref,10.1136/bmjebm-2019-111184,false,,,not_oa,0,
ART-0360,VC_pass,exa,Egan,2022,url,10.1161/HYPERTENSIONAHA.121.17102,true,publisher,https://www.ahajournals.org/doi/pdf/10.1161/HYPERTENSIONAHA.121.17102,download_failed,0,
ART-0363,VC_pass,exa,Eiff,2018,crossref,10.1016/b978-0-323-54655-3.00024-3,false,,,not_oa,0,
ART-0364,VC_pass,exa,Eiff,2018,crossref,10.1016/b978-0-323-54655-3.00024-3,false,,,not_oa,0,
ART-0365,VC_pass,exa,Eiff,2018,crossref,10.1016/b978-0-323-54655-3.00024-3,false,,,not_oa,0,
ART-0366,VC_pass,exa,Eiff,2018,crossref,10.1016/b978-0-323-54655-3.00024-3,false,,,not_oa,0,
ART-0367,VC_pass,exa,Eiff,2018,crossref,10.1016/b978-0-323-54655-3.00024-3,false,,,not_oa,0,
ART-0374,VC_pass,exa,Engle,2007,crossref,10.1542/peds.2007-2952,false,,,not_oa,0,
ART-0411,VC_pass,exa,Final Recommendation Statement,2016,crossref,10.1542/peds.2015-4467,false,,,not_oa,0,
ART-0436,VC_pass,exa,Fishbane,2018,crossref,10.1053/j.ajkd.2017.09.026,false,,,not_oa,0,
ART-0439,VC_pass,exa,Flack,2022,url,10.1161/HYPERTENSIONAHA.121.18545,true,publisher,https://www.ahajournals.org/doi/pdf/10.1161/HYPERTENSIONAHA.121.18545,download_failed,0,
ART-0472,VC_pass,exa,Ganesan,2020,crossref,10.1001/jamasurg.2020.2423,true,publisher,https://jamanetwork.com/journals/jamasurgery/articlepdf/2768496/jamasurgery_ganesan_2020_oi_200043_1598967282.07199.pdf,download_failed,0,
ART-0502,VC_pass,exa,Goff,2013,url,10.1016/j.jacc.2013.11.005,true,publisher,,oa_no_pdf_url,0,
ART-0503,VC_pass,exa,Golden,2014,pmid_eutils,10.1542/peds.2014-2173,false,,,not_oa,0,
ART-0506,VC_pass,exa,Goldman,2020,crossref,10.1016/j.rmed.2020.106081,false,,,not_oa,0,
ART-0508,VC_pass,exa,Goldman,2020,crossref,10.1016/j.rmed.2020.106081,false,,,not_oa,0,
ART-0509,VC_pass,exa,Goldman,2020,crossref,10.1016/j.rmed.2020.106081,false,,,not_oa,0,
ART-0510,VC_pass,exa,Goldman,2020,crossref,10.7861/clinmed.2020-0247,true,publisher,https://www.rcpjournals.org/content/clinmedicine/20/4/e91.full.pdf,download_failed,0,
ART-0511,VC_pass,exa,Goldman,2020,crossref,10.1016/j.rmed.2020.106081,false,,,not_oa,0,
ART-0512,VC_pass,exa,Goldman,2020,crossref,10.1016/j.rmed.2020.106081,false,,,not_oa,0,
ART-0519,VC_pass,exa,Gottlieb,2020,pmid_eutils,10.1001/jama.2020.3514,false,,,not_oa,0,
ART-0521,VC_pass,exa,Gray,2015,crossref,10.1001/jamainternmed.2014.7663,false,,,not_oa,0,
ART-0531,VC_pass,exa,Grobman,2018,url,10.1056/NEJMoa1800566,true,publisher,https://www.nejm.org/doi/pdf/10.1056/NEJMoa1800566?articleTools=true,downloaded,327918,Grobman_2018#@#ART-0531@#@.pdf
ART-0608,VC_pass,exa,Hu,2010,pmid_eutils,10.1001/archdermatol.2010.259,false,,,not_oa,0,
ART-0614,VC_pass,exa,Hyman,2020,crossref,10.1542/9781610024716-part01-ch002,false,,,not_oa,0,
ART-0633,VC_pass,exa,Jameson,2018,none,,false,,,no_doi,0,
ART-0634,VC_pass,exa,Jameson,2018,crossref,10.1249/jsr.0000000000000576,false,,,not_oa,0,
ART-0637,VC_pass,exa,Jiang,2016,crossref,10.1097/pec.0000000000000579,false,,,not_oa,0,
ART-0648,VC_pass,exa,Jordahl-Iafrato,2019,crossref,10.1097/grf.0000000000000477,false,,,not_oa,0,
ART-0651,VC_pass,exa,Judge,2021,crossref,10.1001/jama.2021.4770,false,,,not_oa,0,
ART-0657,VC_pass,exa,Kalyani,2021,url,10.1056/NEJMcp2000280?query=featured_home,false,,,not_oa,0,
ART-0683,VC_pass,exa,Kim,2020,none,,false,,,no_doi,0,
ART-0696,VC_pass,exa,Kliegman,2020,crossref,10.1542/peds.2021-053872,false,,,not_oa,0,
ART-0697,VC_pass,exa,Kliegman,2020,crossref,10.1542/peds.2021-053872,false,,,not_oa,0,
ART-0698,VC_pass,exa,Kliegman,2020,crossref,10.1542/peds.2021-053872,false,,,not_oa,0,
ART-0699,VC_pass,exa,Kliegman,2020,crossref,10.1542/peds.2021-053872,false,,,not_oa,0,
ART-0700,VC_pass,exa,Kliegman,2020,crossref,10.1542/peds.2021-053872,false,,,not_oa,0,
ART-0751,VC_pass,exa,Lederer,2018,url,10.1056/NEJMra1705751,false,,,not_oa,0,
ART-0757,VC_pass,exa,Leggit,2022,crossref,10.1093/ehjcvp/pvac029,true,publisher,https://academic.oup.com/ehjcvp/article-pdf/8/5/e23/45328909/pvac029.pdf,download_failed,0,
ART-0761,VC_pass,exa,Lerner,2021,url,10.1097/JU.0000000000002183,false,,,not_oa,0,
ART-0785,VC_pass,exa,Lobelo,2020,crossref,10.1542/9781610026109-risks_and_benefits_ch06,false,,,not_oa,0,
ART-0789,VC_pass,exa,Loscalzo,2022,crossref,10.1093/jn/nxab414,true,repository,,oa_no_pdf_url,0,
ART-0790,VC_pass,exa,Loscalzo,2022,crossref,10.1353/pgn.2022.0060,false,,,not_oa,0,
ART-0847,VC_pass,exa,McMahon,2015,url,10.1111/nep.12591,false,,,not_oa,0,
ART-0848,VC_pass,exa,McMurray,2019,url,10.1056/NEJMoa1911303,true,publisher,https://www.nejm.org/doi/pdf/10.1056/NEJMoa1911303?articleTools=true,download_failed,0,
ART-0860,VC_pass,exa,Melmed,2020,crossref,10.33029/9704-4951-6-pend-1-848,false,,,not_oa,0,
ART-0874,VC_pass,exa,Miller,2021,url,10.1056/NEJMra2033475,false,,,not_oa,0,
ART-0895,VC_pass,exa,Morris,2016,crossref,10.1016/s0140-6736(15)00724-2,true,repository,,oa_no_pdf_url,0,
ART-0912,VC_pass,exa,National Clinical Guideline Centre (UK),2016,crossref,10.1001/jamainternmed.2016.2761,false,,,not_oa,0,
ART-0941,VC_pass,exa,Oleka,2020,crossref,10.1097/grf.0000000000000523,false,,,not_oa,0,
ART-0943,VC_pass,exa,Olsen,2020,crossref,10.1016/j.jacr.2020.01.043,false,,,not_oa,0,
ART-0951,VC_pass,exa,POLST,2022,crossref,10.1016/j.carage.2023.09.003,true,publisher,http://www.caringfortheages.com/article/S152641142300402X/pdf,download_failed,0,
ART-0963,VC_pass,exa,Paschos,2013,crossref,10.1097/bot.0b013e31825cf765,false,,,not_oa,0,
ART-0977,VC_pass,exa,Perez-Lopez,2020,crossref,10.1097/gco.0000000000000641,false,,,not_oa,0,
ART-0999,VC_pass,exa,Powers,2022,crossref,10.1002/9781119484288.ch87,false,,,not_oa,0,
ART-1000,VC_pass,exa,Powers,2022,crossref,10.1201/9781003282860-2,false,,,not_oa,0,
ART-1003,VC_pass,exa,Powers,2020,url,10.1056/NEJMcp1917030,false,,,not_oa,0,
ART-1021,VC_pass,exa,Qaseem,2011,pmid_eutils,10.7326/0003-4819-156-1-201201030-00021,false,,,not_oa,0,
ART-1026,VC_pass,exa,Raghu,2018,url,10.1164/rccm.201807-1255ST,false,,,not_oa,0,
ART-1064,VC_pass,exa,Rice,2008,crossref,10.1542/peds.2008-0080,false,,,not_oa,0,
ART-1067,VC_pass,exa,Rigotti,2022,crossref,10.1001/jama.2022.0395,false,,,not_oa,0,
ART-1070,VC_pass,exa,Riley,2018,crossref,10.1542/peds.2018-1739,false,,,not_oa,0,
ART-1112,VC_pass,exa,Schanzer,2021,url,10.1056/NEJMcp2108504,false,,,not_oa,0,
ART-1143,VC_pass,exa,Shapiro,2014,pmid_eutils,10.1056/NEJMcp1314325,false,,,not_oa,0,
ART-1144,VC_pass,exa,Shapiro,2020,crossref,10.1016/j.csm.2019.12.004,false,,,not_oa,0,
ART-1168,VC_pass,exa,Smith,2018,crossref,10.1016/j.cpha.2017.12.002,false,,,not_oa,0,
ART-1169,VC_pass,exa,Smith,2021,crossref,10.51684/firs.59969,false,,,not_oa,0,
ART-1226,VC_pass,exa,Taylor,2022,crossref,10.7326/aitc202201180,false,,,not_oa,0,
ART-1233,VC_pass,exa,The,2022,crossref,10.1002/nau.25099,true,publisher,,oa_no_pdf_url,0,
ART-1238,VC_pass,exa,Townsend,2017,crossref,10.7748/ldp.20.1.13.s16,false,,,not_oa,0,
ART-1239,VC_pass,exa,Townsend,2017,crossref,10.7748/ldp.20.1.13.s16,false,,,not_oa,0,
ART-1240,VC_pass,exa,Townsend,2017,crossref,10.7748/ldp.20.1.13.s16,false,,,not_oa,0,
ART-1306,VC_pass,exa,Walls,2018,crossref,10.1016/j.cpem.2018.08.008,false,,,not_oa,0,
ART-1310,VC_pass,exa,Wang,2016,crossref,10.3949/ccjm.83a.15129,false,,,not_oa,0,
ART-1311,VC_pass,exa,Wang,2022,none,,false,,,no_doi,0,
ART-1333,VC_pass,exa,Wijsenbeek,2020,url,10.1056/NEJMra2005230,false,,,not_oa,0,
ART-1368,VC_pass,exa,Wright,2015,crossref,10.1136/bmj.h1758,false,,,not_oa,0,
ART-1369,VC_pass,exa,Writing,2019,crossref,10.1161/cir.0000000000000719,false,,,not_oa,0,
ART-1371,VC_pass,exa,Xu,2020,url,10.1007/s12016-020-08792-8.pdf?error=cookies_not_supported&code=a271fdc2-7a11-4bf9-a9cd-e7d28d523b5d,false,,,not_oa,0,
ART-1372,VC_pass,exa,Yancy,2017,url,10.1016/j.jacc.2017.04.025,false,,,not_oa,0,
ART-1376,VC_pass,exa,Yawn,2018,crossref,10.3949/ccjm.85.s1.05,false,,,not_oa,0,
ART-1393,VC_pass,exa,de,2020,url,10.7326/M19-3193,true,repository,,oa_no_pdf_url,0,
ART-1894,VC_pass,exa,Practice,2015,crossref,10.1097/aog.0000000000001047,false,,,not_oa,0,
ART-1936,VC_pass,exa,Wilson,2014,crossref,10.1097/01.jaa.0000443971.54105.18,false,,,not_oa,0,
ART-2139,VC_pass,exa,Oppenlander,2023,crossref,10.46747/cfp.7004258,true,publisher,https://www.cfp.ca/content/cfp/70/4/258.full.pdf,downloaded,94166,Oppenlander_2023#@#ART-2139@#@.pdf
ART-0004,VC_fail,exa,ACOG Committee Opinion No. 565,2013,pmid_eutils,10.1097/01.AOG.0000431053.33593.2d,false,,,not_oa,0,
ART-0006,VC_fail,exa,ACR,2022,crossref,10.1016/j.jacr.2022.10.001,false,,,not_oa,0,
ART-0007,VC_fail,exa,AMDA,2020,crossref,10.1016/j.jamda.2020.01.042,false,,,not_oa,0,
ART-0008,VC_fail,exa,Abbott,2019,crossref,10.1016/j.annemergmed.2018.10.021,false,,,not_oa,0,
ART-0009,VC_fail,exa,Abdel,2015,crossref,10.1016/j.amjmed.2015.04.026,true,publisher,http://www.amjmed.com/article/S0002934315004301/pdf,download_failed,0,
ART-0010,VC_fail,exa,Abdelhamid,2020,url,10.1002/14651858.cd003177.pub3/full,false,,,not_oa,0,
ART-0026,VC_fail,exa,Ahlskog,2020,crossref,10.1016/j.mayocp.2020.02.006,true,publisher,http://www.mayoclinicproceedings.org/article/S002561962030152X/pdf,download_failed,0,
ART-0028,VC_fail,exa,Ajdukiewicz,2011,crossref,10.1016/s1473-3099(10)70317-0,false,,,not_oa,0,
ART-0031,VC_fail,exa,Al-Omran,2010,pmid_eutils,10.1002/14651858.CD002837,false,,,not_oa,0,
ART-0034,VC_fail,exa,Alexander,2024,url,10.1007/s12664-024-01571-9?error=cookies_not_supported&code=5cc87d14-12e7-4c07-8c15-cd14bc4faa6a,false,,,not_oa,0,
ART-0037,VC_fail,exa,Alkaramany,2021,url,10.1007/s00264-021-05150-x.pdf?error=cookies_not_supported&code=5142b3c0-7c02-4ca6-a2ff-1a155c001cf0,false,,,not_oa,0,
ART-0039,VC_fail,exa,Allen,2013,crossref,10.1016/s0140-6736(13)61218-0,true,publisher,http://www.thelancet.com/article/S0140673613612180/pdf,download_failed,0,
ART-0051,VC_fail,exa,American Academy of Pediatrics Committee on Infectious Diseases; American Academ,2014,pmid_eutils,10.1542/peds.2014-1665,false,,,not_oa,0,
ART-0077,VC_fail,exa,American Psychiatric Association,2002,crossref,10.1176/appi.ajp.159.6.1066,false,,,not_oa,0,
ART-0082,VC_fail,exa,Anderson,2017,url,10.1056/nejmra1606915,false,,,not_oa,0,
ART-0085,VC_fail,exa,Anker,2021,url,10.1056/NEJMoa2107038,true,publisher,https://www.nejm.org/doi/pdf/10.1056/NEJMoa2107038?articleTools=true,download_failed,0,
ART-0087,VC_fail,exa,Armstrong,2015,crossref,10.5435/jaaos-d-14-00004,false,,,not_oa,0,
ART-0088,VC_fail,exa,Armstrong,2018,crossref,10.5435/00124635-900000000-99532,false,,,not_oa,0,
ART-0108,VC_fail,exa,Bahar-Fuchs,2013,crossref,10.1002/14651858.cd003260.pub2,true,publisher,https://www.cochranelibrary.com/cdsr/doi/10.1002/14651858.CD003260.pub2/pdf/full,download_failed,0,
ART-0110,VC_fail,exa,Bair,2020,url,10.7326/AITC202003030,false,,,not_oa,0,
ART-0113,VC_fail,exa,Baird,2018,crossref,10.1016/b978-0-12-813220-3.00017-x,false,,,not_oa,0,
ART-0114,VC_fail,exa,Bakaeen,2017,pmid_eutils,10.1016/j.jacc.2017.09.018,false,,,not_oa,0,
ART-0116,VC_fail,exa,Bakris,2004,crossref,10.1001/jama.292.21.2583,true,publisher,https://jamanetwork.com/journals/jama/articlepdf/199882/jcx40022.pdf,download_failed,0,
ART-0138,VC_fail,exa,Belkin,2022,crossref,10.1001/jama.2022.16667,false,,,not_oa,0,
ART-0139,VC_fail,exa,Benetos,2019,url,10.1161/CIRCRESAHA.118.313236,true,publisher,https://www.ahajournals.org/doi/pdf/10.1161/CIRCRESAHA.118.313236,download_failed,0,
ART-0141,VC_fail,exa,Benjamin,2016,none,,false,,,no_doi,0,
ART-0165,VC_fail,exa,Boyer,2012,url,10.1056/NEJMra1202561,true,publisher,https://www.nejm.org/doi/pdf/10.1056/NEJMra1202561?articleTools=true,download_failed,0,
ART-0170,VC_fail,exa,Breastfeeding,2021,crossref,10.1038/d41586-021-01912-0,false,,,not_oa,0,
ART-0172,VC_fail,exa,Briggs,2017,crossref,10.1016/b978-0-323-32108-2.00008-1,false,,,not_oa,0,
ART-0177,VC_fail,exa,Brouwer,2015,crossref,10.1002/14651858.cd004405.pub5,true,publisher,https://www.cochranelibrary.com/cdsr/doi/10.1002/14651858.CD004405.pub5/pdf/full,download_failed,0,
ART-0178,VC_fail,exa,Brown,2020,url,10.1056/NEJMoa1910775,true,publisher,https://www.nejm.org/doi/pdf/10.1056/NEJMoa1910775?articleTools=true,download_failed,0,
ART-0181,VC_fail,exa,Brunham,2015,url,10.1056/NEJMra1411426,false,,,not_oa,0,
ART-0182,VC_fail,exa,Buchwald,2004,pmid_eutils,10.1001/jama.292.14.1724,false,,,not_oa,0,
ART-0183,VC_fail,exa,Buckley,2018,url,10.1056/NEJMcp1800214,false,,,not_oa,0,
ART-0186,VC_fail,exa,Buelt,2023,url,10.1161/cir.0000000000001030,false,,,not_oa,0,
ART-0188,VC_fail,exa,Bui,2018,pmid_eutils,10.1016/j.jaad.2017.08.042,false,,,not_oa,0,
ART-0189,VC_fail,exa,Bull,2022,pmid_eutils,10.1542/peds.2022-057010,false,,,not_oa,0,
ART-0195,VC_fail,exa,Burman,2015,crossref,10.1056/nejmcp1415786,false,,,not_oa,0,
ART-0198,VC_fail,exa,Buttgereit,2016,pmid_eutils,10.1001/jama.2016.5444,false,,,not_oa,0,
ART-0201,VC_fail,exa,Camaschella,2015,url,10.1056/NEJMra1401038,false,,,not_oa,0,
ART-0202,VC_fail,exa,Cameron,2020,crossref,10.1353/soh.2020.0207,false,,,not_oa,0,
ART-0205,VC_fail,exa,Campschroer,2018,crossref,10.1002/14651858.cd008509.pub3,true,publisher,https://www.cochranelibrary.com/cdsr/doi/10.1002/14651858.CD008509.pub3/pdf/full,download_failed,0,
ART-0209,VC_fail,exa,Carabello,2024,crossref,10.1201/9781003573876-17,false,,,not_oa,0,
ART-0212,VC_fail,exa,Carlone,2021,url,10.1007/s00431-023-04853-0.pdf?error=cookies_not_supported&code=488b44e4-e22c-4781-975a-93f3a395a18b,false,,,not_oa,0,
ART-0219,VC_fail,exa,Catalogue,2019,crossref,10.4135/9781529702569,false,,,not_oa,0,
ART-0222,VC_fail,exa,Celli,2019,pmid_eutils,10.1056/NEJMra1900500,false,,,not_oa,0,
ART-0224,VC_fail,exa,Chan,2020,crossref,10.1016/j.ajem.2019.12.041,false,,,not_oa,0,
ART-0235,VC_fail,exa,Chodzko-Zajko,2009,crossref,10.1249/mss.0b013e3181a0c95c,false,,,not_oa,0,
ART-0239,VC_fail,exa,Christian,2015,crossref,10.1542/peds.2015-2010,true,publisher,https://pediatrics.aappublications.org/content/pediatrics/136/3/583.2.full.pdf,download_failed,0,
ART-0241,VC_fail,exa,Chung,2016,crossref,10.1378/chest.15-0903,true,publisher,http://journal.chestnet.org/article/S0012369215000185/pdf,download_failed,0,
ART-0245,VC_fail,exa,Clayton,2018,url,10.1056/NEJMra1407936,false,,,not_oa,0,
ART-0249,VC_fail,exa,Clozapine,2021,crossref,10.1176/appi.pn.2021.9.1,false,,,not_oa,0,
ART-0252,VC_fail,exa,Coleman,2022,pmid_eutils,10.1111/jan.16638,true,publisher,https://onlinelibrary.wiley.com/doi/pdfdirect/10.1111/jan.16638,download_failed,0,
ART-0255,VC_fail,exa,Committee Opinion No,2017,crossref,10.1097/aog.0000000000002293,false,,,not_oa,0,
ART-0257,VC_fail,exa,Committee on Practice Bulletins—Gynecology and the American Urogynecologic Socie,2015,crossref,10.1097/aog.0000000000001148,false,,,not_oa,0,
ART-0259,VC_fail,exa,Cook,2021,crossref,10.1016/j.thorsurg.2020.08.012,false,,,not_oa,0,
ART-0260,VC_fail,exa,Cornec-Le,2019,pmid_eutils,10.1016/S0140-6736(18)32782-X,false,,,not_oa,0,
ART-0264,VC_fail,exa,Crandall,2023,pmid_eutils,10.1001/jama.2022.24140,false,,,not_oa,0,
ART-0267,VC_fail,exa,Crisis,2020,crossref,10.1001/amajethics.2020.217,true,publisher,https://journalofethics.ama-assn.org/sites/journalofethics.ama-assn.org/files/2020-02/code1-2003_0.pdf,downloaded,57451,Crisis_2020#@#ART-0267@#@.pdf
ART-0273,VC_fail,exa,Crowe,2019,url,10.1056/NEJMcp1710945,false,,,not_oa,0,
ART-0274,VC_fail,exa,Cruccu,2020,url,10.1056/NEJMra1914484,false,,,not_oa,0,
ART-0276,VC_fail,exa,Curtis,2017,url,10.1056/NEJMcp1608736?query=TOC,false,,,not_oa,0,
ART-0281,VC_fail,exa,Dalen,2021,crossref,10.1016/j.amjmed.2021.04.001,false,,,not_oa,0,
ART-0283,VC_fail,exa,Damluji,2021,url,10.1161/CIR.0000000000000985,true,repository,,oa_no_pdf_url,0,
ART-0290,VC_fail,exa,Day,2019,url,10.1056/NEJMvcm1407111,false,,,not_oa,0,
ART-0297,VC_fail,exa,DeMaio,2021,crossref,10.1016/j.ccm.2021.08.008,false,,,not_oa,0,
ART-0299,VC_fail,exa,DeMuri,2012,url,10.1056/NEJMcp1106638?query=TOC,false,,,not_oa,0,
ART-0301,VC_fail,exa,Delitto,2015,url,10.7326/M14-1420?articleid=2214174&cookieSet=1,false,,,not_oa,0,
ART-0302,VC_fail,exa,Deshmukh,2021,crossref,10.1080/14767058.2021.1941856,false,,,not_oa,0,
ART-0304,VC_fail,exa,Deutsch,2016,crossref,10.4135/9781483371283.n59,false,,,not_oa,0,
ART-0305,VC_fail,exa,Devlies,2024,crossref,10.1016/j.euf.2023.08.002,true,publisher,http://www.eu-focus.europeanurology.com/article/S2405456923001840/pdf,download_failed,0,
ART-0306,VC_fail,exa,Deyle,2020,url,10.1056/NEJMoa1905877,false,,,not_oa,0,
ART-0319,VC_fail,exa,Distal,,none,,false,,,no_doi,0,
ART-0320,VC_fail,exa,Djulbegovic,2018,url,10.1001/jamainternmed.2017.6213~evaluation-of-polycythemia-a-teachable-moment,false,,,not_oa,0,
ART-0323,VC_fail,exa,Donohue,2022,crossref,10.1001/jama.2022.14791,false,,,not_oa,0,
ART-0324,VC_fail,exa,Dooley,2016,url,10.1007/s10611-016-9630-x?error=cookies_not_supported&code=e13c5715-efb3-4316-939e-1f6ef1c0118e,false,,,not_oa,0,
ART-0328,VC_fail,exa,Douros,2020,pmid_eutils,10.7326/M20-0289,false,,,not_oa,0,
ART-0334,VC_fail,exa,Drinking,2021,crossref,10.64628/ab.tgf3xvu5j,false,,,not_oa,0,
ART-0336,VC_fail,exa,Drug,2020,crossref,10.1001/jama.2020.4040,false,,,not_oa,0,
ART-0343,VC_fail,exa,Dunn,2018,crossref,10.1001/jama.2017.11669,true,publisher,https://jamanetwork.com/journals/jama/articlepdf/2668354/jama_dunn_2018_us_170012.pdf,download_failed,0,
ART-0358,VC_fail,exa,Eberhardt,2014,crossref,10.1161/circulationaha.113.006898,true,publisher,https://www.ahajournals.org/doi/pdf/10.1161/CIRCULATIONAHA.113.006898,download_failed,0,
ART-0362,VC_fail,exa,Eichelberger,2018,crossref,10.4324/9781315809823-7,false,,,not_oa,0,
ART-0369,VC_fail,exa,ElSayed,2023,crossref,10.2337/dci23-0059,true,publisher,https://diabetesjournals.org/care/article-pdf/46/11/e214/737010/dci230059.pdf,download_failed,0,
ART-0376,VC_fail,exa,Epstein,2019,pmid_eutils,10.1056/NEJMra1810762,false,,,not_oa,0,
ART-0377,VC_fail,exa,Ericson,2021,pmid_eutils,10.1016/j.ucl.2021.07.003,false,,,not_oa,0,
ART-0382,VC_fail,exa,Eskander,2019,pmid_eutils,10.1056/NEJMra1811697,false,,,not_oa,0,
ART-0383,VC_fail,exa,Estruch,2018,url,10.1056/NEJMoa1800389,true,publisher,https://www.nejm.org/doi/pdf/10.1056/NEJMoa1800389?articleTools=true,download_failed,0,
ART-0387,VC_fail,exa,Expert,2017,crossref,10.1016/j.jacr.2017.01.036,false,,,not_oa,0,
ART-0388,VC_fail,exa,Expert,2021,crossref,10.1016/j.jacr.2021.08.010,true,publisher,http://www.jacr.org/article/S1546144021007109/pdf,download_failed,0,
ART-0390,VC_fail,exa,FDA requires strong warnings for opioid analgesics,2016,crossref,10.1080/15360288.2016.1241336,true,publisher,https://www.tandfonline.com/doi/pdf/10.1080/15360288.2016.1241336?needAccess=true,download_failed,0,
ART-0391,VC_fail,exa,FDA warns about rare occurrences of a serious infection of the genital area with,2018,crossref,10.1007/s40278-018-51557-7,false,,,not_oa,0,
ART-0392,VC_fail,exa,Fajgenbaum,2020,url,10.1056/NEJMra2026131,true,publisher,https://ctep.cancer.gov/protocolDevelopment/electronic_applications/docs/CTCAE_v5_Quick_Reference_5x7.pdf,download_failed,0,
ART-0396,VC_fail,exa,Farford,2020,crossref,10.4103/ijo.ijo_2567_21,true,publisher,,oa_no_pdf_url,0,
ART-0402,VC_fail,exa,Fernández-Ruiz,2020,url,10.1056/nejmoa2021372,true,publisher,https://www.nejm.org/doi/pdf/10.1056/NEJMoa2021372?articleTools=true,download_failed,0,
ART-0403,VC_fail,exa,Feuer,2000,crossref,10.1002/14651858.cd001219,true,publisher,https://www.cochranelibrary.com/cdsr/doi/10.1002/14651858.CD001219/pdf/full,download_failed,0,
ART-0445,VC_fail,exa,Ford,2014,crossref,10.1038/ajg.2014.202,false,,,not_oa,0,
ART-0452,VC_fail,exa,Franck,2019,none,,false,,,no_doi,0,
ART-0453,VC_fail,exa,Frank,2022,crossref,10.3390/ijms232315114,true,publisher,https://www.mdpi.com/1422-0067/23/23/15114/pdf?version=1670242374,downloaded,2259983,Frank_2022#@#ART-0453@#@.pdf
ART-0459,VC_fail,exa,Freedman,2016,crossref,10.1001/jama.2016.5352,true,publisher,https://jamanetwork.com/journals/jama/articlepdf/2518402/joi160048.pdf,download_failed,0,
ART-0460,VC_fail,exa,Freeman,2018,url,10.1016/j.jacc.2018.05.079,false,,,not_oa,0,
ART-0463,VC_fail,exa,Frontera,2019,crossref,10.1016/b978-0-323-54947-9.05001-x,false,,,not_oa,0,
ART-0469,VC_fail,exa,Gaitonde,2019,url,10.2519/jospt.2019.0302,false,,,not_oa,0,
ART-0473,VC_fail,exa,Ganz,2019,url,10.1056/NEJMra1804281?query=featured_home,false,,,not_oa,0,
ART-0477,VC_fail,exa,Gartlehner,2022,pmid_eutils,10.1001/jama.2017.16952,true,publisher,https://jamanetwork.com/journals/jama/articlepdf/2665781/jama_gartlehner_2017_us_170013.pdf,download_failed,0,
ART-0478,VC_fail,exa,Gates,2019,pmid_eutils,10.1002/14651858.CD012279.pub2,true,publisher,https://www.cochranelibrary.com/cdsr/doi/10.1002/14651858.CD012279.pub2/pdf/full,download_failed,0,
ART-0485,VC_fail,exa,Ge,2016,url,10.1056/NEJMra1504367,false,,,not_oa,0,
ART-0490,VC_fail,exa,Gil,2020,pmid_eutils,10.5435/JAAOS-D-19-00614,false,,,not_oa,0,
ART-0493,VC_fail,exa,Givens,2012,url,10.1111/j.1532-5415.2012.04140.x,true,repository,,oa_no_pdf_url,0,
ART-0507,VC_fail,exa,Goldman,2016,crossref,10.1542/9781610020473-part06-ch187,false,,,not_oa,0,
ART-0513,VC_fail,exa,Goldman,2016,none,,false,,,no_doi,0,
ART-0516,VC_fail,exa,Goodman,2015,crossref,10.4158/ep15748.dsc,false,,,not_oa,0,
ART-0517,VC_fail,exa,Goodman,2015,crossref,10.4158/ep15748.dscpt2,false,,,not_oa,0,
ART-0518,VC_fail,exa,Goren,2018,url,10.1111/dth.12686,false,,,not_oa,0,
ART-0523,VC_fail,exa,Greendale,2020,crossref,10.1001/jama.2020.1757,false,,,not_oa,0,
ART-0525,VC_fail,exa,Greinacher,2015,url,10.1056/NEJMcp1411910,true,publisher,http://www.jthjournal.org/article/S1538783622174052/pdf,download_failed,0,
ART-0526,VC_fail,exa,Grewal,2020,crossref,10.1016/j.foot.2020.101719,true,publisher,,oa_no_pdf_url,0,
ART-0529,VC_fail,exa,Grinspoon,2000,url,10.7326/0003-4819-133-10-200011210-00011,false,,,not_oa,0,
ART-0537,VC_fail,exa,Guidelines.,2021,url,10.1161/CIR.0000000000001030,false,,,not_oa,0,
ART-0538,VC_fail,exa,Guise,2022,url,10.1056/NEJMcp2113128,false,,,not_oa,0,
ART-0542,VC_fail,exa,Guo,2019,crossref,10.1002/14651858.cd004827.pub5,false,,,not_oa,0,
ART-0545,VC_fail,exa,Habif,2018,none,,false,,,no_doi,0,
ART-0546,VC_fail,exa,Habif,2016,none,,false,,,no_doi,0,
ART-0547,VC_fail,exa,Habif,2016,none,,false,,,no_doi,0,
ART-0548,VC_fail,exa,Habif,2016,crossref,10.1111/apa.13474,false,,,not_oa,0,
ART-0550,VC_fail,exa,Haidar,2022,url,10.1056/NEJMra2111003,false,,,not_oa,0,
ART-0551,VC_fail,exa,Hainer,2013,none,,false,,,no_doi,0,
ART-0553,VC_fail,exa,Halken,2020,crossref,10.1111/pai.13496,true,publisher,https://onlinelibrary.wiley.com/doi/pdfdirect/10.1111/pai.13496,download_failed,0,
ART-0555,VC_fail,exa,Halli-Tierney,2020,crossref,10.1093/geroni/igaa057.3141,true,publisher,https://academic.oup.com/innovateage/article-pdf/4/Supplement_1/853/34919322/igaa057.3141.pdf,downloaded,644969,Halli-Tierney_2020#@#ART-0555@#@.pdf
ART-0563,VC_fail,exa,Harris,2016,crossref,10.7326/l16-0284,false,,,not_oa,0,
ART-0567,VC_fail,exa,Hasbun,2022,pmid_eutils,10.1001/jama.2022.20521,false,,,not_oa,0,
ART-0574,VC_fail,exa,Hay,2017,crossref,10.1001/jama.2017.10572,true,repository,https://eprints.soton.ac.uk/413422/1/Merged_version_submitted_19.7.2017_002_.pdf,downloaded,1371032,Hay_2017#@#ART-0574@#@.pdf
ART-0584,VC_fail,exa,Henderson,2021,crossref,10.1001/jama.2021.8551,true,publisher,https://jamanetwork.com/journals/jama/articlepdf/2784500/jama_henderson_2021_us_210013_1631920925.02553.pdf,download_failed,0,
ART-0585,VC_fail,exa,Henderson,2021,crossref,10.1001/jama.2020.26422,false,,,not_oa,0,
ART-0594,VC_fail,exa,Hirschtritt,2017,crossref,10.1001/jama.2017.2200,false,,,not_oa,0,
ART-0602,VC_fail,exa,Hornberger,2021,crossref,10.1542/peds.2020-040279,true,publisher,https://publications.aap.org/pediatrics/article-pdf/147/1/e2020040279/1082107/peds_2020040279.pdf,download_failed,0,
ART-0606,VC_fail,exa,Hresko,2018,crossref,10.1001/jamapediatrics.2017.5585,true,publisher,https://jamanetwork.com/journals/jamapediatrics/articlepdf/2668395/jamapediatrics_hresko_2018_ed_170051.pdf,download_failed,0,
ART-0611,VC_fail,exa,Huizar,2019,crossref,10.1016/j.jacc.2019.02.045,true,repository,,oa_no_pdf_url,0,
ART-0613,VC_fail,exa,Hundemer,2019,crossref,10.1016/j.ecl.2019.08.002,true,repository,,oa_no_pdf_url,0,
ART-0615,VC_fail,exa,Iglesia,2017,crossref,10.1097/00006250-201711000-00052,false,,,not_oa,0,
ART-0625,VC_fail,exa,Insogna,2018,url,10.1056/NEJMcp1714213,false,,,not_oa,0,
ART-0630,VC_fail,exa,Jain,2017,crossref,10.1097/phm.0000000000000566,false,,,not_oa,0,
ART-0632,VC_fail,exa,James,2014,crossref,10.1001/jama.2013.284427,false,,,not_oa,0,
ART-0639,VC_fail,exa,Joham,2022,crossref,10.1016/s2213-8587(22)00163-2,false,,,not_oa,0,
ART-0641,VC_fail,exa,Johnson,2021,crossref,10.12788/jfp.0239,false,,,not_oa,0,
ART-0644,VC_fail,exa,Jonckheer,2016,crossref,10.53347/rid-43473,true,publisher,,oa_no_pdf_url,0,
ART-0646,VC_fail,exa,Jones,2021,url,10.12968/hmed.2020.0603,true,repository,https://discovery.ucl.ac.uk/10145918/3/Jones_Upload.pdf,downloaded,221772,Jones_2021#@#ART-0646@#@.pdf
ART-0647,VC_fail,exa,Jones,2018,crossref,10.1001/jama.2018.12426,false,,,not_oa,0,
ART-0649,VC_fail,exa,Joshi,2021,crossref,10.1001/jama.2021.1527,false,,,not_oa,0,
ART-0661,VC_fail,exa,Kant,2022,crossref,10.1111/pedi.13388/v3/review1,false,,,not_oa,0,
ART-0666,VC_fail,exa,Katz,2021,pmid_eutils,10.1001/jama.2020.22171,true,repository,,oa_no_pdf_url,0,
ART-0667,VC_fail,exa,Katz,2022,crossref,10.1001/jama.2022.5921,false,,,not_oa,0,
ART-0670,VC_fail,exa,Kavanagh,2022,crossref,10.1001/jama.2022.10233,false,,,not_oa,0,
ART-0672,VC_fail,exa,Kearon,2016,pmid_eutils,10.1016/j.chest.2015.11.026,false,,,not_oa,0,
ART-0678,VC_fail,exa,Khan,2014,crossref,10.1503/cmaj.140433,true,publisher,http://www.cmaj.ca/content/cmaj/186/14/1057.full.pdf,downloaded,159580,Khan_2014#@#ART-0678@#@.pdf
ART-0680,VC_fail,exa,Killeen,2020,none,,false,,,no_doi,0,
ART-0684,VC_fail,exa,King,1999,url,10.1148/radiology.213.1.r99oc07167,false,,,not_oa,0,
ART-0685,VC_fail,exa,Kingsberg,2020,pmid_eutils,10.1097/AOG.0000000000003729,false,,,not_oa,0,
ART-0686,VC_fail,exa,Kini,2018,crossref,10.1001/jama.2018.19271,false,,,not_oa,0,
ART-0687,VC_fail,exa,Kinkade,2016,none,,false,,,no_doi,0,
ART-0688,VC_fail,exa,Kirkilesis,2020,crossref,10.1002/14651858.cd013422.pub2,true,publisher,https://www.cochranelibrary.com/cdsr/doi/10.1002/14651858.CD013422.pub2/pdf/full,download_failed,0,
ART-0689,VC_fail,exa,Kirkilesis,2020,crossref,10.1002/14651858.cd013422.pub2,true,publisher,https://www.cochranelibrary.com/cdsr/doi/10.1002/14651858.CD013422.pub2/pdf/full,download_failed,0,
ART-0695,VC_fail,exa,Kleindorfer,2021,url,10.1161/STR.0000000000000375,true,publisher,https://www.ahajournals.org/doi/pdf/10.1161/STR.0000000000000375,download_failed,0,
ART-0710,VC_fail,exa,Kosowsky,2018,crossref,10.1016/j.cpem.2018.08.008,false,,,not_oa,0,
ART-0715,VC_fail,exa,Kroch,2017,url,10.1007/s00268-017-3954-2?error=cookies_not_supported&code=f346aeb9-9e46-4e60-bd69-59277e5caa92,false,,,not_oa,0,
ART-0716,VC_fail,exa,Krul,2017,crossref,10.1002/14651858.cd007759.pub4,true,repository,,oa_no_pdf_url,0,
ART-0720,VC_fail,exa,Kuo,2014,pmid_eutils,10.1002/lary.21105,false,,,not_oa,0,
ART-0725,VC_fail,exa,Labaki,2020,url,10.7326/AITC202008040,false,,,not_oa,0,
ART-0733,VC_fail,exa,Lang,2022,url,10.1056/NEJMra2120166,false,,,not_oa,0,
ART-0745,VC_fail,exa,Lawler,2019,crossref,10.1007/978-3-030-22720-3_8,false,,,not_oa,0,
ART-0749,VC_fail,exa,Leafblad,2023,url,10.1007/s12306-025-00897-7,false,,,not_oa,0,
ART-0752,VC_fail,exa,Lee,2023,crossref,10.1001/jamadermatol.2022.6378,true,repository,,oa_no_pdf_url,0,
ART-0754,VC_fail,exa,Lee,2023,crossref,10.1001/jamanetworkopen.2023.8655,true,publisher,https://jamanetwork.com/journals/jamanetworkopen/articlepdf/2803923/lee_2023_oi_230275_1680890810.84907.pdf,download_failed,0,
ART-0758,VC_fail,exa,Lehmann,2018,crossref,10.1056/nejmra1805981,false,,,not_oa,0,
ART-0763,VC_fail,exa,Levett,2023,crossref,10.1016/j.amjmed.2023.04.014,true,publisher,http://www.amjmed.com/article/S0002934323002954/pdf,download_failed,0,
ART-0764,VC_fail,exa,Levy,2019,crossref,10.1136/bmj.l321,false,,,not_oa,0,
ART-0769,VC_fail,exa,Light,2022,crossref,10.1093/jn/nxab414,true,repository,,oa_no_pdf_url,0,
ART-0771,VC_fail,exa,Lim,2016,pmid_eutils,10.1002/14651858.CD004764.pub2,false,,,not_oa,0,
ART-0775,VC_fail,exa,Lindor,2021,pmid_eutils,10.1002/hep.32117,false,,,not_oa,0,
ART-0778,VC_fail,exa,Lipman,2013,url,10.1016/j.wem.2013.07.004,true,publisher,http://www.wemjournal.org/article/S108060321300166X/pdf,download_failed,0,
ART-0782,VC_fail,exa,Livingston,2020,crossref,10.1016/s0140-6736(20)30367-6,true,publisher,http://www.thelancet.com/article/S0140673620303676/pdf,download_failed,0,
ART-0783,VC_fail,exa,Lloyd,2021,url,10.1007/s40122-021-00279-4,true,publisher,https://link.springer.com/content/pdf/10.1007/s40122-021-00279-4.pdf,downloaded,467523,Lloyd_2021#@#ART-0783@#@.pdf
ART-0784,VC_fail,exa,LoVerde,2018,crossref,10.1016/j.chest.2017.07.033,true,publisher,http://journal.chestnet.org/article/S0012369217313326/pdf,download_failed,0,
ART-0788,VC_fail,exa,Long,2021,pmid_eutils,10.1016/j.ajem.2021.05.006,false,,,not_oa,0,
ART-0791,VC_fail,exa,Louis-Jacques,2023,crossref,10.1001/jama.2023.0004,false,,,not_oa,0,
ART-0793,VC_fail,exa,Luks,2022,url,10.1056/NEJMra2104829?query=featured_home,false,,,not_oa,0,
ART-0798,VC_fail,exa,Lähteenmäki,2006,crossref,10.1016/j.jse.2005.07.006,false,,,not_oa,0,
ART-0800,VC_fail,exa,Madoff,2024,crossref,10.5772/intechopen.1005995,false,,,not_oa,0,
ART-0802,VC_fail,exa,Majoka,2021,pmid_eutils,10.1016/j.clinthera.2021.05.005,true,publisher,http://www.clinicaltherapeutics.com/article/S0149291821002204/pdf,download_failed,0,
ART-0805,VC_fail,exa,Maloney,2016,crossref,10.1542/9781610020213-part13-acute_ch102,false,,,not_oa,0,
ART-0813,VC_fail,exa,Manzotti,2019,crossref,10.1002/14651858.cd012546.pub2,true,publisher,https://www.cochranelibrary.com/cdsr/doi/10.1002/14651858.CD012546.pub2/pdf/full,download_failed,0,
ART-0815,VC_fail,exa,Marian,2017,url,10.1148/rg.2016150137,false,,,not_oa,0,
ART-0818,VC_fail,exa,Maron,2018,pmid_eutils,10.1056/NEJMra1710575,false,,,not_oa,0,
ART-0819,VC_fail,exa,Marshall,2021,crossref,10.12788/jfp.0257,true,publisher,https://cdn.mdedge.com/files/s3fs-public/JFP07009347.PDF,downloaded,197192,Marshall_2021#@#ART-0819@#@.pdf
ART-0822,VC_fail,exa,Masclee,2014,pmid_eutils,10.1053/j.gastro.2014.06.007,true,publisher,http://www.gastrojournal.org/article/S0016508514007689/pdf,download_failed,0,
ART-0824,VC_fail,exa,Masuccio,2024,pmid_eutils,10.1007/s40266-024-01104-1,false,,,not_oa,0,
ART-0825,VC_fail,exa,Maternal,2022,crossref,10.1016/j.ajog.2021.11.396,false,,,not_oa,0,
ART-0829,VC_fail,exa,Matiasz,2017,url,10.1161/jaha.117.007596,true,publisher,https://www.ahajournals.org/doi/pdf/10.1161/JAHA.117.007596,download_failed,0,
ART-0830,VC_fail,exa,Matteson,2017,crossref,10.7326/aitc201705020,false,,,not_oa,0,
ART-0831,VC_fail,exa,Matteson,2013,crossref,10.1097/aog.0b013e3182839e0e,true,repository,,oa_no_pdf_url,0,
ART-0836,VC_fail,exa,Mazzone,2018,crossref,10.1016/j.chest.2018.01.016,true,repository,,oa_no_pdf_url,0,
ART-0840,VC_fail,exa,McDermott,2020,url,10.7326/aitc202004070~hyperthyroidism,false,,,not_oa,0,
ART-0845,VC_fail,exa,McKenna,2021,none,,false,,,no_doi,0,
ART-0849,VC_fail,exa,McNeil,2018,url,10.1056/NEJMoa1803955,true,publisher,https://www.nejm.org/doi/pdf/10.1056/NEJMoa1803955?articleTools=true,download_failed,0,
ART-0850,VC_fail,exa,McPhee,2019,none,,false,,,no_doi,0,
ART-0852,VC_fail,exa,Mederos,2021,pmid_eutils,10.1001/jama.2020.20317,false,,,not_oa,0,
ART-0854,VC_fail,exa,Mehta,2018,crossref,10.3949/ccjm.85a.16137,true,publisher,https://mdedge-files-live.s3.us-east-2.amazonaws.com/files/s3fs-public/Document/March-2018/mehta_femaleathletetriad.pdf,download_failed,0,
ART-0855,VC_fail,exa,Meine,2005,crossref,10.1016/j.ahj.2005.02.010,false,,,not_oa,0,
ART-0859,VC_fail,exa,Mello,2022,url,10.1056/NEJMp2200794,false,,,not_oa,0,
ART-0862,VC_fail,exa,Meng,2011,crossref,10.3748/wjg.v17.i37.4235,true,publisher,https://www.wjgnet.com/1007-9327/full/v17/i37/4235.htm,download_failed,0,
ART-0873,VC_fail,exa,Miller,2019,crossref,10.3949/ccjm.86a.17107,true,publisher,,oa_no_pdf_url,0,
ART-0875,VC_fail,exa,Miller,2023,crossref,10.1093/sw/swae040,false,,,not_oa,0,
ART-0882,VC_fail,exa,Mitchell,2020,url,10.1056/NEJMcp1803175?query=TOC,false,,,not_oa,0,
ART-0892,VC_fail,exa,Morgenthaler,2018,url,10.5664/jcsm.7178,true,publisher,https://jcsm.aasm.org/doi/pdf/10.5664/jcsm.7178,download_failed,0,
ART-0894,VC_fail,exa,Morley,2020,crossref,10.1016/j.jemermed.2020.06.002,false,,,not_oa,0,
ART-0896,VC_fail,exa,Moss,2019,crossref,10.12788/jhm.3314,false,,,not_oa,0,
ART-0901,VC_fail,exa,Mulhem,2011,none,,false,,,no_doi,0,
ART-0903,VC_fail,exa,Murgia,2020,url,10.1089/ped.2019.1135,true,repository,,oa_no_pdf_url,0,
ART-0914,VC_fail,exa,National Institute on Aging,2021,crossref,10.2105/9780875533162bm3,false,,,not_oa,0,
ART-0922,VC_fail,exa,Nguyen,2023,crossref,10.53347/rid-202146,true,publisher,,oa_no_pdf_url,0,
ART-0925,VC_fail,exa,Nidorf,2007,crossref,10.1016/j.amjcard.2006.10.039,false,,,not_oa,0,
ART-0927,VC_fail,exa,Nielsen,2016,crossref,10.7326/m15-1496,false,,,not_oa,0,
ART-0929,VC_fail,exa,O'Connor,2021,crossref,10.1001/jama.2021.15650,true,publisher,https://jamanetwork.com/journals/jama/articlepdf/2793447/jama_oconnor_2022_us_210023_1655315979.28248.pdf,download_failed,0,
ART-0932,VC_fail,exa,Ofori-Asenso,2019,crossref,10.3390/jcdd6030030,true,publisher,https://www.mdpi.com/2308-3425/6/3/30/pdf?version=1566460825,downloaded,575214,OforiAsenso_2019#@#ART-0932@#@.pdf
ART-0942,VC_fail,exa,Olinic,2019,crossref,10.3390/jcm8081215,true,publisher,https://www.mdpi.com/2077-0383/8/8/1215/pdf?version=1565776748,downloaded,248722,Olinic_2019#@#ART-0942@#@.pdf
ART-0944,VC_fail,exa,Olson,2023,crossref,10.1016/j.otsm.2023.151025,false,,,not_oa,0,
ART-0947,VC_fail,exa,Ortega,2021,crossref,10.1056/nejmvcm2020745,false,,,not_oa,0,
ART-0953,VC_fail,exa,Pahor,2019,pmid_eutils,10.1001/jama.2019.6569,false,,,not_oa,0,
ART-0955,VC_fail,exa,Palma,2020,url,10.1212/CON.0000000000000816,true,repository,,oa_no_pdf_url,0,
ART-0956,VC_fail,exa,Pani,2014,crossref,10.1002/14651858.cd008544.pub2,true,repository,https://pmc.ncbi.nlm.nih.gov/articles/PMC10585425/pdf/CD008544.pdf,download_failed,0,
ART-0972,VC_fail,exa,Peixoto,2019,url,10.1056/NEJMc1916851,false,,,not_oa,0,
ART-0973,VC_fail,exa,Pelkowski,2014,crossref,10.3926/oms.234,false,,,not_oa,0,
ART-0976,VC_fail,exa,Perez,2009,pmid_eutils,10.1002/14651858.CD006743.pub2,true,repository,,oa_no_pdf_url,0,
ART-0981,VC_fail,exa,Perry,2021,pmid_eutils,10.7326/M21-4011,false,,,not_oa,0,
ART-0984,VC_fail,exa,Peters,2017,crossref,10.1016/b978-0-323-37713-3.50039-x,false,,,not_oa,0,
ART-0987,VC_fail,exa,Phan,2019,pmid_eutils,10.1016/j.jaad.2017.08.042,false,,,not_oa,0,
ART-0989,VC_fail,exa,Pietzak,2009,pmid_eutils,10.1016/j.cgh.2009.05.028,false,,,not_oa,0,
ART-0990,VC_fail,exa,Pimenta,2009,crossref,10.1016/j.pcad.2008.02.004,false,,,not_oa,0,
ART-0994,VC_fail,exa,Pitt,2014,url,10.1056/NEJMoa1313731,true,publisher,https://www.nejm.org/doi/pdf/10.1056/NEJMoa1313731?articleTools=true,download_failed,0,
ART-0997,VC_fail,exa,Porter,2018,none,,false,,,no_doi,0,
ART-1002,VC_fail,exa,Powers,2019,url,10.1161/STR.0000000000000211,false,,,not_oa,0,
ART-1009,VC_fail,exa,Private,2021,crossref,10.5040/9798216402640.ch-6,false,,,not_oa,0,
ART-1014,VC_fail,exa,Puopolo,2019,crossref,10.1542/peds.2019-2350,false,,,not_oa,0,
ART-1017,VC_fail,exa,Qaseem,2017,url,10.7326/L17-0482,false,,,not_oa,0,
ART-1018,VC_fail,exa,Qaseem,2020,url,10.7326/M19-0882,false,,,not_oa,0,
ART-1020,VC_fail,exa,Qaseem,2018,url,10.7326/M17-0939,false,,,not_oa,0,
ART-1024,VC_fail,exa,Quinn,2023,url,10.1007/978-3-031-38567-4?error=cookies_not_supported&code=85ddc161-983c-4302-a766-cf2caf7de2eb,false,,,not_oa,0,
ART-1027,VC_fail,exa,Raharja,2022,pmid_eutils,10.7861/clinmed.2022-0057,true,publisher,https://www.rcpjournals.org/content/clinmedicine/22/2/95.full.pdf,download_failed,0,
ART-1029,VC_fail,exa,Raleigh,2022,crossref,10.1007/s40278-022-11155-3,false,,,not_oa,0,
ART-1030,VC_fail,exa,Ralston,2018,none,,false,,,no_doi,0,
ART-1031,VC_fail,exa,Ralston,2013,url,10.1056/NEJMcp1204713,false,,,not_oa,0,
ART-1038,VC_fail,exa,Randerath,2011,crossref,10.1183/09031936.00099710,true,publisher,https://erj.ersjournals.com/content/erj/37/5/1000.full.pdf,download_failed,0,
ART-1040,VC_fail,exa,Raval,2020,crossref,10.1016/b978-0-323-67509-3.00004-4,false,,,not_oa,0,
ART-1042,VC_fail,exa,Raza,2020,none,,false,,,no_doi,0,
ART-1043,VC_fail,exa,Reamy,2010,crossref,10.1016/j.pop.2010.04.010,false,,,not_oa,0,
ART-1045,VC_fail,exa,Reber,2019,crossref,10.3390/jcm8122202,true,publisher,https://www.mdpi.com/2077-0383/8/12/2202/pdf?version=1576238718,downloaded,2936325,Reber_2019#@#ART-1045@#@.pdf
ART-1047,VC_fail,exa,Redfield,2016,crossref,10.1056/nejmcp1511175,false,,,not_oa,0,
ART-1057,VC_fail,exa,Reust,2016,crossref,10.1097/01.jaa.0000481415.57280.1a,false,,,not_oa,0,
ART-1065,VC_fail,exa,Rich,2014,url,10.1161/circulationaha.114.006971,false,,,not_oa,0,
ART-1073,VC_fail,exa,Robbins,2021,crossref,10.1001/jama.2021.1640,false,,,not_oa,0,
ART-1074,VC_fail,exa,Robinson,2019,url,10.1056/NEJMicm1902490,false,,,not_oa,0,
ART-1079,VC_fail,exa,Rooney,2021,crossref,10.1001/jamainternmed.2020.8774,true,publisher,https://jamanetwork.com/journals/jamainternalmedicine/articlepdf/2775594/jamainternal_rooney_2021_oi_200113_1617393547.05511.pdf,download_failed,0,
ART-1080,VC_fail,exa,Ropper,2023,url,10.1056/NEJMra2213867?query=WB&bid=1431453414,false,,,not_oa,0,
ART-1083,VC_fail,exa,Rosendorff,2015,url,10.1161/CIR.0000000000000207,true,publisher,https://www.ahajournals.org/doi/pdf/10.1161/CIR.0000000000000207,download_failed,0,
ART-1088,VC_fail,exa,Rubio-Tapia,2024,crossref,10.1053/j.gastro.2024.01.040,true,publisher,http://www.gastrojournal.org/article/S0016508524001276/pdf,download_failed,0,
ART-1095,VC_fail,exa,Sabin,2022,url,10.1056/NEJMp2201180,true,repository,https://pmc.ncbi.nlm.nih.gov/articles/PMC10332478/pdf/nihms-1904748.pdf,download_failed,0,
ART-1103,VC_fail,exa,Salzman,2019,none,,false,,,no_doi,0,
ART-1104,VC_fail,exa,Sanders,2008,pmid_eutils,10.1097/NRL.0b013e318176b98d,false,,,not_oa,0,
ART-1106,VC_fail,exa,Sanford,2016,none,,false,,,no_doi,0,
ART-1110,VC_fail,exa,Savitsky,2018,crossref,10.1001/jama.2018.12878,false,,,not_oa,0,
ART-1114,VC_fail,exa,Schlegel,2021,crossref,10.1097/ju.0000000000001520,true,publisher,https://www.auajournals.org/doi/pdf/10.1097/JU.0000000000001520,download_failed,0,
ART-1131,VC_fail,exa,Sehgal,2021,crossref,10.46747/cfp.670125,true,publisher,https://www.cfp.ca/content/cfp/67/1/25.full.pdf,downloaded,132407,Sehgal_2021#@#ART-1131@#@.pdf
ART-1139,VC_fail,exa,Shah,2021,crossref,10.1056/nejmcp2108501,false,,,not_oa,0,
ART-1140,VC_fail,exa,Shahrizaila,2021,crossref,10.1016/s0140-6736(21)00517-1,false,,,not_oa,0,
ART-1141,VC_fail,exa,Shane,2017,crossref,10.1093/cid/cix959,true,publisher,https://academic.oup.com/cid/article-pdf/65/12/1963/24267191/cix959.pdf,download_failed,0,
ART-1142,VC_fail,exa,Shapiro,2018,url,10.1056/NEJMra1712502,false,,,not_oa,0,
ART-1150,VC_fail,exa,Shen,2017,crossref,10.1001/jamainternmed.2016.7061,false,,,not_oa,0,
ART-1151,VC_fail,exa,Shen,2017,url,10.1161/cir.0000000000000498,false,,,not_oa,0,
ART-1156,VC_fail,exa,Siddiqui,2022,crossref,10.12968/hmed.2021.0570,false,,,not_oa,0,
ART-1161,VC_fail,exa,Sims,2020,url,10.1007/s00330-020-06804-x?error=cookies_not_supported&code=6edea0a5-aa99-425f-acd3-c58a9c810891,false,,,not_oa,0,
ART-1162,VC_fail,exa,Singer,2017,url,10.1056/NEJMc1715237,false,,,not_oa,0,
ART-1166,VC_fail,exa,Slattengren,2019,crossref,10.22454/fammed.2019.998853,true,publisher,,oa_no_pdf_url,0,
ART-1181,VC_fail,exa,Social,2012,crossref,10.1007/bf03652609,false,,,not_oa,0,
ART-1184,VC_fail,exa,Sollecito,2015,crossref,10.1016/j.adaj.2014.11.012,false,,,not_oa,0,
ART-1185,VC_fail,exa,Solomon,2019,url,10.1056/nejmoa1908655,true,publisher,https://www.nejm.org/doi/pdf/10.1056/NEJMoa1908655?articleTools=true,download_failed,0,
ART-1189,VC_fail,exa,Soyka,2017,crossref,10.1056/nejmra1611832,false,,,not_oa,0,
ART-1190,VC_fail,exa,Spach,2022,crossref,10.53598/2410-3225-2022-1-296-46-49,true,publisher,https://doi.org/10.53598/2410-3225-2022-1-296-46-49,download_failed,0,
ART-1196,VC_fail,exa,Stabler,2013,url,10.1056/NEJMcp1113996,false,,,not_oa,0,
ART-1198,VC_fail,exa,Staloch,2017,url,10.1056/NEJMicm1701787?query=TOC,false,,,not_oa,0,
ART-1199,VC_fail,exa,Stein,2021,crossref,10.1001/jama.2020.21899,false,,,not_oa,0,
ART-1201,VC_fail,exa,Steiner,2004,crossref,10.1001/jama.291.22.2746,false,,,not_oa,0,
ART-1202,VC_fail,exa,Stengel,2018,pmid_eutils,10.1002/14651858.CD012669.pub2,true,publisher,https://www.cochranelibrary.com/cdsr/doi/10.1002/14651858.CD012669.pub2/pdf/full,download_failed,0,
ART-1207,VC_fail,exa,Stojak,2019,url,10.1111/acem.14066,true,publisher,https://onlinelibrary.wiley.com/doi/pdfdirect/10.1111/acem.14066,download_failed,0,
ART-1208,VC_fail,exa,Stone,2002,pmid_eutils,10.7326/0003-4819-136-9-200205070-00006,false,,,not_oa,0,
ART-1209,VC_fail,exa,Strnad,2020,url,10.1056/NEJMra1910234,false,,,not_oa,0,
ART-1210,VC_fail,exa,Stuenkel,2023,crossref,10.1056/nejmcp2116488,false,,,not_oa,0,
ART-1213,VC_fail,exa,Surawicz,2009,crossref,10.1161/circulationaha.108.191095,false,,,not_oa,0,
ART-1215,VC_fail,exa,Swanson,2018,url,10.7326/AITC201805010,false,,,not_oa,0,
ART-1230,VC_fail,exa,The,1994,crossref,10.1016/0002-8703(94)90694-7,false,,,not_oa,0,
ART-1234,VC_fail,exa,Thorogood,2011,crossref,10.1016/j.amjmed.2011.02.037,true,repository,,oa_no_pdf_url,0,
ART-1236,VC_fail,exa,Tintinalli,2016,none,,false,,,no_doi,0,
ART-1245,VC_fail,exa,Tsai,2019,url,10.7326/aitc201903050~obesity,false,,,not_oa,0,
ART-1246,VC_fail,exa,Tsou,2020,crossref,10.1001/jama.2020.17024,false,,,not_oa,0,
ART-1270,VC_fail,exa,Unger,2020,crossref,10.1161/hypertensionaha.120.15026,true,publisher,https://www.ahajournals.org/doi/pdf/10.1161/HYPERTENSIONAHA.120.15026,download_failed,0,
ART-1287,VC_fail,exa,Vary,2015,pmid_eutils,10.1016/j.mcna.2015.07.003,false,,,not_oa,0,
ART-1292,VC_fail,exa,Verhaegh,2014,url,10.1377/hlthaff.2014.0160,false,,,not_oa,0,
ART-1302,VC_fail,exa,Vivian,2019,crossref,10.14309/ajg.0000000000000264,false,,,not_oa,0,
ART-1304,VC_fail,exa,Wakai,2017,crossref,10.1002/14651858.cd009781.pub2,true,publisher,https://www.cochranelibrary.com/cdsr/doi/10.1002/14651858.CD009781.pub2/media/CDSR/CD009781/CD009781.pdf,download_failed,0,
ART-1305,VC_fail,exa,Walker,2023,crossref,10.1056/nejmcp2307353,false,,,not_oa,0,
ART-1308,VC_fail,exa,Walsworth,2008,crossref,10.1016/j.apmr.2009.05.015,false,,,not_oa,0,
ART-1314,VC_fail,exa,Watt,2019,pmid_eutils,10.7326/M19-0993,false,,,not_oa,0,
ART-1315,VC_fail,exa,Webster,2017,crossref,10.1016/s0140-6736(16)32064-5,false,,,not_oa,0,
ART-1318,VC_fail,exa,Wei,2023,url,10.1097/JU.0000000000003491,true,repository,https://pmc.ncbi.nlm.nih.gov/articles/PMC11060750/pdf/nihms-1954227.pdf,download_failed,0,
ART-1320,VC_fail,exa,Weinfield,2022,crossref,10.1016/j.jneb.2021.09.002,false,,,not_oa,0,
ART-1321,VC_fail,exa,Weintraub,2014,url,10.1056/NEJMoa1311738,true,publisher,https://www.nejm.org/doi/pdf/10.1056/NEJMoa1311738?articleTools=true,download_failed,0,
ART-1322,VC_fail,exa,Weisbord,2018,url,10.1056/NEJMoa1710933,true,publisher,https://www.nejm.org/doi/pdf/10.1056/NEJMoa1710933?articleTools=true,download_failed,0,
ART-1324,VC_fail,exa,Welch,2019,url,10.1056/NEJMsr1905447,false,,,not_oa,0,
ART-1342,VC_fail,exa,Will,2011,url,10.1111/j.1365-2141.2011.08697.x,true,publisher,https://onlinelibrary.wiley.com/doi/pdfdirect/10.1111/j.1365-2141.2011.08697.x,download_failed,0,
ART-1347,VC_fail,exa,Williamson,2014,crossref,10.1097/aog.0000000000000346,false,,,not_oa,0,
ART-1351,VC_fail,exa,Winslow,2016,crossref,10.1111/acer.13093,true,repository,,oa_no_pdf_url,0,
ART-1370,VC_fail,exa,Wu,2018,url,10.7326/AITC201806050,false,,,not_oa,0,
ART-1373,VC_fail,exa,Yang,2012,crossref,10.1016/j.amjmed.2011.09.019,true,repository,https://escholarship.org/content/qt2g74c8n4/qt2g74c8n4.pdf,downloaded,1384157,Yang_2012#@#ART-1373@#@.pdf
ART-1380,VC_fail,exa,Young,2018,none,,false,,,no_doi,0,
ART-1381,VC_fail,exa,Young-Fadok,2018,crossref,10.1056/nejmcp1800468,false,,,not_oa,0,
ART-1382,VC_fail,exa,Young-Fadok,2018,crossref,10.1056/nejmcp1800468,false,,,not_oa,0,
ART-1383,VC_fail,exa,Zaina,2016,crossref,10.1002/14651858.cd010264.pub2,true,publisher,https://www.cochranelibrary.com/cdsr/doi/10.1002/14651858.CD010264.pub2/pdf/full,download_failed,0,
ART-1386,VC_fail,exa,Zipes,2019,crossref,10.1016/b978-0-323-60987-6.06001-4,false,,,not_oa,0,
ART-1387,VC_fail,exa,Zipes,2019,crossref,10.1016/b978-0-323-60987-6.06001-4,false,,,not_oa,0,
ART-1392,VC_fail,exa,de,2019,url,10.1161/CIR.0000000000000618,false,,,not_oa,0,
ART-1397,VC_fail,exa,van,2017,crossref,10.1016/s0140-6736(17)30885-1,false,,,not_oa,0,
ART-1551,VC_fail,exa,Shaw,2016,crossref,10.1542/peds.2016-3107,false,,,not_oa,0,
ART-1553,VC_fail,exa,Khodaee,2017,none,,false,,,no_doi,0,
ART-1554,VC_fail,exa,O’Gara,2013,url,10.1161/cir.0b013e3182742cf6,false,,,not_oa,0,
ART-1556,VC_fail,exa,Tiemstra,2012,crossref,10.1016/j.osfp.2013.04.001,false,,,not_oa,0,
ART-1557,VC_fail,exa,Morin,2016,pmid_eutils,10.1016/j.mayocp.2016.08.022,false,,,not_oa,0,
ART-1559,VC_fail,exa,Kasper,2015,none,,false,,,no_doi,0,
ART-1560,VC_fail,exa,Perera,2014,crossref,10.5005/jp/books/12335_10,false,,,not_oa,0,
ART-1563,VC_fail,exa,Narayan,2016,url,10.1002/jhm.2509~avoiding-contrastenhanced-computed-tomography-scans-in,false,,,not_oa,0,
ART-1566,VC_fail,exa,ACR,2018,crossref,10.1016/j.jacr.2017.11.038,false,,,not_oa,0,
ART-1567,VC_fail,exa,Ellison,2007,pmid_eutils,10.1056/NEJMcp066837,false,,,not_oa,0,
ART-1568,VC_fail,exa,Verbalis,2013,crossref,10.1016/j.amjmed.2013.07.006,false,,,not_oa,0,
ART-1570,VC_fail,exa,Richardson,2010,pmid_eutils,10.1542/peds.2009-2712,false,,,not_oa,0,
ART-1571,VC_fail,exa,Marso,2016,url,10.1056/NEJMoa1603827,true,publisher,https://www.nejm.org/doi/pdf/10.1056/NEJMoa1603827?articleTools=true,download_failed,0,
ART-1572,VC_fail,exa,Sattar,2017,pmid_eutils,10.1016/j.jacc.2017.04.014,false,,,not_oa,0,
ART-1575,VC_fail,exa,Qaseem,2017,url,10.7326/m16-2367,false,,,not_oa,0,
ART-1579,VC_fail,exa,Kellerman,2018,none,,false,,,no_doi,0,
ART-1581,VC_fail,exa,Bannuru,2015,crossref,10.7326/m14-1231,false,,,not_oa,0,
ART-1585,VC_fail,exa,Press,2017,crossref,10.1001/jama.2017.15782,false,,,not_oa,0,
ART-1587,VC_fail,exa,Leichsenring,2017,url,10.1056/NEJMcp1614701,false,,,not_oa,0,
ART-1588,VC_fail,exa,Dunn,2017,none,,false,,,no_doi,0,
ART-1591,VC_fail,exa,Massad,2012,crossref,10.1097/aog.0b013e3182883a34,false,,,not_oa,0,
ART-1597,VC_fail,exa,Hogg,2000,pmid_eutils,10.1542/peds.105.6.1242,false,,,not_oa,0,
ART-1599,VC_fail,exa,Coffey,2015,crossref,10.4324/9780203764084-4,false,,,not_oa,0,
ART-1600,VC_fail,exa,Le,2017,crossref,10.3949/ccjm.84a.16020,true,publisher,https://mdedge-files-live.s3.us-east-2.amazonaws.com/files/s3fs-public/ccjm_copywritten_only_use_for_ccjm/le_herpeszostervaccine.pdf,download_failed,0,
ART-1602,VC_fail,exa,Hudson,2014,crossref,10.1097/01.cot.0000457024.19101.b4,false,,,not_oa,0,
ART-1603,VC_fail,exa,Raleigh,2015,pmid_eutils,10.1002/14651858.CD010692.pub2,false,,,not_oa,0,
ART-1612,VC_fail,exa,Mandel,2013,url,10.7326/0003-4819-158-9-201305070-01005,false,,,not_oa,0,
ART-1614,VC_fail,exa,Torres,2015,url,10.1378/chest.15-0136,false,,,not_oa,0,
ART-1615,VC_fail,exa,EBM,2018,crossref,10.1136/bmjebm-2018-110918,true,publisher,https://ebm.bmj.com/content/ebmed/23/2/46.full.pdf,download_failed,0,
ART-1617,VC_fail,exa,Dashe,2013,crossref,10.1016/j.ocl.2013.06.008,false,,,not_oa,0,
ART-1619,VC_fail,exa,Katzung,2015,crossref,10.4135/9781473974463,false,,,not_oa,0,
ART-1622,VC_fail,exa,Murray,2017,none,,false,,,no_doi,0,
ART-1626,VC_fail,exa,Mody,2014,crossref,10.1001/jama.2014.303,true,repository,,oa_no_pdf_url,0,
ART-1627,VC_fail,exa,Clair,2016,url,10.1056/NEJMra1503884,false,,,not_oa,0,
ART-1630,VC_fail,exa,Fleisher,2014,pmid_eutils,10.1161/CIR.0000000000000106,true,publisher,https://www.ahajournals.org/doi/pdf/10.1161/CIR.0000000000000106,download_failed,0,
ART-1634,VC_fail,exa,Short,2017,none,,false,,,no_doi,0,
ART-1636,VC_fail,exa,Kliegman,2016,crossref,10.1007/s00247-017-3907-9,false,,,not_oa,0,
ART-1637,VC_fail,exa,Ketai,2014,crossref,10.1097/rti.0000000000000084,false,,,not_oa,0,
ART-1638,VC_fail,exa,Nishimura,2014,crossref,10.1161/cir.0000000000000031,false,,,not_oa,0,
ART-1640,VC_fail,exa,Lacy,2017,crossref,10.3390/jcm6110099,true,publisher,https://www.mdpi.com/2077-0383/6/11/99/pdf?version=1509012316,downloaded,182741,Lacy_2017#@#ART-1640@#@.pdf
ART-1641,VC_fail,exa,Pegrum,2014,crossref,10.3810/psm.2014.11.2095,false,,,not_oa,0,
ART-1649,VC_fail,exa,Qaseem,2017,url,10.7326/L17-0231,false,,,not_oa,0,
ART-1652,VC_fail,exa,Council,2016,crossref,10.1542/peds.2017-1490,false,,,not_oa,0,
ART-1656,VC_fail,exa,Link,2015,url,10.1161/cir.0000000000000261,true,publisher,https://www.ahajournals.org/doi/pdf/10.1161/CIR.0000000000000261,download_failed,0,
ART-1657,VC_fail,exa,Chong,2012,crossref,10.1002/14651858.cd009157.pub2,true,publisher,https://www.cochranelibrary.com/cdsr/doi/10.1002/14651858.CD009157.pub2/pdf/full,download_failed,0,
ART-1658,VC_fail,exa,Karner,2014,crossref,10.1002/14651858.cd009285.pub3,true,publisher,https://www.cochranelibrary.com/cdsr/doi/10.1002/14651858.CD009285.pub3/pdf/full,download_failed,0,
ART-1660,VC_fail,exa,Lowes,2016,crossref,10.1007/s40278-016-16660-2,false,,,not_oa,0,
ART-1664,VC_fail,exa,Omer,2017,url,10.1056/NEJMra1509044,false,,,not_oa,0,
ART-1668,VC_fail,exa,Javed,2013,pmid_eutils,10.1016/j.mayocp.2013.07.001,false,,,not_oa,0,
ART-1669,VC_fail,exa,Whitmer,2009,crossref,10.1001/jama.2009.460,true,repository,,oa_no_pdf_url,0,
ART-1674,VC_fail,exa,January,2014,crossref,10.1161/cir.0000000000000041,true,publisher,https://www.ahajournals.org/doi/pdf/10.1161/CIR.0000000000000041,downloaded,1938603,January_2014#@#ART-1674@#@.pdf
ART-1678,VC_fail,exa,Legro,2014,url,10.1056/nejmoa1313517,true,publisher,https://www.nejm.org/doi/pdf/10.1056/NEJMoa1313517?articleTools=true,download_failed,0,
ART-1681,VC_fail,exa,Reusch,2017,crossref,10.1001/jama.2017.0241,true,repository,,oa_no_pdf_url,0,
ART-1682,VC_fail,exa,Gomez-Peralta,2017,url,10.1007/s13300-017-0277-0.pdf?error=cookies_not_supported&code=a977f866-6420-4d88-ab9e-d1e57e4dab8a,false,,,not_oa,0,
ART-1683,VC_fail,exa,Devore,2015,crossref,10.1542/peds.2015-2696,true,publisher,https://pediatrics.aappublications.org/content/pediatrics/136/4/781.2.full.pdf,download_failed,0,
ART-1684,VC_fail,exa,O’Keeffe,2016,crossref,10.1001/jama.2015.16561,false,,,not_oa,0,
ART-1686,VC_fail,exa,Uranga,2016,crossref,10.1001/jamainternmed.2016.3633,true,publisher,https://jamanetwork.com/journals/jamainternalmedicine/articlepdf/2536189/ioi160058.pdf,download_failed,0,
ART-1687,VC_fail,exa,McCracken,2017,pmid_eutils,10.1001/jama.2017.8372,false,,,not_oa,0,
ART-1688,VC_fail,exa,Polin,2014,crossref,10.1542/peds.2014-0360,false,,,not_oa,0,
ART-1689,VC_fail,exa,Hay,2016,crossref,10.4172/2157-7439.1000e143,false,,,not_oa,0,
ART-1691,VC_fail,exa,Buechner,2002,url,10.1046/j.1464-410X.2002.02962.x,false,,,not_oa,0,
ART-1695,VC_fail,exa,Nattinger,2016,crossref,10.7326/aitc201606070,false,,,not_oa,0,
ART-1698,VC_fail,exa,Bobo,2017,crossref,10.1016/j.mayocp.2017.06.022,false,,,not_oa,0,
ART-1706,VC_fail,exa,Daniels,2013,none,,false,,,no_doi,0,
ART-1707,VC_fail,exa,Levine,2016,pmid_eutils,10.1016/j.jtcvs.2016.07.044,true,publisher,http://www.jtcvs.org/article/S0022522316308613/pdf,download_failed,0,
ART-1709,VC_fail,exa,Baugh,2013,url,10.1177/0194599813506835,false,,,not_oa,0,
ART-1711,VC_fail,exa,Loriaux,2017,url,10.1056/NEJMra1505550,false,,,not_oa,0,
ART-1713,VC_fail,exa,Piper,2016,pmid_eutils,10.1378/chest.15-0681,false,,,not_oa,0,
ART-1716,VC_fail,exa,Mukherjee,2016,crossref,10.1016/j.jacc.2016.03.512,false,,,not_oa,0,
ART-1718,VC_fail,exa,Commins,2017,crossref,10.1016/j.mcna.2016.12.003,false,,,not_oa,0,
ART-1720,VC_fail,exa,McNeil,2018,url,10.1056/NEJMoa1805819,true,publisher,https://www.nejm.org/doi/pdf/10.1056/NEJMoa1805819?articleTools=true,download_failed,0,
ART-1723,VC_fail,exa,Molitch,2017,pmid_eutils,10.1001/jama.2016.19699,false,,,not_oa,0,
ART-1724,VC_fail,exa,National Patient Safety Goals Effective January 1,2015,crossref,10.1016/s1553-7250(15)41091-8,false,,,not_oa,0,
ART-1725,VC_fail,exa,AHRQ patient safety primer,2017,crossref,10.1016/j.jcjq.2017.02.003,true,publisher,https://www.sciencedirect.com/science/article/pii/S1553725017300612,download_failed,0,
ART-1726,VC_fail,exa,Wilson,2007,pmid_eutils,10.14219/jada.archive.2007.0262,false,,,not_oa,0,
ART-1727,VC_fail,exa,Oral,2018,crossref,10.1016/j.adaj.2019.07.007,false,,,not_oa,0,
ART-1730,VC_fail,exa,Safety,2017,crossref,10.1001/jama.2017.13272,false,,,not_oa,0,
ART-1731,VC_fail,exa,Vaezi,2017,crossref,10.1053/j.gastro.2017.04.047,true,publisher,http://www.gastrojournal.org/article/S0016508517356238/pdf,download_failed,0,
ART-1734,VC_fail,exa,AGS Choosing Wisely Workgroup,2014,url,10.1111/jgs.12770~american-geriatrics-society-identifies-another-five-things,false,,,not_oa,0,
ART-1737,VC_fail,exa,Cunningham,2010,crossref,10.1080/02763860903485431,false,,,not_oa,0,
ART-1738,VC_fail,exa,Raff,2016,pmid_eutils,10.1001/jama.2016.8825,false,,,not_oa,0,
ART-1745,VC_fail,exa,Barstow,2017,none,,false,,,no_doi,0,
ART-1746,VC_fail,exa,Brunicardi,2015,crossref,10.1016/j.nursi.2015.06.017,false,,,not_oa,0,
ART-1749,VC_fail,exa,Irwin,2006,pmid_eutils,10.1378/chest.129.1_suppl.25S,true,publisher,http://journal.chestnet.org/article/S0012369215528274/pdf,download_failed,0,
ART-1750,VC_fail,exa,Broaddus,2016,crossref,10.1016/b978-1-4557-3383-5.00135-4,false,,,not_oa,0,
ART-1751,VC_fail,exa,Smith,2016,crossref,10.1056/nejmcp1414215,true,repository,,oa_no_pdf_url,0,
ART-1752,VC_fail,exa,Jeremiah,2015,url,10.1007/s00198-014-2794-2,true,publisher,https://link.springer.com/content/pdf/10.1007/s00198-014-2794-2.pdf,downloaded,763443,Jeremiah_2015#@#ART-1752@#@.pdf
ART-1755,VC_fail,exa,Qaseem,2017,url,10.7326/M16-0570,false,,,not_oa,0,
ART-1757,VC_fail,exa,Wagner,2008,crossref,10.1542/peds.2008-1862,false,,,not_oa,0,
ART-1760,VC_fail,exa,Bly,2013,crossref,10.3410/f.718016058.793478473,false,,,not_oa,0,
ART-1762,VC_fail,exa,Martin,2017,crossref,10.1001/jama.2017.7508,false,,,not_oa,0,
ART-1764,VC_fail,exa,Sedaghat,2017,url,10.1007/978-3-319-74835-1_13?error=cookies_not_supported&code=4dd4671b-2a9f-47d9-a5ca-899c69235dfe,false,,,not_oa,0,
ART-1767,VC_fail,exa,Brukner,2017,crossref,10.1249/01.mss.0000534155.50241.67,false,,,not_oa,0,
ART-1768,VC_fail,exa,Shiroma,2010,url,10.1161/circulationaha.109.914721~physical-activity-and-cardiovascular-health-lessons-learned,false,,,not_oa,0,
ART-1772,VC_fail,exa,Eichenfield,2013,crossref,10.1542/peds.2013-0490b,false,,,not_oa,0,
ART-1778,VC_fail,exa,Kaplowitz,2016,crossref,10.1542/peds.2015-3732,false,,,not_oa,0,
ART-1779,VC_fail,exa,Herishanu,2006,crossref,10.1111/j.1600-0609.2006.00658.x,false,,,not_oa,0,
ART-1781,VC_fail,exa,Taurog,2016,url,10.1056/NEJMra1406182,false,,,not_oa,0,
ART-1784,VC_fail,exa,Koster,2018,crossref,10.1177/2325967118759631,true,publisher,https://journals.sagepub.com/doi/pdf/10.1177/2325967118759631,download_failed,0,
ART-1791,VC_fail,exa,Pierce,2012,url,10.1161/CIR.0000000000000296,true,publisher,https://www.ahajournals.org/doi/pdf/10.1161/CIR.0000000000000296,download_failed,0,
ART-1798,VC_fail,exa,Kandolin,2015,pmid_eutils,10.1161/CIRCULATIONAHA.114.011522,true,publisher,https://www.ahajournals.org/doi/pdf/10.1161/CIRCULATIONAHA.114.011522,download_failed,0,
ART-1802,VC_fail,exa,Bauer,2018,url,10.1056/NEJMcp1506631?query=featured_home,false,,,not_oa,0,
ART-1807,VC_fail,exa,Seeger,2013,url,10.1016/j.jacc.2013.10.036,true,repository,,oa_no_pdf_url,0,
ART-1811,VC_fail,exa,Carman,2000,crossref,10.4103/2230-8229.99247,false,,,not_oa,0,
ART-1813,VC_fail,exa,Parvar,2018,crossref,10.1016/j.jvs.2018.07.027,true,publisher,http://www.jvascsurg.org/article/S0741521418318044/pdf,download_failed,0,
ART-1814,VC_fail,exa,McDermott,2018,crossref,10.1001/jama.2018.8953,false,,,not_oa,0,
ART-1815,VC_fail,exa,Volkert,2015,crossref,10.1016/j.clnu.2015.09.004,true,publisher,http://www.clinicalnutritionjournal.com/article/S026156141500237X/pdf,download_failed,0,
ART-1816,VC_fail,exa,Ackermann,2018,crossref,10.1016/j.jagp.2018.01.044,false,,,not_oa,0,
ART-1817,VC_fail,exa,Ioannidis,2017,pmid_eutils,10.1001/jama.2017.19672,false,,,not_oa,0,
ART-1819,VC_fail,exa,Vitrikas,2017,none,,false,,,no_doi,0,
ART-1821,VC_fail,exa,Cunningham,2014,crossref,10.5339/rels.2014.family.17,false,,,not_oa,0,
ART-1823,VC_fail,exa,Johnson,2016,crossref,10.1016/j.mcna.2015.09.002,false,,,not_oa,0,
ART-1826,VC_fail,exa,Davis,2019,url,10.1007/s00268-018-4864-7~rapid-relief-thyroidectomy-is-a-quicker-cure-than,false,,,not_oa,0,
ART-1827,VC_fail,exa,Cantor,2016,crossref,10.1001/jama.2016.4114,false,,,not_oa,0,
ART-1829,VC_fail,exa,Forsmark,2016,url,10.1056/NEJMra1505202,false,,,not_oa,0,
ART-1830,VC_fail,exa,Smaldone,2008,crossref,10.2337/diaspect.21.1.46,false,,,not_oa,0,
ART-1832,VC_fail,exa,Comparison,2016,crossref,10.1201/b19536-4,false,,,not_oa,0,
ART-1835,VC_fail,exa,Yuan,2013,crossref,10.1016/j.eururo.2013.10.014,false,,,not_oa,0,
ART-1837,VC_fail,exa,Patel,2016,crossref,10.1016/j.jacr.2016.06.008,false,,,not_oa,0,
ART-1839,VC_fail,exa,Bystritsky,2018,pmid_eutils,10.7326/AITC201802060,false,,,not_oa,0,
ART-1847,VC_fail,exa,Messmer,2010,crossref,10.1016/j.osfp.2009.09.001,false,,,not_oa,0,
ART-1851,VC_fail,exa,Furyk,2016,crossref,10.1016/j.annemergmed.2015.06.001,true,publisher,http://www.annemergmed.com/article/S0196064415004801/pdf,download_failed,0,
ART-1857,VC_fail,exa,Mol,2016,crossref,10.1016/s0140-6736(15)00070-7,false,,,not_oa,0,
ART-1860,VC_fail,exa,Meschia,2014,crossref,10.1161/str.0000000000000046,true,publisher,https://www.ahajournals.org/doi/pdf/10.1161/STR.0000000000000046,download_failed,0,
ART-1864,VC_fail,exa,Shenoy,2019,pmid_eutils,10.1001/jama.2018.19283,false,,,not_oa,0,
ART-1867,VC_fail,exa,Finer,2008,url,10.1056/NEJMsa1506575,true,publisher,https://www.nejm.org/doi/pdf/10.1056/NEJMsa1506575?articleTools=true,download_failed,0,
ART-1868,VC_fail,exa,Ensrud,2017,url,10.7326/AITC201708010,false,,,not_oa,0,
ART-1872,VC_fail,exa,MacMahon,2017,url,10.1148/radiol.2017161659,false,,,not_oa,0,
ART-1877,VC_fail,exa,Ge,2014,pmid_eutils,10.1001/jama.2014.2398,false,,,not_oa,0,
ART-1878,VC_fail,exa,Schroeder,2015,pmid_eutils,10.1016/j.csm.2014.09.004,false,,,not_oa,0,
ART-1881,VC_fail,exa,Shekelle,2017,url,10.7326/M16-0461,false,,,not_oa,0,
ART-1884,VC_fail,exa,Zaenglein,2018,crossref,10.1056/nejmcp1702493,false,,,not_oa,0,
ART-1887,VC_fail,exa,Kinkade,2018,crossref,10.1615/interfacphenomheattransfer.v6.i4.70,true,publisher,http://www.dl.begellhouse.com/download/article/4943f14a32e48067/index.pdf,download_failed,0,
ART-1888,VC_fail,exa,Hyatt,2017,crossref,10.1016/j.ocl.2016.12.010,false,,,not_oa,0,
ART-1891,VC_fail,exa,Kaunitz,1994,crossref,10.1016/s0002-9378(12)91813-x,false,,,not_oa,0,
ART-1892,VC_fail,exa,Mulders,2001,crossref,10.1016/s0015-0282(01)01689-2,false,,,not_oa,0,
ART-1895,VC_fail,exa,Norethindrone,2015,none,,false,,,no_doi,0,
ART-1896,VC_fail,exa,Lin,2013,crossref,10.7326/0003-4819-159-9-201311050-00730,false,,,not_oa,0,
ART-1907,VC_fail,exa,Davis,2016,url,10.1111/pedi.12246~profound-hypokalemia-associated-with-severe-diabetic,false,,,not_oa,0,
ART-1917,VC_fail,exa,Atroshi,2013,pmid_eutils,10.7326/0003-4819-159-5-201309030-00004,false,,,not_oa,0,
ART-1919,VC_fail,exa,Barbara,2017,crossref,10.1183/16000617.0055-2017,true,publisher,https://err.ersjournals.com/content/errev/26/146/170055.full.pdf,download_failed,0,
ART-1923,VC_fail,exa,Mounsey,2011,none,,false,,,no_doi,0,
ART-1925,VC_fail,exa,FDA Drug Safety Communication,2018,crossref,10.31525/fda2-ucm625840.htm,false,,,not_oa,0,
ART-1926,VC_fail,exa,Boland,2013,crossref,10.1016/j.ecl.2013.07.006,true,repository,,oa_no_pdf_url,0,
ART-1931,VC_fail,exa,Mimoto,2018,crossref,10.1001/jama.2018.2611,true,publisher,https://jamanetwork.com/journals/jama/articlepdf/2674903/jama_mimoto_2018_gs_180003.pdf,download_failed,0,
ART-1938,VC_fail,exa,Henry,2015,url,10.7326/AITC201508040,false,,,not_oa,0,
ART-1939,VC_fail,exa,Zawistowski,2003,crossref,10.1097/01.ccm.0000065274.46402.db,false,,,not_oa,0,
ART-1943,VC_fail,exa,Ma,2016,crossref,10.1002/14651858.cd010094.pub2,true,repository,https://pmc.ncbi.nlm.nih.gov/articles/PMC10517434/pdf/CD010094.pdf,download_failed,0,
ART-1945,VC_fail,exa,Albalawi,2011,crossref,10.1002/14651858.cd008231.pub2,false,,,not_oa,0,
ART-1947,VC_fail,exa,Herbert,2011,crossref,10.1002/14651858.cd004577.pub3,false,,,not_oa,0,
ART-1948,VC_fail,exa,Yeung,2011,crossref,10.1002/14651858.cd001256.pub2,false,,,not_oa,0,
ART-1949,VC_fail,exa,Keay,2012,crossref,10.1002/14651858.cd007293.pub3,true,repository,,oa_no_pdf_url,0,
ART-1950,VC_fail,exa,Dennis,2008,crossref,10.1002/14651858.cd006795.pub2,false,,,not_oa,0,
ART-1951,VC_fail,exa,Stewart,2011,pmid_eutils,10.1056/NEJMcp1102730,true,repository,,oa_no_pdf_url,0,
ART-1953,VC_fail,exa,McDonald,2011,crossref,10.1598/0829.14,false,,,not_oa,0,
ART-1957,VC_fail,exa,Nunes,2010,crossref,10.1136/bmj.c5399,false,,,not_oa,0,
ART-1959,VC_fail,exa,Binic,2011,crossref,10.1056/nejmicm1008223,false,,,not_oa,0,
ART-1961,VC_fail,exa,Foran,2012,crossref,10.1016/j.amjmed.2012.04.015,true,publisher,http://www.amjmed.com/article/S0002934312003397/pdf,download_failed,0,
ART-1962,VC_fail,exa,Nishizaka,2003,pmid_eutils,10.1016/s0895-7061(03)01032-x,true,publisher,https://academic.oup.com/ajh/article-pdf/16/11/925/388461/16_11_925.pdf,download_failed,0,
ART-1964,VC_fail,exa,Wilson,2011,pmid_eutils,10.7326/0003-4819-154-3-201102010-01002,false,,,not_oa,0,
ART-1966,VC_fail,exa,Shonkoff,2011,pmid_eutils,10.1542/peds.2011-2663,false,,,not_oa,0,
ART-1967,VC_fail,exa,Verbalis,2007,crossref,10.1016/j.amjmed.2007.09.001,false,,,not_oa,0,
ART-1968,VC_fail,exa,Parish,2009,url,10.1002/phar.1209,false,,,not_oa,0,
ART-1969,VC_fail,exa,Simon,2009,crossref,10.1016/j.fertnstert.2009.07.1172,false,,,not_oa,0,
ART-1971,VC_fail,exa,Lieberthal,2013,crossref,10.1542/peds.2013-3791,true,publisher,https://pediatrics.aappublications.org/content/pediatrics/133/2/346.4.full.pdf,download_failed,0,
ART-1972,VC_fail,exa,Byington,2012,pmid_eutils,10.1542/peds.2012-0127,true,repository,,oa_no_pdf_url,0,
ART-1973,VC_fail,exa,Pantell,2012,pmid_eutils,10.1542/peds.2012-1178,false,,,not_oa,0,
ART-1977,VC_fail,exa,Mittal,2014,pmid_eutils,10.1542/peds.2013-2881,false,,,not_oa,0,
ART-1978,VC_fail,exa,Wald,2013,crossref,10.1542/peds.2013-1071,true,publisher,https://pediatrics.aappublications.org/content/pediatrics/132/1/e262.full.pdf,download_failed,0,
ART-1979,VC_fail,exa,Amsterdam,2014,url,10.1161/cir.0000000000000134,true,publisher,https://www.ahajournals.org/doi/pdf/10.1161/CIR.0000000000000134,download_failed,0,
ART-1983,VC_fail,exa,Ralston,2014,pmid_eutils,10.1542/peds.2014-2742,false,,,not_oa,0,
ART-1985,VC_fail,exa,Bonow,2008,url,10.1161/circulationaha.108.190748,true,publisher,https://www.ahajournals.org/doi/pdf/10.1161/CIRCULATIONAHA.108.190748,download_failed,0,
ART-1986,VC_fail,exa,Bonow,2008,url,10.1161/circulationaha.108.190748,true,publisher,https://www.ahajournals.org/doi/pdf/10.1161/CIRCULATIONAHA.108.190748,download_failed,0,
ART-1988,VC_fail,exa,Centre for Evidence-Based Medicine,2025,url,10.1093/ndt/gfaf168,true,publisher,https://academic.oup.com/ndt/advance-article-pdf/doi/10.1093/ndt/gfaf168/64103498/gfaf168.pdf,download_failed,0,
ART-1996,VC_fail,exa,Pyzocha N,2020,url,10.1016/j.wem.2019.10.002,true,publisher,http://www.wemjournal.org/article/S1080603219301735/pdf,download_failed,0,
ART-1998,VC_fail,exa,Ellis R,2014,crossref,10.1007/978-1-61779-403-2_45,false,,,not_oa,0,
ART-1999,VC_fail,exa,Ortiz DD,2023,crossref,10.1002/vms3.1242/v5/review1,false,,,not_oa,0,
ART-2002,VC_fail,exa,American,2017,crossref,10.1097/aog.0000000000002412,false,,,not_oa,0,
ART-2003,VC_fail,exa,American,2025,crossref,10.1097/nmc.0000000000001159,false,,,not_oa,0,
ART-2004,VC_fail,exa,American,2018,crossref,10.1097/aog.0000000000002631,false,,,not_oa,0,
ART-2007,VC_fail,exa,Armstrong,2020,url,10.1016/j.wem.2023.05.013,false,,,not_oa,0,
ART-2008,VC_fail,exa,Armstrong,2020,crossref,10.1001/jama.2019.22360,false,,,not_oa,0,
ART-2009,VC_fail,exa,Arnold,2020,pmid_eutils,10.4103/2452-2473.276384,true,publisher,,oa_no_pdf_url,0,
ART-2010,VC_fail,exa,Arnold,2021,crossref,10.1016/j.cpha.2021.05.004,false,,,not_oa,0,
ART-2011,VC_fail,exa,Arnold,2025,crossref,10.5435/jaaos-d-25-01408,false,,,not_oa,0,
ART-2014,VC_fail,exa,Arnold,2023,crossref,10.1891/9780826144485.0011c,false,,,not_oa,0,
ART-2018,VC_fail,exa,Both,2019,crossref,10.1016/j.jsxm.2019.08.005,true,repository,https://pure.amsterdamumc.nl/ws/files/156940714/Hormonal-contraception-and-female-sexuality.pdf,downloaded,515740,Both_2019#@#ART-2018@#@.pdf
ART-2019,VC_fail,exa,Brown,2017,crossref,10.1056/nejmra1603471,true,repository,https://kclpure.kcl.ac.uk/ws/files/74204468/Amyotrophic_Lateral_Sclerosis_BROWN_Published13July2017_GREEN_VoR.pdf,downloaded,6649068,Brown_2017#@#ART-2019@#@.pdf
ART-2023,VC_fail,exa,Charoensri,2024,crossref,10.1001/jamainternmed.2023.7389,true,repository,,oa_no_pdf_url,0,
ART-2029,VC_fail,exa,Committee,2014,pmid_eutils,10.1542/peds.2014-2299,false,,,not_oa,0,
ART-2030,VC_fail,exa,Cowan,2022,crossref,10.1001/jama.2022.0003,false,,,not_oa,0,
ART-2031,VC_fail,exa,Dalrymple,2023,crossref,10.46747/cfp.6909630,true,publisher,https://www.cfp.ca/content/cfp/69/9/630.full.pdf,downloaded,202103,Dalrymple_2023#@#ART-2031@#@.pdf
ART-2032,VC_fail,exa,Dictionary,2025,crossref,10.46747/cfp.7105360,true,publisher,https://www.cfp.ca/content/cfp/71/5/360.full.pdf,downloaded,94401,Dictionary_2025#@#ART-2032@#@.pdf
ART-2035,VC_fail,exa,Dornblaser,2024,crossref,10.1007/s12664-025-01838-9,true,publisher,https://link.springer.com/content/pdf/10.1007/s12664-025-01838-9.pdf,downloaded,3832147,Dornblaser_2024#@#ART-2035@#@.pdf
ART-2036,VC_fail,exa,Douglas,2022,none,,false,,,no_doi,0,
ART-2038,VC_fail,exa,Drugs,2023,crossref,10.58347/tml.2023.1667a,false,,,not_oa,0,
ART-2044,VC_fail,exa,FDA,2019,crossref,10.31525/fda2-ucm632761.htm,false,,,not_oa,0,
ART-2045,VC_fail,exa,Fang,2020,crossref,10.3988/jcn.2020.16.3.376,true,publisher,http://thejcn.com/Synapse/Data/PDFData/0145JCN/jcn-16-376.pdf,downloaded,401067,Fang_2020#@#ART-2045@#@.pdf
ART-2046,VC_fail,exa,Farahi,2021,crossref,10.46747/cfp.6705346,true,publisher,https://www.cfp.ca/content/cfp/67/5/346.full.pdf,downloaded,93105,Farahi_2021#@#ART-2046@#@.pdf
ART-2061,VC_fail,exa,Fitzgibbons,2015,url,10.1056/NEJMcp1404068,false,,,not_oa,0,
ART-2065,VC_fail,exa,Ford,2022,crossref,10.1017/9781108936972.006,false,,,not_oa,0,
ART-2073,VC_fail,exa,Goldschmidt,2021,crossref,10.46747/cfp.6704248,true,publisher,https://www.cfp.ca/content/cfp/67/4/248.full.pdf,downloaded,256671,Goldschmidt_2021#@#ART-2073@#@.pdf
ART-2076,VC_fail,exa,Heidelbaugh,2024,crossref,10.1111/nyas.15211/v1/review2,false,,,not_oa,0,
ART-2077,VC_fail,exa,Heidenreich,2022,url,10.1016/j.jacc.2021.12.011,false,,,not_oa,0,
ART-2078,VC_fail,exa,Henderson,2021,url,10.1001/jama.2021.8551~aspirin-use-to-prevent-preeclampsia-and-related-morbidity,false,,,not_oa,0,
ART-2079,VC_fail,exa,Hoh,2023,url,10.1161/STR.0000000000000436,true,publisher,https://www.ahajournals.org/doi/pdf/10.1161/STR.0000000000000436,download_failed,0,
ART-2083,VC_fail,exa,Husebye,2014,url,10.1111/joim.12162,true,publisher,https://onlinelibrary.wiley.com/doi/pdfdirect/10.1111/joim.12162,download_failed,0,
ART-2084,VC_fail,exa,Hwang,2020,crossref,10.7759/cureus.8812,true,publisher,https://www.cureus.com/articles/34492-ottawa-knee-rule-investigating-use-and-application-in-a-tertiary-teaching-hospital.pdf,downloaded,335506,Hwang_2020#@#ART-2084@#@.pdf
ART-2085,VC_fail,exa,Ingelfinger,2021,url,10.1056/NEJMra1604481,false,,,not_oa,0,
ART-2086,VC_fail,exa,Islam,2019,crossref,10.1016/s2213-8587(19)30189-5,false,,,not_oa,0,
ART-2088,VC_fail,exa,Kandiah,2022,url,10.2174/1573403X17666210909123930,true,repository,,oa_no_pdf_url,0,
ART-2089,VC_fail,exa,Khairani,2023,url,10.1016/j.jacc.2022.10.008,true,repository,https://repository.ubn.ru.nl//bitstream/handle/2066/290155/290155.pdf,downloaded,1625903,Khairani_2023#@#ART-2089@#@.pdf
ART-2093,VC_fail,exa,Kuba,2018,crossref,10.1097/bpo.0000000000001169,false,,,not_oa,0,
ART-2099,VC_fail,exa,Langan,2022,crossref,10.46747/cfp.6809681,true,publisher,https://www.cfp.ca/content/cfp/68/9/681.full.pdf,downloaded,195905,Langan_2022#@#ART-2099@#@.pdf
ART-2103,VC_fail,exa,Lawley,2022,none,,false,,,no_doi,0,
ART-2104,VC_fail,exa,Lee,2023,crossref,10.1001/jama.2023.19052,true,repository,https://pmc.ncbi.nlm.nih.gov/articles/PMC10873132/pdf/nihms-1958909.pdf,downloaded,427531,Lee_2023#@#ART-2104@#@.pdf
ART-2107,VC_fail,exa,Lin,2015,crossref,10.1016/j.ultrasmedbio.2015.07.004,false,,,not_oa,0,
ART-2108,VC_fail,exa,Liu,2021,url,10.1007/s00464-020-07947-0?error=cookies_not_supported&code=7b6f826f-9bdc-42d6-a551-e32e21de925e,false,,,not_oa,0,
ART-2110,VC_fail,exa,Lozano-Ortega,2020,url,10.1007/s40266-020-00792-9.pdf?error=cookies_not_supported&code=fa670cb9-ea84-4e92-94b9-3fd276d8d45f,false,,,not_oa,0,
ART-2111,VC_fail,exa,Lucas,2014,crossref,10.1093/cid/ciu617,true,publisher,https://academic.oup.com/cid/article-pdf/59/9/e96/34135364/ciu617.pdf,download_failed,0,
ART-2113,VC_fail,exa,Maguire,2021,crossref,10.1002/14651858.cd010682.pub3,false,,,not_oa,0,
ART-2115,VC_fail,exa,Mancini,2022,crossref,10.1016/j.cjca.2022.10.008,false,,,not_oa,0,
ART-2117,VC_fail,exa,Masiello,2023,crossref,10.1093/jac/dkad376,false,,,not_oa,0,
ART-2118,VC_fail,exa,Mattoo,2021,crossref,10.1542/peds.2020-012138,false,,,not_oa,0,
ART-2119,VC_fail,exa,May,2005,crossref,10.1016/s0140-6736(05)67217-0,false,,,not_oa,0,
ART-2120,VC_fail,exa,Mazzone,2022,pmid_eutils,10.1001/jama.2021.24287,false,,,not_oa,0,
ART-2123,VC_fail,exa,Mendelson,2021,crossref,10.1001/jama.2020.26867,false,,,not_oa,0,
ART-2128,VC_fail,exa,Mills,2023,crossref,10.1007/s13312-023-2941-y,false,,,not_oa,0,
ART-2131,VC_fail,exa,Murphy,2020,crossref,10.1001/jama.2020.10262,false,,,not_oa,0,
ART-2133,VC_fail,exa,Nelson,2021,crossref,10.1016/j.cpm.2020.12.001,false,,,not_oa,0,
ART-2136,VC_fail,exa,Nguyen,2010,url,10.1111/pde.14092,false,,,not_oa,0,
ART-2141,VC_fail,exa,O,2022,crossref,10.1353/pbm.2022.0034,false,,,not_oa,0,
ART-2142,VC_fail,exa,Page,2015,pmid_eutils,10.1016/j.hrthm.2015.09.018,true,publisher,http://www.heartrhythmjournal.com/article/S1547527115011881/pdf,download_failed,0,
ART-2143,VC_fail,exa,Patel,2016,crossref,10.1001/jamainternmed.2016.1509,true,publisher,https://jamanetwork.com/journals/jamainternalmedicine/articlepdf/2527389/ioi160022.pdf,download_failed,0,
ART-2144,VC_fail,exa,Pelletier,2023,crossref,10.1016/j.ajem.2023.02.024,false,,,not_oa,0,
ART-2146,VC_fail,exa,Powers,2022,crossref,10.3904/kjim.2022.168,true,publisher,https://www.kjim.org/upload/kjim-2022-168.pdf,downloaded,1153140,Powers_2022#@#ART-2146@#@.pdf
ART-2147,VC_fail,exa,Prostate-specific,2025,crossref,10.1097/ju.0000000000004546,false,,,not_oa,0,
ART-2148,VC_fail,exa,Pyzocha,2023,crossref,10.1097/jxx.0000000000000917,false,,,not_oa,0,
ART-2153,VC_fail,exa,Ray,2022,crossref,10.18773/austprescr.2022.004,true,publisher,https://www.nps.org.au/assets/AP/pdf/p15-Ray-Stark-Hutton-v2.pdf,download_failed,0,
ART-2155,VC_fail,exa,Reich,2019,crossref,10.1016/j.mcna.2018.10.014,false,,,not_oa,0,
ART-2157,VC_fail,exa,Rodriguez-Merchan,2021,crossref,10.1302/2058-5241.6.210031,true,publisher,https://eor.bioscientifica.com/downloadpdf/journals/eor/6/12/2058-5241.6.210031.pdf,downloaded,934043,RodriguezMerchan_2021#@#ART-2157@#@.pdf
ART-2160,VC_fail,exa,Saag,2021,url,10.1056/NEJMcp1915826?query=featured_infectious-disease,false,,,not_oa,0,
ART-2161,VC_fail,exa,Schaefer,2017,none,,false,,,no_doi,0,
ART-2162,VC_fail,exa,Schillie,2018,crossref,10.15585/mmwr.rr6701a1,true,publisher,https://www.cdc.gov/hepatitis/hbv/pdfs/prenatalhbsagtesting.pdf,download_failed,0,
ART-2165,VC_fail,exa,Seikaly,2021,crossref,10.1056/nejmcp2019344,false,,,not_oa,0,
ART-2166,VC_fail,exa,Semenya,2024,crossref,10.4088/pcc.23cr03594,false,,,not_oa,0,
ART-2167,VC_fail,exa,Sengupta,2023,crossref,10.14309/ajg.0000000000002505,false,,,not_oa,0,
ART-2174,VC_fail,exa,Shaughnessy,2021,crossref,10.7326/acpj202106150-067,false,,,not_oa,0,
ART-2176,VC_fail,exa,Silbernagel,2020,crossref,10.4085/1062-6050-356-19,true,publisher,https://meridian.allenpress.com/jat/article-pdf/55/5/438/2497915/1062-6050-356-19.pdf,download_failed,0,
ART-2179,VC_fail,exa,Smith,2020,crossref,10.1016/j.chest.2020.01.044,true,publisher,http://journal.chestnet.org/article/S0012369220303299/pdf,download_failed,0,
ART-2181,VC_fail,exa,Smith,2017,crossref,10.1002/14651858.cd000245.pub4,true,publisher,https://www.cochranelibrary.com/cdsr/doi/10.1002/14651858.CD000245.pub4/pdf/full,download_failed,0,
ART-2182,VC_fail,exa,Smith,2021,url,10.1111/nyas.14536,true,publisher,https://onlinelibrary.wiley.com/doi/pdfdirect/10.1111/nyas.14536,download_failed,0,
ART-2185,VC_fail,exa,Stevens,2012,crossref,10.1378/chest.12-2089,true,publisher,http://journal.chestnet.org/article/S0012369212607314/pdf,download_failed,0,
ART-2186,VC_fail,exa,Stevens,2012,crossref,10.1378/chest.12-2089,true,publisher,http://journal.chestnet.org/article/S0012369212607314/pdf,download_failed,0,
ART-2189,VC_fail,exa,Sullivan,2024,crossref,10.1053/j.gastro.2023.11.305,true,publisher,http://www.gastrojournal.org/article/S0016508524000441/pdf,download_failed,0,
ART-2190,VC_fail,exa,Sun,2023,none,,false,,,no_doi,0,
ART-2192,VC_fail,exa,Telli,2018,crossref,10.36076/ppj.2018.4.e367,true,publisher,https://doi.org/10.36076/ppj.2018.4.e367,downloaded,259568,Telli_2018#@#ART-2192@#@.pdf
ART-2194,VC_fail,exa,Thoomes,2023,url,10.1080/09638288.2022.2130448,true,repository,,oa_no_pdf_url,0,
ART-2195,VC_fail,exa,Treat-Jacobson,2019,url,10.1161/CIR.0000000000000623,true,publisher,https://www.ahajournals.org/doi/pdf/10.1161/CIR.0000000000000623,download_failed,0,
ART-2196,VC_fail,exa,Tritos,2023,crossref,10.1001/jama.2023.5444,false,,,not_oa,0,
ART-2209,VC_fail,exa,Werring,2024,crossref,10.1186/s13063-025-08761-6,true,publisher,https://trialsjournal.biomedcentral.com/counter/pdf/10.1186/s13063-025-08761-6,downloaded,868292,Werring_2024#@#ART-2209@#@.pdf
ART-2211,VC_fail,exa,Wilkinson,2022,crossref,10.1017/9781108989831.020,false,,,not_oa,0,
ART-2215,VC_fail,exa,Zhang,2022,crossref,10.1177/23259671211062222,true,publisher,https://journals.sagepub.com/doi/pdf/10.1177/23259671211062222,download_failed,0,
ART-2216,VC_fail,exa,Zoorob,2012,crossref,10.1186/isrctn73182671,false,,,not_oa,0,
ART-2218,VC_fail,exa,Zuberbier,2018,url,10.1111/all.13397,true,publisher,https://onlinelibrary.wiley.com/doi/pdfdirect/10.1111/all.13397,download_failed,0,
ART-1089,VC_fail,pmc,Rud,2019,pmc_eutils,10.1002/14651858.CD009977.pub2,true,publisher,https://www.cochranelibrary.com/cdsr/doi/10.1002/14651858.CD009977.pub2/pdf/full,download_failed,0,
ART-0949,VC_fail,pmc,Owen,2010,pmc_eutils,10.1097/JES.0b013e3181e373a2,true,repository,,oa_no_pdf_url,0,
ART-0640,VC_pass,pmc,Johnson,2014,none,,false,,,no_doi,0,
ART-0120,VC_fail,pmc,Bancos,2021,pmc_eutils,10.1210/clinem/dgab512,true,repository,,oa_no_pdf_url,0,
ART-1357,VC_fail,pmc,Wolfman,2020,pmc_eutils,10.3390/jcm14124051,true,publisher,https://www.mdpi.com/2077-0383/14/12/4051/pdf?version=1749353396,downloaded,197413,Wolfman_2020#@#ART-1357@#@.pdf
ART-0154,VC_fail,pmc,Bilezikian,2014,pmc_eutils,10.1210/jc.2014-1413,true,publisher,https://academic.oup.com/jcem/article-pdf/99/10/3561/9109315/jcem3561.pdf,download_failed,0,
ART-1915,VC_fail,pmc,Simren,2017,pmc_eutils,10.1007/s11894-017-0554-0,true,publisher,https://link.springer.com/content/pdf/10.1007%2Fs11894-017-0554-0.pdf,downloaded,304275,Simren_2017#@#ART-1915@#@.pdf
ART-1015,VC_fail,pmc,Pérez-Garza,2021,pmc_eutils,10.1007/s40257-021-00592-w,true,publisher,https://link.springer.com/content/pdf/10.1007/s40257-021-00592-w.pdf,download_failed,0,
ART-0628,VC_fail,pmc,Jacob,2006,pmc_eutils,10.14740/jocmr2219w,true,publisher,https://www.jocmr.org/index.php/JOCMR/article/download/2219/1209,downloaded,340429,Jacob_2006#@#ART-0628@#@.pdf
ART-1244,VC_fail,pmc,Troxel,2012,pmc_eutils,10.1080/15402002.2011.607200,false,,,not_oa,0,
ART-1954,VC_fail,pmc,Bocchetta,2006,pmc_eutils,10.1186/1745-0179-2-23,true,publisher,https://cpementalhealth.biomedcentral.com/counter/pdf/10.1186/1745-0179-2-23,downloaded,225528,Bocchetta_2006#@#ART-1954@#@.pdf
ART-0489,VC_fail,pmc,Giddings,2016,pmc_eutils,10.1007/s00284-020-02053-9,true,publisher,https://link.springer.com/content/pdf/10.1007/s00284-020-02053-9.pdf,downloaded,1024416,Giddings_2016#@#ART-0489@#@.pdf
ART-0887,VC_fail,pmc,Mohamed,2019,pmc_eutils,10.1155/2019/3585136,true,publisher,https://downloads.hindawi.com/journals/cjgh/2019/3585136.pdf,download_failed,0,
ART-0020,VC_fail,pmc,Achten,2019,pmc_eutils,10.1001/jamapediatrics.2019.2825,true,publisher,https://jamanetwork.com/journals/jamapediatrics/articlepdf/2748691/jamapediatrics_achten_2019_oi_190054.pdf,download_failed,0,
ART-1940,VC_fail,pmc,Islam,2016,pmc_eutils,10.1097/MD.0000000000002658,true,publisher,,oa_no_pdf_url,0,
ART-0462,VC_fail,pmc,Friedli,2020,pmc_eutils,10.3390/nu14142859,true,publisher,https://www.mdpi.com/2072-6643/14/14/2859/pdf?version=1657761979,downloaded,1381023,Friedli_2020#@#ART-0462@#@.pdf
ART-0466,VC_fail,pmc,Gaddey,2021,pmc_eutils,10.1016/j.jnha.2023.100035,true,publisher,,oa_no_pdf_url,0,
ART-1180,VC_fail,pmc,Sobol,2008,none,,false,,,no_doi,0,
ART-1675,VC_fail,pmc,Trnka,2013,pmc_eutils,10.4314/ahs.v13i1.26,true,publisher,https://www.ajol.info/index.php/ahs/article/download/87280/77849,downloaded,466999,Trnka_2013#@#ART-1675@#@.pdf
ART-1295,VC_fail,pmc,Viigimaa,2014,pmc_eutils,10.4330/wjc.v6.i9.908,true,publisher,https://www.wjgnet.com/1949-8462/full/v6/i9/908.htm,download_failed,0,
ART-1913,VC_fail,pmc,Division,2019,pmc_eutils,10.4274/jtgga.galenos.2018.2018.0139,true,publisher,https://doi.org/10.4274/jtgga.galenos.2018.2018.0139,download_failed,0,
ART-0344,VC_fail,pmc,Durfey,2017,pmc_eutils,10.5811/westjem.2017.6.33033,true,publisher,https://escholarship.org/content/qt7623h6zc/qt7623h6zc.pdf?t=ozen5m,downloaded,940795,Durfey_2017#@#ART-0344@#@.pdf
ART-0176,VC_fail,pmc,Brody,2017,pmc_eutils,10.1002/jhm.70106,true,publisher,https://onlinelibrary.wiley.com/doi/pdfdirect/10.1002/jhm.70106,download_failed,0,
ART-1286,VC_fail,pmc,Vargas,2020,pmc_eutils,10.3390/brainsci10020071,true,publisher,https://www.mdpi.com/2076-3425/10/2/71/pdf?version=1582103918,downloaded,319328,Vargas_2020#@#ART-1286@#@.pdf
ART-0084,VC_fail,pmc,Andrade-Castellanos,2014,pmc_eutils,10.1002/14651858.CD003462.pub3,true,publisher,https://www.cochranelibrary.com/cdsr/doi/10.1002/14651858.CD003462.pub3/pdf/full,download_failed,0,
ART-0199,VC_fail,pmc,Byrd,2018,none,,false,,,no_doi,0,
ART-1865,VC_fail,pmc,Lyon,2018,none,,false,,,no_doi,0,
ART-0732,VC_fail,pmc,Lancaster,2016,pmc_eutils,10.3390/jcm5110105,true,publisher,https://www.mdpi.com/2077-0383/5/11/105/pdf?version=1479776837,downloaded,225746,Lancaster_2016#@#ART-0732@#@.pdf
ART-0352,VC_pass,pmc,Ebell,2020,pmc_eutils,10.1370/afm.2582,true,publisher,https://www.annfammed.org/content/annalsfm/18/6/545.full.pdf,downloaded,1469039,Ebell_2020#@#ART-0352@#@.pdf
ART-1082,VC_fail,pmc,Rosenberg,2023,none,,false,,,no_doi,0,
ART-0877,VC_pass,pmc,Minhas,2022,pmc_eutils,10.1002/14651858.CD000029.pub4,true,repository,,oa_no_pdf_url,0,
ART-0215,VC_fail,pmc,Carter,2024,pmc_eutils,10.1186/s40621-026-00657-6,true,publisher,,oa_no_pdf_url,0,
ART-1934,VC_fail,pmc,Graber,2015,pmc_eutils,10.1310/hpj5011-1011,true,repository,,oa_no_pdf_url,0,
ART-0214,VC_fail,pmc,Carris,2019,pmc_eutils,10.1016/j.amjcard.2018.10.032,true,repository,,oa_no_pdf_url,0,
ART-0816,VC_fail,pmc,Markman,2015,pmc_eutils,10.1212/WNL.0000000000001168,true,publisher,https://n.neurology.org/content/neurology/84/3/265.full.pdf,download_failed,0,
ART-0677,VC_fail,pmc,Khan,2018,pmc_eutils,10.7573/dic.2020-11-2,true,publisher,https://www.drugsincontext.com/wp-content/uploads/2021/03/dic.2020-11-2.pdf,downloaded,419064,Khan_2018#@#ART-0677@#@.pdf
ART-0145,VC_fail,pmc,Bertoli,2020,pmc_eutils,10.52965/001c.24980,true,publisher,https://orthopedicreviews.openmedicalpublishing.org/article/24980.pdf,downloaded,240415,Bertoli_2020#@#ART-0145@#@.pdf
ART-0673,VC_fail,pmc,Kelley-Quon,2021,pmc_eutils,10.7759/cureus.49481,true,publisher,https://assets.cureus.com/uploads/review_article/pdf/204794/20231127-23270-1wx2s5u.pdf,downloaded,251543,KelleyQuon_2021#@#ART-0673@#@.pdf
ART-1659,VC_fail,pmc,Inzucchi,2014,pmc_eutils,10.1001/jama.2014.15298,false,,,not_oa,0,
ART-1280,VC_fail,pmc,Vaccine,2021,pmc_eutils,10.1111/cea.13880,true,publisher,https://onlinelibrary.wiley.com/doi/pdfdirect/10.1111/cea.13880,download_failed,0,
ART-0348,VC_fail,pmc,Dykstra,2019,pmc_eutils,10.3399/bjgp19X704957,true,publisher,https://bjgp.org/content/bjgp/69/685/409.full.pdf,downloaded,56805,Dykstra_2019#@#ART-0348@#@.pdf
ART-1673,VC_fail,pmc,Douketis,2012,pmc_eutils,10.1378/chest.11-2298,true,repository,,oa_no_pdf_url,0,
ART-0461,VC_fail,pmc,Frew,2019,pmc_eutils,10.1111/ced.13954,true,repository,,oa_no_pdf_url,0,
ART-0659,VC_fail,pmc,Kane,2020,pmc_eutils,10.1186/s41077-025-00375-x,true,publisher,https://advancesinsimulation.biomedcentral.com/counter/pdf/10.1186/s41077-025-00375-x,downloaded,1073625,Kane_2020#@#ART-0659@#@.pdf
ART-0311,VC_pass,pmc,Dieterich,2016,pmc_eutils,10.1007/s00415-015-7905-2,true,publisher,https://link.springer.com/content/pdf/10.1007/s00415-015-7905-2.pdf,downloaded,1001687,Dieterich_2016#@#ART-0311@#@.pdf
ART-1793,VC_pass,pmc,Hauk,2018,none,,false,,,no_doi,0,
ART-0557,VC_fail,pmc,Halliday,2019,pmc_eutils,10.1016/S0140-6736(18)32484-X,true,publisher,http://www.thelancet.com/article/S014067361832484X/pdf,download_failed,0,
ART-1789,VC_fail,pmc,Gordon,2016,pmc_eutils,10.1002/14651858.CD009118.pub3,true,publisher,https://www.cochranelibrary.com/cdsr/doi/10.1002/14651858.CD009118.pub3/pdf/full,download_failed,0,
ART-0917,VC_fail,pmc,Neef,2006,pmc_eutils,10.1128/JVI.80.3.1311-1320.2006,true,repository,,oa_no_pdf_url,0,
ART-1255,VC_pass,pmc,US Preventive Services Task Force. Final recommendation statement,2021,pmc_eutils,10.1001/jama.2020.20364,true,publisher,https://jamanetwork.com/journals/jama/articlepdf/2775704/jama_guirguisblake_2021_ld_200108_1612211430.54099.pdf,download_failed,0,
ART-1677,VC_fail,pmc,Wiener,2014,pmc_eutils,10.1378/chest.14-0670,true,publisher,http://journal.chestnet.org/article/S001236921534811X/pdf,download_failed,0,
ART-0893,VC_fail,pmc,Mori,2021,pmc_eutils,10.1038/s41598-021-98940-7,true,publisher,https://www.nature.com/articles/s41598-021-98940-7.pdf,downloaded,2481121,Mori_2021#@#ART-0893@#@.pdf
ART-1880,VC_fail,pmc,Gomez-Lobo,2016,pmc_eutils,10.1097/AOG.0000000000001672,true,repository,,oa_no_pdf_url,0,
ART-1348,VC_pass,pmc,Wilson,2014,pmc_eutils,10.1053/j.ackd.2013.07.001,true,publisher,http://www.ackdjournal.org/article/S1548559513000931/pdf,download_failed,0,
ART-1721,VC_fail,pmc,Perrine,2007,pmc_eutils,10.1186/s12884-024-06672-z,true,publisher,https://bmcpregnancychildbirth.biomedcentral.com/counter/pdf/10.1186/s12884-024-06672-z,downloaded,1503454,Perrine_2007#@#ART-1721@#@.pdf
ART-0879,VC_fail,pmc,Minozzi,2018,pmc_eutils,10.1002/14651858.CD012557.pub3,true,publisher,https://www.cochranelibrary.com/cdsr/doi/10.1002/14651858.CD012557.pub3/pdf/full,download_failed,0,
ART-1186,VC_fail,pmc,Sosa,2019,pmc_eutils,10.15585/mmwr.mm6819a3,true,publisher,https://www.cdc.gov/mmwr/volumes/68/wr/pdfs/mm6819a3-H.pdf,downloaded,177230,Sosa_2019#@#ART-1186@#@.pdf
ART-1862,VC_fail,pmc,Dellon,2018,pmc_eutils,10.1053/j.gastro.2018.07.009,true,repository,,oa_no_pdf_url,0,
ART-1102,VC_fail,pmc,Salminen,2015,pmc_eutils,10.1186/1471-2482-13-3,true,publisher,https://bmcsurg.biomedcentral.com/counter/pdf/10.1186/1471-2482-13-3,downloaded,290975,Salminen_2015#@#ART-1102@#@.pdf
ART-0179,VC_fail,pmc,Brozovich,2019,pmc_eutils,10.1097/GOX.0000000000002360,true,publisher,,oa_no_pdf_url,0,
ART-1211,VC_fail,pmc,Sundaram,2005,pmc_eutils,10.1002/14651858.CD001004.pub2,true,repository,https://pmc.ncbi.nlm.nih.gov/articles/PMC12989261/pdf/CD001004.pdf,download_failed,0,
ART-0814,VC_fail,pmc,Marcum,2016,pmc_eutils,10.1177/1060028016644466,true,repository,,oa_no_pdf_url,0,
ART-0475,VC_fail,pmc,Gardner,2018,pmc_eutils,10.1089/neu.2017.5371,false,,,not_oa,0,
ART-0552,VC_pass,pmc,Halabi,2020,pmc_eutils,10.1186/s12933-020-01100-w,true,publisher,https://cardiab.biomedcentral.com/track/pdf/10.1186/s12933-020-01100-w,downloaded,1019771,Halabi_2020#@#ART-0552@#@.pdf
ART-0536,VC_fail,pmc,Guichard,2013,pmc_eutils,10.2147/VHRM.S33759,true,publisher,https://www.dovepress.com/getfile.php?fileID=16510,download_failed,0,
ART-1831,VC_fail,pmc,You,2012,pmc_eutils,10.1378/chest.11-2304,true,publisher,http://journal.chestnet.org/article/S0012369212601317/pdf,download_failed,0,
ART-0527,VC_fail,pmc,Griffiths,2016,pmc_eutils,10.1002/14651858.CD011050.pub2,true,publisher,https://www.cochranelibrary.com/cdsr/doi/10.1002/14651858.CD011050.pub2/pdf/full,download_failed,0,
ART-0451,VC_fail,pmc,Frampton,2023,pmc_eutils,10.7759/cureus.71564,true,publisher,https://assets.cureus.com/uploads/original_article/pdf/289924/20241016-890630-uua1xg.pdf,downloaded,500515,Frampton_2023#@#ART-0451@#@.pdf
ART-1055,VC_fail,pmc,Resmark,2019,pmc_eutils,10.3390/jcm8020153,true,publisher,https://www.mdpi.com/2077-0383/8/2/153/pdf?version=1548925763,downloaded,325878,Resmark_2019#@#ART-1055@#@.pdf
ART-0674,VC_fail,pmc,Kent,2021,pmc_eutils,10.5664/jcsm.9592,true,publisher,https://jcsm.aasm.org/doi/pdf/10.5664/jcsm.9592,download_failed,0,
ART-1137,VC_fail,pmc,Sexually,2021,pmc_eutils,10.1093/infdis/jiab227,true,repository,,oa_no_pdf_url,0,
ART-1081,VC_fail,pmc,Rosen,2018,pmc_eutils,10.1097/MPG.0000000000001889,true,repository,https://pure.amsterdamumc.nl/files/158537672/Pediatric-gastroesophageal-reflux-clinical-practice-guidelines-joint-recommendations-of-the-north-american-society-for-.pdf,download_failed,0,
ART-0292,VC_fail,pmc,De,2016,pmc_eutils,10.1016/S0140-6736(16)00278-6,true,repository,,oa_no_pdf_url,0,
ART-1854,VC_fail,pmc,Bolzetta,2018,pmc_eutils,10.1016/j.exger.2017.11.007,true,repository,,oa_no_pdf_url,0,
ART-0233,VC_pass,pmc,Chen,2016,pmc_eutils,10.1002/14651858.CD004685.pub3,true,publisher,https://www.cochranelibrary.com/cdsr/doi/10.1002/14651858.CD004685.pub3/pdf/full,download_failed,0,
ART-1849,VC_fail,pmc,Lenferink,2017,pmc_eutils,10.1002/14651858.CD011682.pub2,true,publisher,https://www.cochranelibrary.com/cdsr/doi/10.1002/14651858.CD011682.pub2/pdf/full,download_failed,0,
ART-1993,VC_fail,pmc,Egan BM,2018,pmc_eutils,10.1161/HYPERTENSIONAHA.113.01448,true,publisher,https://www.ahajournals.org/doi/pdf/10.1161/HYPERTENSIONAHA.113.01448,download_failed,0,
ART-1549,VC_fail,pmc,Mercante,2015,pmc_eutils,10.1128/CMR.00029-14,true,publisher,https://cmr.asm.org/content/cmr/28/1/95.full.pdf,download_failed,0,
ART-0560,VC_fail,pmc,Hanna,2022,pmc_eutils,10.1093/ajh/hpac004,true,publisher,https://academic.oup.com/ajh/article-pdf/35/5/433/43630912/hpac004.pdf,download_failed,0,
ART-0856,VC_fail,pmc,Meinke,2017,pmc_eutils,10.1055/s-0037-1606323,false,,,not_oa,0,
ART-0117,VC_fail,pmc,Bal,2009,pmc_eutils,10.1007/s11999-008-0636-2,true,repository,,oa_no_pdf_url,0,
ART-2087,VC_fail,pmc,Ito,2018,pmc_eutils,10.1097/MED.0000000000000376,false,,,not_oa,0,
ART-0880,VC_fail,pmc,Mischoulon,2010,pmc_eutils,10.1111/j.1755-5949.2009.00082.x,true,publisher,https://onlinelibrary.wiley.com/doi/pdfdirect/10.1111/j.1755-5949.2009.00082.x,download_failed,0,
ART-0467,VC_fail,pmc,Gadomski,2014,pmc_eutils,10.1002/14651858.CD001266.pub4,true,publisher,https://www.cochranelibrary.com/cdsr/doi/10.1002/14651858.CD001266.pub4/pdf/full,download_failed,0,
ART-1833,VC_fail,pmc,Worcester,2010,pmc_eutils,10.1056/NEJMcp1001011,false,,,not_oa,0,
ART-1696,VC_fail,pmc,Yin,2016,pmc_eutils,10.1542/peds.2016-0357,true,publisher,https://pediatrics.aappublications.org/content/pediatrics/138/4/e20160357.full.pdf,download_failed,0,
ART-1218,VC_fail,pmc,Taithongchai,2023,pmc_eutils,10.1002/14651858.CD004010.pub4,true,publisher,https://www.cochranelibrary.com/cdsr/doi/10.1002/14651858.CD004010.pub4/pdf/full,download_failed,0,
ART-1944,VC_fail,pmc,Venekamp,2016,pmc_eutils,10.1002/14651858.CD011684.pub2,true,publisher,https://www.cochranelibrary.com/cdsr/doi/10.1002/14651858.CD011684.pub2/media/CDSR/CD011684/CD011684.pdf,download_failed,0,
ART-2205,VC_fail,pmc,Vaughan,2022,pmc_eutils,10.1001/jamadermatol.2024.3355,true,repository,,oa_no_pdf_url,0,
ART-1395,VC_fail,pmc,de,2015,pmc_eutils,10.5664/jcsm.4458,true,publisher,http://jcsm.aasm.org/Articles/jcsm.11.2.131.pdf,download_failed,0,
ART-0106,VC_pass,pmc,Bachoura,2017,pmc_eutils,10.1007/s12178-017-9395-6,true,publisher,https://link.springer.com/content/pdf/10.1007/s12178-017-9395-6.pdf,download_failed,0,
ART-0694,VC_fail,pmc,Klein,2019,none,,false,,,no_doi,0,
ART-1121,VC_fail,pmc,Schwenker,2023,pmc_eutils,10.1002/14651858.CD008063.pub3,true,repository,https://pmc.ncbi.nlm.nih.gov/articles/PMC10714668/pdf/CD008063.pdf,download_failed,0,
ART-0638,VC_fail,pmc,Jimenez,2015,none,,false,,,no_doi,0,
ART-0960,VC_fail,pmc,Parisi,2011,pmc_eutils,10.1212/WNL.0b013e318233b356,true,publisher,https://n.neurology.org/content/neurology/77/16/1538.full.pdf,download_failed,0,
ART-1701,VC_fail,pmc,Greenberger,2014,pmc_eutils,10.1016/j.jaip.2014.08.007,true,repository,,oa_no_pdf_url,0,
ART-0885,VC_fail,pmc,Mitchell,2015,pmc_eutils,10.1056/NEJMc1509349,false,,,not_oa,0,
ART-1859,VC_fail,pmc,McCartney,2016,pmc_eutils,10.1056/NEJMcp1514916,true,repository,,oa_no_pdf_url,0,
ART-1800,VC_fail,pmc,Travelers’,2017,pmc_eutils,10.1093/jtm/tax026,true,repository,,oa_no_pdf_url,0,
ART-1853,VC_fail,pmc,Walston,2018,pmc_eutils,10.1016/j.cger.2017.09.004,false,,,not_oa,0,
ART-0035,VC_pass,pmc,Alexopoulos,2019,pmc_eutils,10.1001/jama.2019.4981,true,repository,,oa_no_pdf_url,0,
ART-1059,VC_pass,pmc,Reveiz,2015,pmc_eutils,10.1002/14651858.CD004783.pub5,true,publisher,https://www.cochranelibrary.com/cdsr/doi/10.1002/14651858.CD004783.pub5/pdf/full,download_failed,0,
ART-2027,VC_fail,pmc,Claassen,2022,pmc_eutils,10.1016/S0140-6736(22)00938-2,true,repository,,oa_no_pdf_url,0,
ART-0712,VC_fail,pmc,Kranzler,2018,pmc_eutils,10.1001/jama.2018.11406,true,repository,,oa_no_pdf_url,0,
ART-1307,VC_fail,pmc,Walsh,2021,pmc_eutils,10.1002/14651858.CD011513.pub3,false,,,not_oa,0,
